tie_id,t,gibbs_e_mix_RT
1,-0.06093894542090656,1.2351749221720314e-7
1,-0.058040858390193795,-0.009279833817365777
1,-0.05514277135948103,-0.015131619904109318
1,-0.052244684328768255,-0.01971820822048919
1,-0.04934659729805549,-0.023499229906486962
1,-0.04644851026734273,-0.026692891217440885
1,-0.043550423236629957,-0.02942764462568031
1,-0.04065233620591718,-0.03178831139906544
1,-0.037754249175204424,-0.033835130260903554
1,-0.034856162144491665,-0.035613100821836066
1,-0.03195807511377889,-0.03715711577600697
1,-0.029059988083066122,-0.038495017759889526
1,-0.02616190105235336,-0.039649534900738796
1,-0.0232638140216406,-0.04063956655865961
1,-0.020365726990927827,-0.041481071088697134
1,-0.017467639960215053,-0.042187698669343
1,-0.014569552929502294,-0.04277125464065483
1,-0.011671465898789528,-0.04324204656849147
1,-0.008773378868076755,-0.04360914937455886
1,-0.005875291837363988,-0.04388061137474439
1,-0.002977204806651222,-0.04406361682655834
1,-7.911777593845593e-5,-0.04416461588986963
1,0.0028189692547743103,-0.04418942977995583
1,0.0057170562854870766,-0.044143336764185075
1,0.008615143316199843,-0.04403114317577441
1,0.011513230346912602,-0.043857242572101475
1,0.014411317377625375,-0.043625665412971006
1,0.01730940440833815,-0.04334012108488954
1,0.020207491439050908,-0.04300403369095844
1,0.023105578469763674,-0.04262057272121004
1,0.02600366550047644,-0.042192679487253484
1,0.028901752531189213,-0.041723090028021326
1,0.03179983956190198,-0.041214355056478066
1,0.03469792659261474,-0.04066885741009366
1,0.03759601362332751,-0.04008882738373278
1,0.040494100654040285,-0.0394763562566203
1,0.043392187684753045,-0.038833408271631065
1,0.04629027471546581,-0.038161831282031884
1,0.049188361746178584,-0.037463366245900895
1,0.05208644877689135,-0.036739655719943635
1,0.05498453580760412,-0.03599225148111456
1,0.05788262283831688,-0.03522262138511515
1,0.06078070986902965,-0.03443215555491301
1,0.06367879689974243,-0.03362217197906613
1,0.06657688393045519,-0.032793921588579224
1,0.06947497096116795,-0.03194859287149832
1,0.07237305799188071,-0.031087316076729522
1,0.0752711450225935,-0.030211167051676698
1,0.07816923205330624,-0.02932117075273223
1,0.08106731908401901,-0.028418304462672225
1,0.08396540611473177,-0.02750350074492162
1,0.08686349314544456,-0.026577650160979554
1,0.08976158017615732,-0.025641603774252005
1,0.09265966720687008,-0.024696175460837376
1,0.09555775423758284,-0.023742144045495538
1,0.09845584126829562,-0.02278025527896344
1,0.10135392829900838,-0.021811223671093158
1,0.10425201532972116,-0.02083573419264343
1,0.10715010236043392,-0.019854443857293617
1,0.11004818939114669,-0.01886798319417024
1,0.11294627642185945,-0.0178769576202144
1,0.11584436345257224,-0.016881948720688315
1,0.11874245048328498,-0.0158835154454032
1,0.12164053751399777,-0.014882195227429887
1,0.12453862454471051,-0.013878505030477287
1,0.1274367115754233,-0.012872942330483023
1,0.13033479860613606,-0.011865986036504409
1,0.13323288563684882,-0.010858097355507053
1,0.13613097266756158,-0.00984972060522463
1,0.13902905969827437,-0.008841283978912212
1,0.14192714672898712,-0.007833200265509082
1,0.1448252337596999,-0.006825867528356671
1,0.14772332079041267,-0.00581966974540955
1,0.15062140782112543,-0.004814977413631665
1,0.1535194948518382,-0.0038121481200045168
1,0.15641758188255098,-0.002811527081402204
1,0.1593156689132637,-0.0018134476554551944
1,0.1622137559439765,-0.0008182318242444316
1,0.16511184297468925,0.0001738093473446576
1,0.16800993000540204,0.001162375277040432
1,0.1709080170361148,0.0021471754528213788
1,0.17380610406682756,0.003127929041416602
1,0.17670419109754032,0.004104364516355472
1,0.1796022781282531,0.005076219304409993
1,0.18250036515896587,0.0060432394492753614
1,0.18539845218967865,0.007005179291497123
1,0.1882965392203914,0.007961801163683495
1,0.19119462625110414,0.008912875100099282
1,0.19409271328181693,0.009858178559832743
1,0.1969908003125297,0.0107974961627481
1,0.19988888734324245,0.011730619437522627
1,0.2027869743739552,0.012657346581081233
1,0.20568506140466797,0.0135774822288106
1,0.20858314843538076,0.014490837234973677
1,0.21148123546609354,0.015397228462750418
1,0.21437932249680633,0.01629647858343387
1,0.21727740952751903,0.017188415884268025
1,0.22017549655823182,0.018072874084474555
1,0.2230735835889446,0.018949692159079375
1,0.2259716706196574,0.019818714170119253
1,0.2288697576503701,0.020679789104839124
1,0.23176784468108289,0.0215327707205766
1,0.23466593171179567,0.022377517395958665
1,0.23756401874250846,0.023213891988134238
1,0.2404621057732212,0.02404176169572141
1,0.24336019280393395,0.024860997927223454
1,0.24625827983464674,0.025671476174636342
1,0.24915636686535952,0.026473075892006093
1,0.25205445389607223,0.027265680378708988
1,0.25495254092678504,0.028049176667236716
1,0.2578506279574978,0.028823455415280416
1,0.2607487149882106,0.029588410801915616
1,0.2636468020189233,0.030343940427706106
1,0.2665448890496361,0.031089945218550765
1,0.2694429760803489,0.03182632933312945
1,0.27234106311106165,0.03255300007374501
1,0.27523915014177436,0.033269867800463405
1,0.2781372371724872,0.03397684584839046
1,0.28103532420319993,0.034673850447933766
1,0.28393341123391275,0.035360800647972895
1,0.28683149826462545,0.036037618241758426
1,0.2897295852953382,0.03670422769547722
1,0.292627672326051,0.03736055607933705
1,0.2955257593567638,0.038006533001106485
1,0.29842384638747654,0.03864209054197163
1,0.3013219334181893,0.03926716319464802
1,0.30422002044890206,0.03988168780364201
1,0.3071181074796149,0.04048560350758932
1,0.3100161945103276,0.04107885168358904
1,0.3129142815410404,0.041661375893438025
1,0.31581236857175315,0.04223312183172221
1,0.3187104556024659,0.042794037275676246
1,0.3216085426331787,0.04334407203675439
1,0.32450662966389143,0.04388317791383434
1,0.32740471669460425,0.044411308648037245
1,0.33030280372531695,0.044928419879026314
1,0.3332008907560297,0.045434469102830125
1,0.3360989777867425,0.045929415631046404
1,0.3389970648174553,0.04641322055143778
1,0.34189515184816804,0.04688584668985389
1,0.3447932388788808,0.04734725857341696
1,0.34769132590959356,0.047797422394949225
1,0.3505894129403064,0.048236305978593935
1,0.3534874999710191,0.04866387874659129
1,0.35638558700173184,0.04908011168716278
1,0.35928367403244466,0.04948497732348541
1,0.3621817610631574,0.049878449683692
1,0.3650798480938702,0.050260504271913795
1,0.36797793512458293,0.05063111804025564
1,0.3708760221552957,0.0509902693617712
1,0.3737741091860085,0.05133793800431686
1,0.3766721962167212,0.051674105105321305
1,0.379570283247434,0.051998753147402946
1,0.3824683702781468,0.0523118659348472
1,0.38536645730885954,0.05261342857087189
1,0.3882645443395723,0.05290342743571265
1,0.39116263137028506,0.05318185016545359
1,0.3940607184009979,0.05344868563161639
1,0.39695880543171064,0.053703923921468506
1,0.3998568924624234,0.05394755631906193
1,0.40275497949313616,0.054179575286916595
1,0.4056530665238489,0.054399974448414094
1,0.40855115355456173,0.054608748570824206
1,0.41144924058527443,0.054805893548972556
1,0.4143473276159872,0.05499140638952994
1,0.4172454146467,0.05516528519589281
1,0.42014350167741277,0.055327529153677744
1,0.4230415887081255,0.055478138516778845
1,0.4259396757388383,0.05561711459397757
1,0.42883776276955105,0.05574445973613129
1,0.43173584980026386,0.055860177323865334
1,0.43463393683097656,0.05596427175583085
1,0.4375320238616894,0.056056748437444556
1,0.44043011089240214,0.056137613770146005
1,0.44332819792311484,0.05620687514115779
1,0.44622628495382766,0.056264540913723425
1,0.4491243719845404,0.05631062041781952
1,0.4520224590152532,0.056345123941343535
1,0.45492054604596593,0.05636806272175415
1,0.4578186330766787,0.05637944893816077
1,0.4607167201073915,0.056379295703873934
1,0.46361480713810427,0.05636761705938354
1,0.466512894168817,0.05634442796574327
1,0.4694109811995298,0.0563097442984323
1,0.4723090682302425,0.05626358284159178
1,0.47520715526095536,0.0562059612826881
1,0.47810524229166806,0.05613689820758813
1,0.4810033293223809,0.05605641309603686
1,0.48390141635309364,0.055964526317528206
1,0.48679950338380634,0.05586125912758164
1,0.4896975904145192,0.05574663366439246
1,0.4925956774452319,0.05562067294588367
1,0.4954937644759446,0.055483400867146926
1,0.4983918515066575,0.05533484219824521
1,0.5012899385373702,0.055175022582397586
1,0.5041880255680831,0.05500396853457816
1,0.5070861125987958,0.0548217074404258
1,0.5099841996295085,0.054628267555582685
1,0.5128822866602213,0.05442367800537516
1,0.5157803736909341,0.054207968784872405
1,0.5186784607216468,0.05398117075931312
1,0.5215765477523596,0.053743315664908815
1,0.5244746347830723,0.053494436110005955
1,0.5273727218137851,0.053234565576623954
1,0.530270808844498,0.05296373842235701
1,0.5331688958752108,0.052681989882657314
1,0.5360669829059235,0.05238935607346887
1,0.5389650699366363,0.0520858739942608
1,0.5418631569673489,0.05177158153140574
1,0.5447612439980618,0.05144651746195765
1,0.5476593310287745,0.051110721457788715
1,0.5505574180594873,0.0507642340901208
1,0.5534555050902,0.05040709683443548
1,0.5563535921209128,0.05003935207575707
1,0.5592516791516257,0.049661043114348366
1,0.5621497661823385,0.04927221417177523
1,0.5650478532130511,0.04887291039738737
1,0.5679459402437639,0.048463177875181285
1,0.5708440272744766,0.048043063631087006
1,0.5737421143051895,0.04761261564065449
1,0.5766402013359022,0.04717188283715339
1,0.579538288366615,0.04672091512010312
1,0.5824363753973277,0.046259763364226845
1,0.5853344624280405,0.04578847942883085
1,0.5882325494587533,0.04530711616763716
1,0.5911306364894661,0.04481572743905271
1,0.5940287235201788,0.04431436811691064
1,0.5969268105508916,0.043803094101642556
1,0.5998248975816043,0.04328196233196063
1,0.6027229846123172,0.04275103079698882
1,0.6056210716430299,0.04221035854890318
1,0.6085191586737426,0.04166000571605285
1,0.6114172457044553,0.04110003351662003
1,0.6143153327351681,0.04053050427276209
1,0.617213419765881,0.03995148142531578
1,0.6201115067965938,0.03936302954902321
1,0.6230095938273065,0.038765214368326396
1,0.6259076808580193,0.03815810277373031
1,0.628805767888732,0.03754176283873165
1,0.6317038549194447,0.03691626383735808
1,0.6346019419501575,0.03628167626231579
1,0.6375000289808703,0.03563807184375727
1,0.640398116011583,0.034985523568686776
1,0.6432962030422958,0.03432410570104255
1,0.6461942900730085,0.03365389380242726
1,0.6490923771037215,0.032974964753557046
1,0.6519904641344342,0.03228739677641048
1,0.6548885511651469,0.031591269457109425
1,0.6577866381958596,0.030886663769561274
1,0.6606847252265724,0.030173662099871466
1,0.6635828122572852,0.02945234827154884
1,0.666480899287998,0.02872280757154273
1,0.6693789863187107,0.027985126777125256
1,0.6722770733494235,0.027239394183629157
1,0.6751751603801363,0.02648569963310617
1,0.6780732474108491,0.02572413454389968
1,0.6809713344415618,0.024954791941177733
1,0.6838694214722746,0.02417776648844802
1,0.6867675085029873,0.02339315452009263
1,0.6896655955337001,0.022601054074963694
1,0.6925636825644129,0.021801564931056745
1,0.6954617695951257,0.020994788641309253
1,0.6983598566258383,0.02018082857055648
1,0.7012579436565511,0.01935978993370542
1,0.7041560306872638,0.018531779835129603
1,0.7070541177179768,0.01769690730937277
1,0.7099522047486895,0.016855283363157243
1,0.7128502917794023,0.01600702101881434
1,0.715748378810115,0.015152235359089956
1,0.7186464658408278,0.014291043573489587
1,0.7215445528715405,0.013423565006121437
1,0.7244426399022533,0.012549921205145979
1,0.727340726932966,0.011670235973884993
1,0.7302388139636788,0.010784635423645276
1,0.7331369009943915,0.00989324802832548
1,0.7360349880251045,0.008996204680881472
1,0.7389330750558172,0.008093638751701961
1,0.74183116208653,0.007185686149012372
1,0.7447292491172426,0.00627248538134331
1,0.7476273361479554,0.005354177622166296
1,0.7505254231786682,0.004430906776792435
1,0.753423510209381,0.0035028195516192463
1,0.7563215972400937,0.002570065525813649
1,0.7592196842708065,0.0016327972255526372
1,0.7621177713015193,0.0006911702009229143
1,0.7650158583322322,-0.0002546568944192376
1,0.7679139453629448,-0.001204522220690261
1,0.7708120323936576,-0.0021582606664015715
1,0.7737101194243703,-0.003115703759640225
1,0.7766082064550831,-0.004076679576055738
1,0.7795062934857959,-0.005041012643409194
1,0.7824043805165087,-0.006008523842522582
1,0.7853024675472214,-0.006979030304483803
1,0.7882005545779343,-0.007952345303894319
1,0.7910986416086468,-0.008928278148023931
1,0.7939967286393598,-0.009906634061642933
1,0.7968948156700725,-0.010887214067331848
1,0.7997929027007853,-0.011869814861064825
1,0.802690989731498,-0.012854228682811778
1,0.8055890767622108,-0.013840243181955982
1,0.8084871637929235,-0.014827641277205183
1,0.8113852508236364,-0.01581620101079366
1,0.814283337854349,-0.016805695396617627
1,0.8171814248850618,-0.017795892262041382
1,0.8200795119157746,-0.01878655408302498
1,0.8229775989464874,-0.019777437812213004
1,0.8258756859772002,-0.02076829469963875
1,0.828773773007913,-0.021758870105632426
1,0.8316718600386257,-0.02274890330548426
1,0.8345699470693385,-0.02373812728548955
1,0.8374680341000511,-0.024726268529788303
1,0.840366121130764,-0.025713046797590115
1,0.8432642081614767,-0.026698174890144585
1,0.8461622951921896,-0.027681358406963407
1,0.8490603822229023,-0.02866229549057971
1,0.8519584692536151,-0.029640676559231315
1,0.8548565562843279,-0.030616184026738845
1,0.8577546433150406,-0.0315884920087768
1,0.8606527303457533,-0.03255726601476933
1,0.8635508173764661,-0.03352216262444134
1,0.8664489044071788,-0.03448282914815942
1,0.8693469914378917,-0.035438903269967584
1,0.8722450784686044,-0.03639001267222751
1,0.8751431654993173,-0.03733577464068771
1,0.87804125253003,-0.03827579564868974
1,0.8809393395607427,-0.03920967091909123
1,0.8838374265914555,-0.04013698396243786
1,0.8867355136221683,-0.041057306089741445
1,0.889633600652881,-0.041970195898109644
1,0.8925316876835938,-0.04287519872729052
1,0.8954297747143065,-0.043771846085096745
1,0.8983278617450194,-0.044659655039419904
1,0.9012259487757321,-0.045538127574385516
1,0.9041240358064448,-0.04640674990800165
1,0.9070221228371576,-0.0472649917683251
1,0.9099202098678704,-0.04811230562502867
1,0.9128182968985832,-0.04894812587281523
1,0.915716383929296,-0.04977186796290626
1,0.9186144709600087,-0.05058292747838207
1,0.9215125579907215,-0.05138067914881927
1,0.9244106450214342,-0.05216447579908972
1,0.927308732052147,-0.05293364722683207
1,0.9302068190828597,-0.05368749900236011
1,0.9331049061135726,-0.05442531118427154
1,0.9360029931442853,-0.055146336943180406
1,0.9389010801749981,-0.055849801085245114
1,0.9417991672057109,-0.05653489846620897
1,0.9446972542364237,-0.057200792285612166
1,0.9475953412671363,-0.057846612249646115
1,0.9504934282978491,-0.058471452589794526
1,0.9533915153285618,-0.05907436992280156
1,0.9562896023592747,-0.05965438093579461
1,0.9591876893899874,-0.06021045987832195
1,0.9620857764207003,-0.060741535840774644
1,0.964983863451413,-0.06124648979596113
1,0.9678819504821258,-0.061724151377485284
1,0.9707800375128385,-0.06217329536502894
1,0.9736781245435513,-0.06259263784243843
1,0.976576211574264,-0.06298083198963508
1,0.9794742986049768,-0.06333646346365444
1,0.9823723856356895,-0.06365804531747547
1,0.9852704726664024,-0.06394401239728123
1,0.9881685596971151,-0.06419271514953721
1,0.991066646727828,-0.0644024127580282
1,0.9939647337585406,-0.06457126551778254
1,0.9968628207892535,-0.06469732633671607
1,0.9997609078199661,-0.06477853123667568
1,1.002658994850679,-0.06481268870212958
1,1.0055570818813915,-0.0647974676962551
1,1.0084551689121044,-0.06473038412932271
1,1.0113532559428173,-0.06460878552115454
1,1.01425134297353,-0.06442983354590609
1,1.0171494300042427,-0.06419048408062776
1,1.0200475170349554,-0.063887464294736
1,1.0229456040656684,-0.06351724621054129
1,1.0258436910963813,-0.06307601602806331
1,1.0287417781270938,-0.06255963833025198
1,1.0316398651578067,-0.061963614053778475
1,1.0345379521885192,-0.061283030805822675
1,1.037436039219232,-0.060512503700724314
1,1.040334126249945,-0.05964610434123626
1,1.0432322132806577,-0.05867727481672117
1,1.0461303003113704,-0.057598722545020735
1,1.0490283873420831,-0.05640229030654676
1,1.0519264743727958,-0.05507879369164959
1,1.0548245614035088,-0.05361781505705589
1,1.0577226484342215,-0.052007438390553135
1,1.0606207354649344,-0.05023390224142596
1,1.0635188224956469,-0.04828113637699902
1,1.0664169095263598,-0.04613012894872363
1,1.0693149965570727,-0.04375803872465473
1,1.0722130835877854,-0.041136909341897634
1,1.0751111706184981,-0.03823173375264274
1,1.0780092576492109,-0.034997397359752026
1,1.0809073446799236,-0.03137354581500404
1,1.0838054317106365,-0.027275241581535884
1,1.0867035187413492,-0.022573915268236985
1,1.089601605772062,-0.017051243045444836
1,1.0924996928027746,-0.010247475537559607
1,1.0953977798334875,4.796359614781467e-7
2,-0.06400000000000002,-0.007723245745759453
2,-0.06104363615574809,-0.01416271667648494
2,-0.05808727231149617,-0.01914209480114271
2,-0.055130908467244236,-0.023246787621466328
2,-0.05217454462299231,-0.026728029513652406
2,-0.049218180778740385,-0.02972830814545828
2,-0.04626181693448846,-0.032339728366278846
2,-0.04330545309023654,-0.034626792182402125
2,-0.04034908924598461,-0.03663720658104106
2,-0.03739272540173269,-0.038407688338498204
2,-0.03443636155748076,-0.03996736557833239
2,-0.03147999771322883,-0.04133990494275163
2,-0.02852363386897691,-0.04254491079805897
2,-0.02556727002472499,-0.04359888365984285
2,-0.022610906180473067,-0.04451589888920719
2,-0.01965454233622113,-0.04530810085153056
2,-0.01669817849196921,-0.04598607130758988
2,-0.013741814647717288,-0.0465591096782822
2,-0.010785450803465359,-0.047035450061596935
2,-0.007829086959213437,-0.04742243189882885
2,-0.004872723114961508,-0.04772663604230452
2,-0.0019163592707095861,-0.047953994572479876
2,0.0010400045735423427,-0.04810988040555046
2,0.0039963684177942715,-0.0481991811372879
2,0.0069527322620461865,-0.048226360444398986
2,0.009909096106298108,-0.0481955095586093
2,0.012865459950550037,-0.04811039074219503
2,0.015821823794801966,-0.04797447426064202
2,0.018778187639053888,-0.047790970024617775
2,0.021734551483305817,-0.04756285482855565
2,0.024690915327557746,-0.04729289592612419
2,0.027647279171809674,-0.046983671538327075
2,0.030603643016061596,-0.04663758877735388
2,0.03356000686031352,-0.046256899380746036
2,0.03651637070456545,-0.045843713580326066
2,0.03947273454881737,-0.0454000123742737
2,0.04242909839306929,-0.044927658425675254
2,0.04538546223732121,-0.044428405774426076
2,0.04834182608157314,-0.043903908519680714
2,0.05129818992582507,-0.043355728605618246
2,0.054254553770077,-0.04278534282337825
2,0.05721091761432892,-0.042194149125266846
2,0.06016728145858085,-0.04158347233365863
2,0.06312364530283278,-0.040954569315314014
2,0.0660800091470847,-0.04030863368226227
2,0.06903637299133661,-0.03964680007209141
2,0.07199273683558854,-0.03897014805365459
2,0.07494910067984048,-0.03827970569822319
2,0.07790546452409239,-0.03757645285109286
2,0.08086182836834432,-0.03686132413443081
2,0.08381819221259623,-0.036135211708293875
2,0.08677455605684817,-0.03539896781369785
2,0.08973091990110009,-0.034653407118761685
2,0.09268728374535201,-0.03389930888660478
2,0.09564364758960395,-0.033137418981565275
2,0.09860001143385587,-0.032368451728531866
2,0.10155637527810779,-0.03159309163851269
2,0.10451273912235973,-0.030811995012279974
2,0.10746910296661166,-0.030025791432598134
2,0.1104254668108636,-0.029235085154549853
2,0.1133818306551155,-0.028440456402481336
2,0.11633819449936743,-0.027642462581226414
2,0.11929455834361935,-0.026841639408594593
2,0.12225092218787129,-0.02603850197534785
2,0.12520728603212322,-0.025233545738397978
2,0.12816364987637513,-0.02442724745234605
2,0.13112001372062704,-0.02362006604407313
2,0.13407637756487897,-0.022812443434646234
2,0.1370327414091309,-0.022004805312408053
2,0.13998910525338282,-0.02119756186084099
2,0.14294546909763475,-0.020391108444391664
2,0.1459018329418867,-0.01958582625528637
2,0.1488581967861386,-0.018782082924007303
2,0.1518145606303905,-0.017980233095963322
2,0.15477092447464244,-0.017180618976611408
2,0.15772728831889438,-0.01638357084718223
2,0.16068365216314628,-0.015589407552908711
2,0.16364001600739822,-0.01479843696556501
2,0.16659637985165016,-0.014010956421993586
2,0.1695527436959021,-0.01322725314009733
2,0.17250910754015403,-0.012447604613738816
2,0.17546547138440594,-0.01167227898785212
2,0.17842183522865787,-0.010901535414973164
2,0.1813781990729098,-0.010135624394304776
2,0.18433456291716172,-0.009374788094369315
2,0.18729092676141362,-0.008619260660204457
2,0.19024729060566556,-0.007869268506038642
2,0.1932036544499175,-0.007125030594202546
2,0.1961600182941694,-0.00638675870117614
2,0.19911638213842134,-0.005654657671388939
2,0.20207274598267327,-0.004928925659505574
2,0.20502910982692518,-0.004209754361858709
2,0.2079854736711771,-0.003497329237531187
2,0.21094183751542903,-0.002791829719756907
2,0.21389820135968096,-0.0020934294180563313
2,0.21685456520393287,-0.0014022963116712276
2,0.2198109290481848,-0.0007185929346808282
2,0.22276729289243674,-4.2476553319711906e-5
2,0.22572365673668865,0.0006259006641954204
2,0.22868002058094059,0.001286391484905209
2,0.2316363844251925,0.0019388534550513457
2,0.23459274826944443,0.0025831487504176234
2,0.23754911211369634,0.0032191440327527174
2,0.24050547595794827,0.0038467103119484386
2,0.2434618398022002,0.0044657228137415005
2,0.24641820364645212,0.005076060852646813
2,0.24937456749070405,0.005677607709876437
2,0.252330931334956,0.006270250516017613
2,0.2552872951792079,0.0068538801382711815
2,0.2582436590234598,0.007428391071988734
2,0.2612000228677117,0.007993681336365695
2,0.2641563867119637,0.008549652374084483
2,0.2671127505562156,0.009096208954718263
2,0.27006911440046755,0.00963325908174605
2,0.2730254782447195,0.010160713903027661
2,0.2759818420889714,0.010678487624568054
2,0.2789382059332233,0.011186497427442823
2,0.2818945697774753,0.011684663387749952
2,0.2848509336217272,0.012172908399459377
2,0.2878072974659791,0.01265115810003486
2,0.290763661310231,0.013119340798727881
2,0.293720025154483,0.013577387407413908
2,0.2966763889987349,0.014025231373881224
2,0.2996327528429868,0.014462808617477483
2,0.30258911668723876,0.014890057467005086
2,0.30554548053149067,0.015306918600789277
2,0.3085018443757426,0.015713334988835072
2,0.3114582082199945,0.016109251836972715
2,0.31441457206424644,0.01649461653294351
2,0.31737093590849835,0.016869378594333594
2,0.32032729975275026,0.017233489618310092
2,0.3232836635970022,0.01758690323301294
2,0.32624002744125413,0.017929575050684238
2,0.32919639128550604,0.018261462622333503
2,0.33215275512975795,0.01858252539395234
2,0.3351091189740099,0.01889272466421767
2,0.3380654828182618,0.01919202354360665
2,0.34102184666251373,0.01948038691491279
2,0.3439782105067657,0.01975778139506364
2,0.3469345743510176,0.02002417529824262
2,0.3498909381952695,0.0202795386002435
2,0.3528473020395214,0.020523842904016983
2,0.3558036658837734,0.020757061406396625
2,0.3587600297280253,0.020979168865900788
2,0.3617163935722772,0.021190141571674544
2,0.36467275741652916,0.021389957313433135
2,0.36762912126078107,0.02157859535243984
2,0.370585485105033,0.021756036393469628
2,0.3735418489492849,0.02192226255770658
2,0.37649821279353685,0.02207725735658528
2,0.37945457663778875,0.022221005666511147
2,0.38241094048204066,0.022353493704444508
2,0.3853673043262926,0.02247470900435241
2,0.38832366817054453,0.02258464039444704
2,0.39128003201479644,0.02268327797521733
2,0.39423639585904835,0.02277061309826818
2,0.3971927597033003,0.022846638345856575
2,0.4001491235475522,0.022911347511200348
2,0.4031054873918042,0.022964735579458176
2,0.40606185123605615,0.02300679870943319
2,0.40901821508030806,0.023037534215917563
2,0.41197457892455996,0.0230569405526956
2,0.41493094276881193,0.02306501729621527
2,0.41788730661306384,0.02306176512982773
2,0.42084367045731574,0.02304718582867794
2,0.42380003430156765,0.02302128224515001
2,0.4267563981458196,0.02298405829492287
2,0.4297127619900715,0.022935518943558112
2,0.43266912583432343,0.02287567019365485
2,0.4356254896785754,0.022804519072543147
2,0.4385818535228273,0.022722073620496813
2,0.4415382173670792,0.02262834287946076
2,0.4444945812113311,0.022523336882290537
2,0.4474509450555831,0.02240706664248177
2,0.450407308899835,0.022279544144377637
2,0.4533636727440869,0.022140782333867425
2,0.45632003658833886,0.021990795109525164
2,0.45927640043259077,0.021829597314248713
2,0.4622327642768427,0.02165720472729925
2,0.4651891281210946,0.021473634056817563
2,0.46814549196534655,0.02127890293277633
2,0.47110185580959846,0.021073029900331042
2,0.47405821965385037,0.02085603441362303
2,0.47701458349810233,0.020627936830008818
2,0.47997094734235424,0.020388758404647125
2,0.48292731118660615,0.020138521285546766
2,0.48588367503085805,0.019877248508994617
2,0.48884003887511,0.019604963995376635
2,0.4917964027193619,0.019321692545394762
2,0.49475276656361383,0.019027459836666618
2,0.4977091304078658,0.018722292420727257
2,0.5006654942521177,0.018406217720381354
2,0.5036218580963696,0.018079264027472338
2,0.5065782219406215,0.017741460500986846
2,0.5095345857848734,0.017392837165564428
2,0.5124909496291254,0.017033424910358728
2,0.5154473134733774,0.016663255488281303
2,0.5184036773176293,0.016282361515595905
2,0.5213600411618812,0.015890776471904376
2,0.5243164050061331,0.015488534700470003
2,0.527272768850385,0.015075671408922381
2,0.530229132694637,0.014652222670324505
2,0.5331854965388889,0.014218225424612214
2,0.5361418603831409,0.013773717480374094
2,0.5390982242273927,0.013318737517016972
2,0.5420545880716447,0.012853325087297323
2,0.5450109519158965,0.01237752062020214
2,0.5479673157601486,0.011891365424226408
2,0.5509236796044004,0.011394901690982638
2,0.5538800434486525,0.010888172499219823
2,0.5568364072929043,0.010371221819192096
2,0.5597927711371563,0.009844094517405276
2,0.5627491349814081,0.009306836361763899
2,0.5657054988256601,0.008759494027071102
2,0.5686618626699119,0.00820211510091826
2,0.5716182265141639,0.0076347480900060384
2,0.5745745903584158,0.007057442426783798
2,0.5775309542026679,0.006470248476566467
2,0.5804873180469197,0.005873217544983582
2,0.5834436818911717,0.005266401885890713
2,0.5864000457354235,0.004649854709657351
2,0.5893564095796755,0.004023630191891032
2,0.5923127734239273,0.0033877834825728633
2,0.5952691372681794,0.002742370715642395
2,0.5982255011124312,0.00208744901900471
2,0.6011818649566832,0.001423076524981337
2,0.6041382288009352,0.0007493123812247035
2,0.6070945926451871,6.621676208149351e-5
2,0.610050956489439,-0.0006261491195653476
2,0.6130073203336909,-0.0013277229999847976
2,0.6159636841779429,-0.0020384415517975788
2,0.6189200480221948,-0.002758240370677884
2,0.6218764118664467,-0.003487053961552247
2,0.6248327757106986,-0.004224815724261028
2,0.6277891395549505,-0.004971457938744873
2,0.6307455033992024,-0.005726911749610221
2,0.6337018672434543,-0.0064911071502157785
2,0.6366582310877064,-0.0072639729661607534
2,0.6396145949319583,-0.008045436838185729
2,0.6425709587762102,-0.008835425204499297
2,0.6455273226204621,-0.009633863282492272
2,0.648483686464714,-0.010440675049825874
2,0.6514400503089659,-0.011255783224878947
2,0.6543964141532178,-0.0120791092465381
2,0.6573527779974698,-0.01291057325333216
2,0.6603091418417217,-0.013750094061852217
2,0.6632655056859736,-0.01459758914447369
2,0.6662218695302256,-0.015452974606343182
2,0.6691782333744775,-0.016316165161614448
2,0.6721345972187294,-0.017187074108926278
2,0.6750909610629813,-0.018065613306051193
2,0.6780473249072333,-0.01895169314376905
2,0.6810036887514852,-0.019845222518856082
2,0.6839600525957371,-0.02074610880622637
2,0.686916416439989,-0.021654257830190732
2,0.6898727802842409,-0.02256957383474416
2,0.6928291441284928,-0.023491959452955055
2,0.6957855079727449,-0.024421315675330603
2,0.6987418718169968,-0.025357541817181882
2,0.7016982356612487,-0.026300535484955912
2,0.7046545995055006,-0.02725019254142967
2,0.7076109633497525,-0.02820640706985233
2,0.7105673271940044,-0.029169071336883894
2,0.7135236910382563,-0.030138075754335872
2,0.7164800548825082,-0.031113308839702668
2,0.7194364187267603,-0.03209465717536836
2,0.7223927825710121,-0.03308200536651393
2,0.7253491464152642,-0.03407523599764271
2,0.728305510259516,-0.03507422958765761
2,0.731261874103768,-0.03607886454349141
2,0.7342182379480198,-0.037089017112174806
2,0.7371746017922719,-0.03810456133132728
2,0.7401309656365237,-0.039125368977994526
2,0.7430873294807757,-0.04015130951577162
2,0.7460436933250275,-0.04118225004014016
2,0.7490000571692795,-0.042218055221960614
2,0.7519564210135313,-0.04325858724904103
2,0.7549127848577833,-0.04430370576571269
2,0.7578691487020353,-0.045353267810314575
2,0.7608255125462873,-0.04640712775052489
2,0.7637818763905391,-0.047465137216441425
2,0.7667382402347911,-0.04852714503131033
2,0.7696946040790429,-0.04959299713982549
2,0.7726509679232949,-0.05066253653387148
2,0.7756073317675467,-0.05173560317562463
2,0.7785636956117988,-0.052812033917889196
2,0.7815200594560506,-0.05389166242152621
2,0.7844764233003026,-0.054974319069909176
2,0.7874327871445544,-0.05605983088020662
2,0.7903891509888065,-0.05714802141138822
2,0.7933455148330583,-0.05823871066880147
2,0.7963018786773103,-0.05933171500516234
2,0.7992582425215622,-0.06042684701779114
2,0.8022146063658142,-0.06152391544191406
2,0.805170970210066,-0.06262272503987648
2,0.808127334054318,-0.06372307648602385
2,0.8110836978985698,-0.06482476624710082
2,0.8140400617428218,-0.0659275864579055
2,0.8169964255870736,-0.06703132479198347
2,0.8199527894313258,-0.06813576432714168
2,0.8229091532755776,-0.06924068340546913
2,0.8258655171198296,-0.07034585548766453
2,0.8288218809640814,-0.0714510490012894
2,0.8317782448083334,-0.07255602718273535
2,0.8347346086525852,-0.07366054791247999
2,0.8376909724968372,-0.07476436354336284
2,0.8406473363410891,-0.07586722072146843
2,0.8436037001853411,-0.07696886019920933
2,0.8465600640295929,-0.07806901664022749
2,0.849516427873845,-0.07916741841563749
2,0.8524727917180968,-0.08026378739112318
2,0.8554291555623488,-0.08135783870441379
2,0.8583855194066006,-0.08244928053254474
2,0.8613418832508527,-0.08353781384835011
2,0.8642982470951045,-0.08462313216557223
2,0.8672546109393565,-0.08570492127185919
2,0.8702109747836084,-0.08678285894901458
2,0.8731673386278603,-0.08785661467966209
2,0.8761237024721122,-0.08892584933953815
2,0.8790800663163642,-0.08999021487450254
2,0.8820364301606162,-0.0910493539613379
2,0.8849927940048681,-0.09210289965128979
2,0.88794915784912,-0.09315047499524193
2,0.8909055216933719,-0.09419169264936739
2,0.8938618855376238,-0.09522615445991198
2,0.8968182493818757,-0.09625345102580957
2,0.8997746132261276,-0.09727316123750217
2,0.9027309770703796,-0.09828485179049684
2,0.9056873409146315,-0.09928807667174751
2,0.9086437047588835,-0.10028237661706449
2,0.9116000686031354,-0.1012672785374189
2,0.9145564324473873,-0.10224229491192491
2,0.9175127962916392,-0.10320692314502015
2,0.9204691601358911,-0.10416064488518845
2,0.9234255239801431,-0.10510292530231695
2,0.926381887824395,-0.1060332123204948
2,0.9293382516686469,-0.10695093580277554
2,0.9322946155128988,-0.10785550668408812
2,0.9352509793571507,-0.10874631604812467
2,0.9382073432014026,-0.10962273414360156
2,0.9411637070456546,-0.11048410933484835
2,0.9441200708899066,-0.11132976698114652
2,0.9470764347341585,-0.1121590082386942
2,0.9500327985784104,-0.11297110877839385
2,0.9529891624226623,-0.1137653174119457
2,0.9559455262669142,-0.11454085461792153
2,0.9589018901111661,-0.11529691095852897
2,0.9618582539554181,-0.116032645376794
2,0.96481461779967,-0.11674718336262697
2,0.967770981643922,-0.11743961497489251
2,0.9707273454881739,-0.11810899270515678
2,0.9736837093324258,-0.11875432916687612
2,0.9766400731766777,-0.11937459459184852
2,0.9795964370209296,-0.11996871411346854
2,0.9825528008651815,-0.12053556481353658
2,0.9855091647094336,-0.12107397250637138
2,0.9884655285536854,-0.12158270823035962
2,0.9914218923979374,-0.12206048441290498
2,0.9943782562421892,-0.1225059506698754
2,0.9973346200864412,-0.12291768919493216
2,1.000290983930693,-0.12329420968747506
2,1.003247347774945,-0.12363394376002412
2,1.0062037116191969,-0.12393523875643402
2,1.0091600754634489,-0.12419635090134826
2,1.0121164393077007,-0.12441543768790266
2,1.015072803151953,-0.12459054939477573
2,1.0180291669962047,-0.12471961960444983
2,1.0209855308404567,-0.12480045457124027
2,1.0239418946847085,-0.12483072125915858
2,1.0268982585289606,-0.12480793383492263
2,1.0298546223732123,-0.12472943835833117
2,1.0328109862174644,-0.12459239535885773
2,1.0357673500617162,-0.12439375992061205
2,1.0387237139059682,-0.12413025881359738
2,1.04168007775022,-0.12379836410255
2,1.044636441594472,-0.12339426252778668
2,1.0475928054387238,-0.12291381977588595
2,1.0505491692829758,-0.12235253852734829
2,1.0535055331272276,-0.12170550886429611
2,1.0564618969714799,-0.12096734921548469
2,1.0594182608157316,-0.12013213546756905
2,1.0623746246599837,-0.11919331512090992
2,1.0653309885042355,-0.11814360232415008
2,1.0682873523484875,-0.11697484814655427
2,1.0712437161927393,-0.1156778783234692
2,1.0742000800369913,-0.11424228759065456
2,1.077156443881243,-0.11265617503537165
2,1.0801128077254951,-0.11090579766364927
2,1.083069171569747,-0.10897510790716865
2,1.086025535413999,-0.1068451219509103
2,1.0889818992582507,-0.10449303359540402
2,1.0919382631025027,-0.101890930869899
2,1.0948946269467545,-0.0990038640326734
2,1.0978509907910068,-0.09578679432071008
2,1.1008073546352586,-0.09217947117466158
2,1.1037637184795106,-0.08809710596517233
2,1.1067200823237624,-0.08341135832381345
2,1.1096764461680144,-0.07790429830608415
2,1.1126328100122662,-0.07111701400495558
2,1.1155891738565182,-0.060890381099604575
3,-0.06715876089060988,-0.0031554970477031996
3,-0.06418083922940929,-0.01247796514428876
3,-0.061202917568208684,-0.01843353161094157
3,-0.058224995907008095,-0.023145959874599577
3,-0.0552470742458075,-0.027066631406585606
3,-0.05226915258460691,-0.030409881399294212
3,-0.04929123092340631,-0.033301913432839426
3,-0.04631330926220571,-0.03582608466731759
3,-0.043335387601005124,-0.03804160921640155
3,-0.040357465939804535,-0.03999273259848271
3,-0.03737954427860393,-0.04171377138691854
3,-0.034401622617403343,-0.04323211514466575
3,-0.031423700956202755,-0.04457012734277326
3,-0.02844577929500216,-0.04574640820953903
3,-0.025467857633801556,-0.04677666677073657
3,-0.022489935972600968,-0.04767434253687001
3,-0.01951201431140038,-0.04845106073564375
3,-0.01653409265019979,-0.049116973345571
3,-0.01355617098899918,-0.049681019651807094
3,-0.010578249327798592,-0.05015112875620351
3,-0.007600327666598003,-0.0505343793626475
3,-0.004622406005397414,-0.05083712754706059
3,-0.0016444843441968116,-0.05106511015234622
3,0.0013334373170037772,-0.05122352935933849
3,0.004311358978204366,-0.05131712253320595
3,0.007289280639404955,-0.05135022041775004
3,0.010267202300605571,-0.051326796011235215
3,0.01324512396180616,-0.05125050591787681
3,0.016223045623006756,-0.05112472556986694
3,0.019200967284207344,-0.050952579415453586
3,0.02217888894540794,-0.05073696694168764
3,0.025156810606608536,-0.050480585226485616
3,0.028134732267809125,-0.05018594858012729
3,0.031112653929009713,-0.049855405731152345
3,0.03409057559021031,-0.049491154928877915
3,0.037068497251410905,-0.049095257268941705
3,0.04004641891261151,-0.04866964849585946
3,0.043024340573812096,-0.04821614949406463
3,0.04600226223501269,-0.04773647564474529
3,0.04898018389621329,-0.047232245197650166
3,0.051958105557413876,-0.04670498678420704
3,0.054936027218614465,-0.04615614617922309
3,0.05791394887981506,-0.04558709240282829
3,0.06089187054101566,-0.04499912324115197
3,0.06386979220221625,-0.0443934702533625
3,0.06684771386341684,-0.04377130332334601
3,0.06982563552461743,-0.043133734806653376
3,0.07280355718581802,-0.04248182331671849
3,0.07578147884701861,-0.041816577188612404
3,0.0787594005082192,-0.04113895765401896
3,0.0817373221694198,-0.04044988175680962
3,0.08471524383062043,-0.03975022503518216
3,0.08769316549182102,-0.03904082399323977
3,0.0906710871530216,-0.03832247838221575
3,0.0936490088142222,-0.0375959533093246
3,0.0966269304754228,-0.036861981190181664
3,0.09960485213662339,-0.036121263558997814
3,0.10258277379782398,-0.03537447274924551
3,0.10556069545902458,-0.03462225345616451
3,0.10853861712022517,-0.03386522419123994
3,0.11151653878142576,-0.033103978637892856
3,0.11449446044262634,-0.03233908691650378
3,0.11747238210382693,-0.03157109676627574
3,0.12045030376502754,-0.030800534650598742
3,0.12342822542622812,-0.030027906792017
3,0.1264061470874287,-0.029253700142233316
3,0.12938406874862932,-0.028478383292231277
3,0.1323619904098299,-0.027702407326966966
3,0.1353399120710305,-0.026926206628834253
3,0.13831783373223108,-0.026150199633589902
3,0.14129575539343167,-0.025374789542267316
3,0.1442736770546323,-0.02460036499215374
3,0.14725159871583288,-0.02382730068974379
3,0.15022952037703347,-0.023055958008309348
3,0.15320744203823408,-0.02228668555246839
3,0.15618536369943467,-0.021519819692058812
3,0.15916328536063526,-0.020755685067267694
3,0.16214120702183585,-0.019994595066992096
3,0.16511912868303644,-0.019236852282093698
3,0.16809705034423705,-0.018482748935233276
3,0.17107497200543764,-0.017732567288677434
3,0.17405289366663823,-0.016986580031533235
3,0.17703081532783882,-0.016245050647635522
3,0.1800087369890394,-0.015508233765278446
3,0.18298665865024,-0.014776375489870049
3,0.18596458031144059,-0.014049713720555865
3,0.18894250197264117,-0.013328478451728113
3,0.1919204236338418,-0.012612892060292119
3,0.19489834529504238,-0.011903169579545047
3,0.19787626695624297,-0.011199518960384066
3,0.20085418861744356,-0.010502141320575186
3,0.20383211027864415,-0.009811231182758414
3,0.20681003193984474,-0.009126976701766496
3,0.20978795360104532,-0.008449559881891729
3,0.21276587526224594,-0.007779156784594381
3,0.21574379692344653,-0.007115937727175564
3,0.21872171858464712,-0.006460067472909794
3,0.2216996402458477,-0.005811705413035183
3,0.2246775619070483,-0.005171005741075138
3,0.22765548356824888,-0.004538117619843063
3,0.23063340522944947,-0.003913185341499839
3,0.23361132689065012,-0.0032963484810474893
3,0.2365892485518507,-0.002687742043521727
3,0.23956717021305132,-0.0020874966052624355
3,0.2425450918742519,-0.001495738449482674
3,0.2455230135354525,-0.0009125896964606541
3,0.2485009351966531,-0.0003381684285759432
3,0.2514788568578537,0.0002274111895572278
3,0.2544567785190543,0.0007840387956199663
3,0.2574347001802549,0.0013316077185720598
3,0.26041262184145547,0.0018700148719252225
3,0.26339054350265606,0.002399160651030562
3,0.26636846516385665,0.0029189488342817814
3,0.26934638682505724,0.003429286488006736
3,0.2723243084862578,0.003930083874915161
3,0.2753022301474584,0.004421254365937434
3,0.278280151808659,0.0049027143553036
3,0.2812580734698596,0.005374383178730709
3,0.2842359951310602,0.005836183034581415
3,0.2872139167922608,0.006288038907884465
3,0.2901918384534614,0.006729878497076363
3,0.293169760114662,0.007161632143357505
3,0.2961476817758626,0.007583232762576894
3,0.2991256034370632,0.007994615779522445
3,0.30210352509826377,0.00839571906450531
3,0.30508144675946436,0.00878648287221012
3,0.30805936842066495,0.009166849782635085
3,0.31103729008186554,0.00953676464410747
3,0.3140152117430661,0.009896174518279935
3,0.3169931334042667,0.010245028626997884
3,0.3199710550654673,0.010583278301024113
3,0.3229489767266679,0.010910876930491479
3,0.3259268983878685,0.011227779917068862
3,0.32890482004906907,0.011533944627746097
3,0.33188274171026966,0.011829330350196022
3,0.33486066337147025,0.012113898249640853
3,0.33783858503267084,0.012387611327194762
3,0.3408165066938714,0.01265043437959408
3,0.34379442835507207,0.012902333960294997
3,0.34677235001627266,0.013143278341898993
3,0.34975027167747325,0.013373237479808026
3,0.35272819333867383,0.013592182977145324
3,0.3557061149998745,0.013800088050822544
3,0.35868403666107507,0.013996927498777454
3,0.36166195832227566,0.014182677668296801
3,0.36463987998347624,0.014357316425417549
3,0.36761780164467683,0.014520823125370931
3,0.3705957233058774,0.014673178584009664
3,0.373573644967078,0.014814365050225311
3,0.3765515666282786,0.014944366179285639
3,0.3795294882894792,0.015063167007107412
3,0.38250740995067983,0.015170753925396076
3,0.3854853316118804,0.015267114657638347
3,0.388463253273081,0.015352238235952899
3,0.3914411749342816,0.015426114978710626
3,0.3944190965954822,0.01548873646898218
3,0.3973970182566828,0.015540095533714814
3,0.40037493991788337,0.015580186223655139
3,0.40335286157908395,0.015609003794010952
3,0.40633078324028454,0.01562654468579432
3,0.40930870490148513,0.01563280650786652
3,0.4122866265626857,0.015627788019612943
3,0.4152645482238863,0.015611489114308631
3,0.4182424698850869,0.015583910803091879
3,0.4212203915462875,0.015545055199537451
3,0.4241983132074881,0.015494925504871996
3,0.4271762348686887,0.01543352599372896
3,0.4301541565298893,0.015360862000514466
3,0.4331320781910899,0.015276939906300323
3,0.4361099998522905,0.015181767126290588
3,0.4390879215134911,0.015075352097799104
3,0.44206584317469166,0.014957704268766707
3,0.44504376483589225,0.01482883408678367
3,0.44802168649709284,0.014688752988609026
3,0.45099960815829343,0.014537473390197543
3,0.453977529819494,0.014375008677179486
3,0.4569554514806946,0.014201373195852329
3,0.4599333731418952,0.01401658224460211
3,0.4629112948030958,0.013820652065795674
3,0.46588921646429643,0.013613599838135109
3,0.46886713812549696,0.013395443669423466
3,0.4718450597866976,0.013166202589789231
3,0.47482298144789814,0.012925896545334646
3,0.47780090310909884,0.012674546392189854
3,0.4807788247702994,0.012412173891007978
3,0.4837567464315,0.012138801701850263
3,0.48673466809270055,0.011854453379497462
3,0.4897125897539012,0.011559153369123134
3,0.49269051141510173,0.011252927002420312
3,0.4956684330763024,0.010935800494069456
3,0.4986463547375029,0.010607800938626543
3,0.5016242763987036,0.010268956307773733
3,0.5046021980599041,0.009919295447976664
3,0.5075801197211047,0.009558848078502307
3,0.5105580413823053,0.00918764478981582
3,0.5135359630435059,0.008805717042364946
3,0.5165138847047065,0.008413097165714874
3,0.5194918063659071,0.008009818358077393
3,0.5224697280271077,0.00759591468619446
3,0.5254476496883083,0.00717142108560292
3,0.5284255713495088,0.006736373361246042
3,0.5314034930107095,0.0062908081884796374
3,0.5343814146719101,0.005834763114420601
3,0.5373593363331108,0.00536827655968735
3,0.5403372579943113,0.004891387820481906
3,0.543315179655512,0.004404137071060502
3,0.5462931013167125,0.003906565366563877
3,0.5492710229779132,0.0033987146462243385
3,0.5522489446391137,0.0028806277369443052
3,0.5552268663003144,0.002352348357232061
3,0.5582047879615148,0.0018139211215526438
3,0.5611827096227155,0.0012653915450029389
3,0.564160631283916,0.0007068060484297165
3,0.5671385529451167,0.00013821196386676907
3,0.5701164746063172,-0.00044034245957684797
3,0.5730943962675179,-0.0010288080494759491
3,0.5760723179287184,-0.0016271347034615918
3,0.5790502395899191,-0.0022352713821483234
3,0.5820281612511196,-0.0028531661017013404
3,0.5850060829123203,-0.0034807659259854995
3,0.5879840045735208,-0.0041180169582680694
3,0.5909619262347214,-0.004764864332544019
3,0.593939847895922,-0.005421252204418627
3,0.5969177695571226,-0.006087123741548804
3,0.5998956912183232,-0.006762421113642355
3,0.6028736128795238,-0.007447085482046201
3,0.6058515345407244,-0.008141056988826442
3,0.608829456201925,-0.008844274745441107
3,0.6118073778631256,-0.00955667682089269
3,0.6147852995243261,-0.01027820022943923
3,0.6177632211855267,-0.011008780917804517
3,0.6207411428467273,-0.01174835375187588
3,0.6237190645079279,-0.012496852502916794
3,0.6266969861691285,-0.01325420983324577
3,0.6296749078303291,-0.014020357281398168
3,0.6326528294915298,-0.014795225246721149
3,0.6356307511527303,-0.015578742973442037
3,0.638608672813931,-0.01637083853415231
3,0.6415865944751314,-0.017171438812727435
3,0.6445645161363321,-0.01798046948662166
3,0.6475424377975326,-0.01879785500859688
3,0.6505203594587333,-0.01962351858778077
3,0.6534982811199338,-0.02045738217012457
3,0.6564762027811345,-0.02129936641818171
3,0.659454124442335,-0.02214939069020867
3,0.6624320461035357,-0.023007373018585648
3,0.6654099677647362,-0.023873230087521857
3,0.6683878894259369,-0.02474687721002298
3,0.6713658110871373,-0.02562822830411146
3,0.674343732748338,-0.026517195868271334
3,0.6773216544095386,-0.027413690956085365
3,0.6802995760707392,-0.0283176231500781
3,0.6832774977319398,-0.029228900534690423
3,0.6862554193931404,-0.030147429668381156
3,0.689233341054341,-0.031073115554850584
3,0.6922112627155416,-0.03200586161331352
3,0.6951891843767422,-0.0329455696478544
3,0.6981671060379427,-0.03389213981574227
3,0.7011450276991433,-0.03484547059477808
3,0.7041229493603439,-0.03580545874956599
3,0.7071008710215445,-0.03677199929669428
3,0.7100787926827451,-0.03774498546882039
3,0.7130567143439457,-0.03872430867755514
3,0.7160346360051464,-0.03970985847518337
3,0.7190125576663469,-0.04070152251512236
3,0.7219904793275476,-0.0416991865111055
3,0.724968400988748,-0.04270273419500395
3,0.7279463226499487,-0.04371204727332265
3,0.7309242443111492,-0.044727005382220165
3,0.7339021659723499,-0.045747486041065696
3,0.7368800876335504,-0.04677336460445601
3,0.7398580092947511,-0.04780451421264789
3,0.7428359309559516,-0.048840805740318106
3,0.7458138526171523,-0.04988210774361894
3,0.7487917742783528,-0.050928286405457386
3,0.7517696959395535,-0.05197920547890521
3,0.7547476176007539,-0.05303472622868428
3,0.7577255392619546,-0.05409470737067215
3,0.7607034609231551,-0.05515900500931179
3,0.7636813825843559,-0.05622747257283831
3,0.7666593042455564,-0.05729996074628551
3,0.7696372259067571,-0.05837631740211941
3,0.7726151475679576,-0.059456387528443545
3,0.7755930692291583,-0.06054001315463762
3,0.7785709908903589,-0.06162703327437156
3,0.7815489125515594,-0.06271728376581005
3,0.78452683421276,-0.06381059730896609
3,0.7875047558739606,-0.06490680330001677
3,0.7904826775351612,-0.06600572776247078
3,0.7934605991963618,-0.06710719325507118
3,0.7964385208575624,-0.0682110187762169
3,0.799416442518763,-0.06931701966485074
3,0.8023943641799636,-0.07042500749753836
3,0.8053722858411643,-0.07153478998163734
3,0.8083502075023647,-0.07264617084436348
3,0.8113281291635654,-0.07375894971751612
3,0.8143060508247659,-0.07487292201772196
3,0.8172839724859666,-0.07598787882191574
3,0.8202618941471671,-0.07710360673789471
3,0.8232398158083678,-0.0782198877696019
3,0.8262177374695683,-0.07933649917701494
3,0.829195659130769,-0.08045321333024998
3,0.8321735807919695,-0.08156979755763231
3,0.8351515024531702,-0.08268601398743784
3,0.8381294241143706,-0.08380161938294968
3,0.8411073457755713,-0.08491636497050954
3,0.8440852674367718,-0.0860299962601495
3,0.8470631890979725,-0.08714225285844866
3,0.850041110759173,-0.08825286827316924
3,0.8530190324203737,-0.08936156970924468
3,0.8559969540815743,-0.09046807785558335
3,0.8589748757427749,-0.09157210666227011
3,0.8619527974039755,-0.09267336310752272
3,0.864930719065176,-0.0937715469538626
3,0.8679086407263766,-0.09486635049289038
3,0.8708865623875772,-0.09595745827795875
3,0.8738644840487778,-0.09704454684404051
3,0.8768424057099784,-0.09812728441402307
3,0.879820327371179,-0.09920533059060524
3,0.8827982490323796,-0.10027833603288973
3,0.8857761706935802,-0.10134594211675854
3,0.8887540923547808,-0.10240778057792779
3,0.8917320140159813,-0.1034634731366775
3,0.8947099356771819,-0.10451263110297415
3,0.8976878573383825,-0.10555485496073878
3,0.9006657789995832,-0.10658973392988728
3,0.9036437006607837,-0.10761684550458238
3,0.9066216223219844,-0.10863575496614804
3,0.9095995439831849,-0.10964601486882321
3,0.9125774656443856,-0.11064716449646145
3,0.915555387305586,-0.11163872928812262
3,0.9185333089667868,-0.11262022023027486
3,0.9215112306279872,-0.11359113321316058
3,0.9244891522891879,-0.11455094834866737
3,0.9274670739503884,-0.11549912924676174
3,0.9304449956115891,-0.11643512224732529
3,0.9334229172727896,-0.11735835560388351
3,0.9364008389339903,-0.11826823861542665
3,0.9393787605951908,-0.11916416070213466
3,0.9423566822563915,-0.12004549042040105
3,0.945334603917592,-0.12091157441209853
3,0.9483125255787926,-0.12176173628251943
3,0.9512904472399932,-0.12259527540081257
3,0.9542683689011938,-0.12341146561620153
3,0.9572462905623944,-0.1242095538823157
3,0.960224212223595,-0.1249887587814426
3,0.9632021338847956,-0.1257482689392999
3,0.9661800555459962,-0.12648724132008904
3,0.9691579772071968,-0.1272047993902625
3,0.9721358988683974,-0.1279000311381373
3,0.9751138205295979,-0.1285719869349537
3,0.9780917421907985,-0.1292196772211927
3,0.9810696638519991,-0.12984206999989872
3,0.9840475855131997,-0.1304380881165406
3,0.9870255071744003,-0.1310066063021444
3,0.990003428835601,-0.13154644795340045
3,0.9929813504968015,-0.13205638161983205
3,0.9959592721580022,-0.13253511716398395
3,0.9989371938192028,-0.13298130155561722
3,1.0019151154804034,-0.13339351425532583
3,1.0048930371416038,-0.13377026213615462
3,1.0078709588028045,-0.1341099738840229
3,1.0108488804640052,-0.13441099380827443
3,1.0138268021252057,-0.1346715749825898
3,1.0168047237864062,-0.13488987162324173
3,1.0197826454476069,-0.13506393059560606
3,1.0227605671088076,-0.13519168192064362
3,1.025738488770008,-0.13527092812971558
3,1.0287164104312085,-0.13529933228760063
3,1.0316943320924092,-0.1352744044687438
3,1.03467225375361,-0.13519348642859838
3,1.0376501754148106,-0.13505373415862737
3,1.040628097076011,-0.13485209794652295
3,1.0436060187372116,-0.13458529947909675
3,1.0465839403984123,-0.13424980541837123
3,1.049561862059613,-0.1338417967444461
3,1.0525397837208132,-0.13335713298183638
3,1.055517705382014,-0.1327913101951176
3,1.0584956270432146,-0.13213941133509713
3,1.0614735487044153,-0.13139604711057873
3,1.0644514703656156,-0.13055528501171587
3,1.0674293920268163,-0.1296105633593612
3,1.070407313688017,-0.12855458620945426
3,1.0733852353492177,-0.12737919346452375
3,1.076363157010418,-0.12607519841790862
3,1.0793410786716187,-0.12463218183308278
3,1.0823190003328194,-0.12303822696659465
3,1.08529692199402,-0.12127957270574972
3,1.0882748436552205,-0.11934015050206362
3,1.091252765316421,-0.11720095191566608
3,1.0942306869776217,-0.11483914137885029
3,1.0972086086388224,-0.11222677121796518
3,1.100186530300023,-0.10932884725828414
3,1.1031644519612234,-0.106100273790506
3,1.106142373622424,-0.1024807244441544
3,1.1091202952836248,-0.0983853043505453
3,1.1120982169448252,-0.09368551289937183
3,1.1150761386060257,-0.08816314882116054
3,1.1180540602672264,-0.08135873009556735
3,1.1210319819284271,-0.07111045426327277
4,-0.06734992679355783,-0.0033294810580383944
4,-0.06437705188807567,-0.01266313201233007
4,-0.061404176982593504,-0.018660810160767583
4,-0.05843130207711133,-0.023425710470126915
4,-0.05545842717162917,-0.027405009667843726
4,-0.052485552266147,-0.030811129930337532
4,-0.04951267736066482,-0.03376919935454213
4,-0.04653980245518266,-0.03636189795973913
4,-0.043566927549700485,-0.03864798147835871
4,-0.04059405264421833,-0.040671368852403605
4,-0.03762117773873616,-0.0424661348574873
4,-0.034648302833253986,-0.044059484521991626
4,-0.031675427927771824,-0.04547363696366167
4,-0.028702553022289662,-0.04672707713111864
4,-0.025729678116807493,-0.04783542034633896
4,-0.022756803211325317,-0.048812028772533954
4,-0.019783928305843156,-0.049668462917818214
4,-0.016811053400360987,-0.05041481994535267
4,-0.013838178494878811,-0.05105999220152333
4,-0.010865303589396642,-0.051611868190815764
4,-0.00789242868391448,-0.05207749118158797
4,-0.004919553778432319,-0.0524631860576388
4,-0.00194667887295015,-0.052774661989547555
4,0.0010261960325320257,-0.05301709642938647
4,0.0039990709380141876,-0.05319520449376968
4,0.006971945843496363,-0.05331329678224368
4,0.009944820748978525,-0.0533753279456196
4,0.012917695654460687,-0.05338493778409805
4,0.015890570559942863,-0.053345486259020684
4,0.018863445465425024,-0.05326008350535474
4,0.0218363203709072,-0.0531316157068703
4,0.02480919527638937,-0.05296276752354349
4,0.027782070181871538,-0.052756041627165594
4,0.030754945087353693,-0.05251377579684243
4,0.03372781999283586,-0.05223815794399773
4,0.03670069489831804,-0.051931239371170036
4,0.039673569803800206,-0.05159494651680257
4,0.04264644470928237,-0.05123109139617295
4,0.04561931961476453,-0.0508413809145101
4,0.048592194520246705,-0.05042742520059824
4,0.05156506942572887,-0.04999074508635687
4,0.054537944331211036,-0.049532778839002915
4,0.05751081923669321,-0.04905488823693338
4,0.06048369414217539,-0.04855836406730387
4,0.06345656904765754,-0.04804443111254307
4,0.06642944395313971,-0.0475142526837791
4,0.06940231885862189,-0.04696893475146758
4,0.07237519376410405,-0.04640952971700162
4,0.07534806866958621,-0.045837039863358825
4,0.07832094357506839,-0.0452524205183105
4,0.08129381848055056,-0.044656582959345006
4,0.08426669338603274,-0.04405039708623753
4,0.0872395682915149,-0.04343469388391144
4,0.09021244319699703,-0.0428102676957928
4,0.09318531810247921,-0.04217787832550339
4,0.09615819300796138,-0.0415382529827414
4,0.09913106791344355,-0.04089208808752981
4,0.10210394281892571,-0.040240050945438165
4,0.10507681772440788,-0.03958278130509772
4,0.10804969262989006,-0.038920892808128944
4,0.11102256753537224,-0.03825497434060465
4,0.1139954424408544,-0.03758559129422453
4,0.11696831734633657,-0.03691328674461399
4,0.11994119225181873,-0.036238582553391886
4,0.12291406715730091,-0.03556198040009117
4,0.12588694206278306,-0.03488396274936692
4,0.1288598169682652,-0.034204993758474966
4,0.1318326918737474,-0.03352552012957081
4,0.13480556677922956,-0.03284597191087209
4,0.13777844168471173,-0.03216676325053273
4,0.1407513165901939,-0.03148829310655217
4,0.14372419149567608,-0.0308109459159467
4,0.14669706640115823,-0.030135092225980934
4,0.1496699413066404,-0.02946108929011726
4,0.15264281621212258,-0.028789281631117606
4,0.15561569111760476,-0.028120001573465583
4,0.1585885660230869,-0.027453569747199053
4,0.16156144092856906,-0.02679029556499179
4,0.16453431583405123,-0.02613047767426161
4,0.1675071907395334,-0.02547440438587113
4,0.17048006564501558,-0.0248223540808939
4,0.17345294055049776,-0.024174595596852404
4,0.1764258154559799,-0.023531388594681565
4,0.17939869036146208,-0.022892983907541777
4,0.18237156526694426,-0.022259623872656127
4,0.1853444401724264,-0.021631542647122148
4,0.1883173150779086,-0.02100896650864794
4,0.19129018998339076,-0.020392114142116148
4,0.1942630648888729,-0.01978119691274518
4,0.19723593979435508,-0.019176419126646718
4,0.20020881469983726,-0.018577978279484188
4,0.20318168960531943,-0.01798606529383758
4,0.20615456451080158,-0.017400864745982434
4,0.20912743941628376,-0.01682255508259033
4,0.21210031432176593,-0.016251308827898044
4,0.2150731892272481,-0.015687292781895096
4,0.21804606413273026,-0.015130668209950815
4,0.22101893903821243,-0.01458159102435332
4,0.2239918139436946,-0.014040211958169867
4,0.22696468884917678,-0.013506676731814691
4,0.22993756375465896,-0.012981126212703302
4,0.2329104386601411,-0.012463696568332398
4,0.23588331356562328,-0.011954519413088973
4,0.23885618847110546,-0.01145372194914343
4,0.24182906337658763,-0.010961427101657744
4,0.24480193828206975,-0.01047775364862344
4,0.2477748131875519,-0.010002816345564785
4,0.2507476880930341,-0.009536726045330405
4,0.25372056299851625,-0.009079589813263454
4,0.2566934379039984,-0.008631511037885106
4,0.2596663128094806,-0.008192589537337442
4,0.26263918771496275,-0.007762921661816184
4,0.26561206262044496,-0.0073426003920455014
4,0.2685849375259271,-0.006931715434148409
4,0.27155781243140925,-0.006530353310900895
4,0.27453068733689145,-0.006138597449657175
4,0.2775035622423736,-0.005756528267002072
4,0.28047643714785575,-0.005384223250314333
4,0.28344931205333795,-0.005021757036368667
4,0.28642218695882016,-0.004669201487075619
4,0.2893950618643023,-0.004326625762522175
4,0.29236793676978445,-0.003994096391366147
4,0.29534081167526666,-0.003671677338745878
4,0.2983136865807488,-0.003359430071778113
4,0.30128656148623095,-0.003057413622741644
4,0.30425943639171316,-0.0027656846500479105
4,0.3072323112971953,-0.002484297497075681
4,0.3102051862026775,-0.002213304248960484
4,0.31317806110815966,-0.0019527547874167537
4,0.31615093601364175,-0.0017026968436640814
4,0.31912381091912395,-0.0014631760495213697
4,0.3220966858246061,-0.0012342359867723075
4,0.3250695607300883,-0.001015918234811938
4,0.32804243563557045,-0.0008082624166824079
4,0.3310153105410526,-0.0006113062435550349
4,0.3339881854465348,-0.0004250855576659002
4,0.33696106035201695,-0.0002496343738218203
4,0.33993393525749915,-8.498491950332828e-5
4,0.3429068101629813,6.883232641250603e-5
4,0.34587968506846345,0.00021178859621303237
4,0.34885255997394565,0.0003438567971906491
4,0.3518254348794278,0.00046501147669876134
4,0.35479830978491,0.0005752287883803328
4,0.35777118469039215,0.0006744864595658875
4,0.3607440595958743,0.0007627637597270294
4,0.3637169345013565,0.0008400414700520055
4,0.36668980940683865,0.0009063018540026641
4,0.36966268431232086,0.000961528628913661
4,0.372635559217803,0.0010057069385375702
4,0.37560843412328515,0.0010388233265272151
4,0.37858130902876735,0.0010608657108420786
4,0.3815541839342495,0.001071823359026629
4,0.3845270588397316,0.0010716868643434905
4,0.3874999337452138,0.0010604481227447892
4,0.39047280865069595,0.001038100310642641
4,0.39344568355617815,0.001004637863465955
4,0.3964185584616603,0.0009600564549812859
4,0.39939143336714245,0.0009043529773422885
4,0.40236430827262465,0.000837525521865727
4,0.4053371831781068,0.0007595733605217249
4,0.408310058083589,0.000670496928065968
4,0.41128293298907115,0.0005702978048822662
4,0.4142558078945533,0.000458978700432713
4,0.4172286828000355,0.00033654343736394234
4,0.42020155770551765,0.00020299693620854395
4,0.42317443261099985,5.8345200696609374e-5
4,0.426147307516482,-9.740469635196926e-5
4,0.4291201824219642,-0.0002642446265527887
4,0.43209305732744635,-0.0004421654189576086
4,0.4350659322329285,-0.0006311568724693393
4,0.4380388071384107,-0.000831207767740709
4,0.44101168204389285,-0.0010423058785689618
4,0.443984556949375,-0.0012644379827393562
4,0.4469574318548572,-0.0014975898724147651
4,0.44993030676033935,-0.0017417463639880875
4,0.4529031816658215,-0.001996891307494207
4,0.45587605657130365,-0.002263007595523396
4,0.4588489314767858,-0.002540077171684223
4,0.461821806382268,-0.0028280810385969825
4,0.46479468128775014,-0.00312699926546334
4,0.46776755619323235,-0.0034368109951650183
4,0.4707404310987145,-0.003757494450955938
4,0.4737133060041967,-0.004089026942706232
4,0.47668618090967885,-0.004431384872740631
4,0.479659055815161,-0.004784543741251334
4,0.4826319307206432,-0.005148478151309095
4,0.48560480562612535,-0.005523161813453151
4,0.48857768053160755,-0.005908567549914864
4,0.4915505554370897,-0.0063046672983983745
4,0.49452343034257185,-0.006711432115506934
4,0.49749630524805405,-0.007128832179771249
4,0.5004691801535363,-0.007556836794290634
4,0.5034420550590184,-0.007995414388979542
4,0.5064149299645005,-0.008444532522467496
4,0.5093878048699827,-0.008904157883586637
4,0.5123606797754648,-0.009374256292518736
4,0.5153335546809471,-0.009854792701539553
4,0.5183064295864293,-0.01034573119541307
4,0.5212793044919114,-0.010847034991412655
4,0.5242521793973935,-0.011358666438968748
4,0.5272250543028757,-0.011880587018948723
4,0.530197929208358,-0.012412757342582206
4,0.5331708041138401,-0.012955137150000247
4,0.5361436790193223,-0.01350768530842383
4,0.5391165539248044,-0.014070359809979935
4,0.5420894288302865,-0.01464311776913442
4,0.5450623037357687,-0.015225915419796473
4,0.548035178641251,-0.0158187081120035
4,0.5510080535467331,-0.01642145030826039
4,0.5539809284522152,-0.017034095579511258
4,0.5569538033576973,-0.017656596600716314
4,0.5599266782631797,-0.018288905146065196
4,0.5628995531686617,-0.018930972083800294
4,0.565872428074144,-0.01958274737066435
4,0.568845302979626,-0.020244180045948464
4,0.5718181778851082,-0.020915218225163495
4,0.5747910527905904,-0.021595809093307355
4,0.5777639276960727,-0.022285898897736394
4,0.5807368026015547,-0.02298543294062651
4,0.583709677507037,-0.023694355571043296
4,0.586682552412519,-0.02441261017656202
4,0.5896554273180014,-0.025140139174521098
4,0.5926283022234834,-0.025876884002792703
4,0.5956011771289657,-0.02662278511016559
4,0.5985740520344477,-0.027377781946256566
4,0.60154692693993,-0.028141812951011105
4,0.6045198018454121,-0.028914815543706375
4,0.6074926767508944,-0.029696726111532512
4,0.6104655516563764,-0.03048747999767739
4,0.6134384265618587,-0.03128701148894645
4,0.6164113014673407,-0.032095253802891854
4,0.6193841763728231,-0.03291213907443666
4,0.6223570512783051,-0.033737598342001185
4,0.6253299261837874,-0.03457156153310232
4,0.6283028010892694,-0.035413957449431696
4,0.6312756759947517,-0.03626471375137209
4,0.6342485509002338,-0.03712375694199685
4,0.637221425805716,-0.03799101235046124
4,0.6401943007111981,-0.0388664041148364
4,0.6431671756166802,-0.03974985516435268
4,0.6461400505221624,-0.040641287201014134
4,0.6491129254276446,-0.04154062068061817
4,0.6520858003331268,-0.042447774793087374
4,0.655058675238609,-0.04336266744221037
4,0.6580315501440911,-0.0442852152246431
4,0.6610044250495732,-0.04521533340826153
4,0.6639772999550555,-0.04615293590977575
4,0.6669501748605376,-0.04709793527164102
4,0.6699230497660198,-0.04805024263817154
4,0.6728959246715019,-0.049009767730933254
4,0.6758687995769841,-0.049976418823304385
4,0.6788416744824664,-0.05095010271421052
4,0.6818145493879485,-0.051930724701054594
4,0.6847874242934306,-0.0529181885517338
4,0.6877602991989128,-0.05391239647576746
4,0.6907331741043949,-0.05491324909453065
4,0.6937060490098772,-0.05592064541048885
4,0.6966789239153593,-0.056934482775472646
4,0.6996517988208414,-0.057954656857930206
4,0.7026246737263236,-0.05898106160912672
4,0.7055975486318057,-0.06001358922825207
4,0.708570423537288,-0.0610521301264215
4,0.7115432984427701,-0.06209657288949766
4,0.7145161733482523,-0.0631468042397307
4,0.7174890482537344,-0.06420270899612669
4,0.7204619231592166,-0.06526417003357204
4,0.7234347980646987,-0.06633106824058768
4,0.726407672970181,-0.06740328247571699
4,0.7293805478756631,-0.06848068952251629
4,0.7323534227811453,-0.0695631640429882
4,0.7353262976866274,-0.07065057852956456
4,0.7382991725921098,-0.07174280325544014
4,0.7412720474975918,-0.07283970622326301
4,0.744244922403074,-0.07394115311212385
4,0.7472177973085561,-0.07504700722275252
4,0.7501906722140383,-0.07615712942084786
4,0.7531635471195204,-0.07727137807851198
4,0.7561364220250028,-0.07838960901365374
4,0.7591092969304848,-0.07951167542733356
4,0.762082171835967,-0.08063742783893377
4,0.7650550467414491,-0.08176671401906505
4,0.7680279216469315,-0.08289937892014332
4,0.7710007965524135,-0.08403526460450929
4,0.7739736714578956,-0.08517421017001321
4,0.7769465463633778,-0.08631605167293041
4,0.7799194212688599,-0.0874606220481084
4,0.7828922961743421,-0.08860775102624416
4,0.7858651710798243,-0.08975726504811916
4,0.7888380459853065,-0.09090898717572021
4,0.7918109208907886,-0.0920627370000173
4,0.7947837957962708,-0.09321833054537763
4,0.7977566707017529,-0.09437558017032598
4,0.8007295456072352,-0.09553429446457576
4,0.8037024205127173,-0.09669427814213438
4,0.8066752954181995,-0.09785533193026882
4,0.8096481703236816,-0.0990172524541918
4,0.8126210452291638,-0.10017983211720555
4,0.815593920134646,-0.10134285897612977
4,0.8185667950401282,-0.1025061166117659
4,0.8215396699456103,-0.10366938399413678
4,0.8245125448510925,-0.10483243534227649
4,0.8274854197565746,-0.10599503997827237
4,0.8304582946620569,-0.10715696217527496
4,0.833431169567539,-0.10831796099915099
4,0.8364040444730211,-0.10947779014348974
4,0.8393769193785033,-0.1106361977575629
4,0.8423497942839854,-0.11179292626689866
4,0.8453226691894677,-0.11294771218607064
4,0.8482955440949498,-0.11410028592326207
4,0.851268419000432,-0.11525037157617654
4,0.8542412939059141,-0.1163976867187883
4,0.8572141688113963,-0.11754194217846035
4,0.8601870437168785,-0.11868284180283795
4,0.8631599186223607,-0.11982008221596674
4,0.8661327935278428,-0.12095335256298001
4,0.869105668433325,-0.12208233424270619
4,0.8720785433388071,-0.12320670062748834
4,0.8750514182442894,-0.12432611676940014
4,0.8780242931497715,-0.12544023909207072
4,0.8809971680552537,-0.12654871506724316
4,0.8839700429607358,-0.12765118287503907
4,0.886942917866218,-0.12874727104700134
4,0.8899157927717002,-0.12983659809071735
4,0.8928886676771824,-0.13091877209490982
4,0.8958615425826645,-0.13199339031363616
4,0.8988344174881467,-0.13306003872825814
4,0.9018072923936288,-0.13411829158565775
4,0.9047801672991111,-0.13516771091107274
4,0.9077530422045932,-0.1362078459938084
4,0.9107259171100754,-0.13723823284386916
4,0.9136987920155575,-0.13825839361751374
4,0.9166716669210396,-0.13926783600939058
4,0.9196445418265219,-0.14026605260886746
4,0.922617416732004,-0.1412525202178332
4,0.9255902916374862,-0.14222669912711267
4,0.9285631665429683,-0.14318803234823266
4,0.9315360414484505,-0.1441359447971201
4,0.9345089163539327,-0.14506984242588866
4,0.9374817912594149,-0.14598911129852365
4,0.940454666164897,-0.14689311660585883
4,0.9434275410703792,-0.14778120161482622
4,0.9464004159758613,-0.14865268654635752
4,0.9493732908813436,-0.14950686737583377
4,0.9523461657868257,-0.15034301454920507
4,0.9553190406923079,-0.15116037160740387
4,0.95829191559779,-0.15195815371050284
4,0.9612647905032722,-0.15273554605254264
4,0.9642376654087544,-0.15349170215655764
4,0.9672105403142366,-0.15422574203834893
4,0.9701834152197187,-0.15493675022612496
4,0.9731562901252008,-0.15562377362158353
4,0.976129165030683,-0.15628581918624962
4,0.9791020399361652,-0.15692185143484977
4,0.9820749148416474,-0.15753078971522386
4,0.9850477897471295,-0.1581115052515166
4,0.9880206646526117,-0.15866281792436923
4,0.9909935395580938,-0.15918349275818158
4,0.993966414463576,-0.15967223608139552
4,0.9969392893690582,-0.1601276913208422
4,0.9999121642745403,-0.16054843438548053
4,1.0028850391800226,-0.1609329685882228
4,1.0058579140855046,-0.161279719046517
4,1.0088307889909869,-0.16158702649315163
4,1.011803663896469,-0.1618531404174368
4,1.0147765388019512,-0.16207621144374648
4,1.0177494137074334,-0.16225428283838575
4,1.0207222886129155,-0.16238528101647676
4,1.0236951635183977,-0.16246700489722657
4,1.0266680384238798,-0.16249711392748667
4,1.029640913329362,-0.16247311455858307
4,1.0326137882348443,-0.16239234491839713
4,1.0355866631403263,-0.16225195736715095
4,1.0385595380458086,-0.1620488985585739
4,1.0415324129512906,-0.16177988654389694
4,1.0445052878567729,-0.16144138434921695
4,1.0474781627622551,-0.16102956931985296
4,1.0504510376677372,-0.16054029734845868
4,1.0534239125732194,-0.159969060872739
4,1.0563967874787015,-0.15931093922412415
4,1.0593696623841837,-0.15856053950249
4,1.062342537289666,-0.1577119256031236
4,1.065315412195148,-0.15675853227041658
4,1.0682882871006303,-0.155693060007639
4,1.0712611620061123,-0.15450734519507967
4,1.0742340369115946,-0.15319219764261452
4,1.0772069118170768,-0.15173719467964783
4,1.0801797867225589,-0.15013041619168788
4,1.0831526616280411,-0.1483580977760128
4,1.0861255365335232,-0.1464041676990244
4,1.0890984114390054,-0.1442496144734791
4,1.0920712863444877,-0.14187159966802823
4,1.0950441612499697,-0.13924217299578803
4,1.098017036155452,-0.1363263380196573
4,1.100989911060934,-0.13307899727750894
4,1.1039627859664163,-0.12943982342204333
4,1.1069356608718985,-0.12532392186901456
4,1.1099085357773806,-0.1206027945431468
4,1.1128814106828628,-0.11505824735624022
4,1.1158542855883449,-0.10823081799354276
4,1.1188271604938271,-0.09795881216060294
5,-0.07016651836786578,-0.0017832966034758086
5,-0.06713299155677091,-0.011217972623011921
5,-0.06409946474567602,-0.017362107188013898
5,-0.061065937934581135,-0.022281536126887283
5,-0.05803241112348627,-0.026418013712237322
5,-0.054998884312391395,-0.029982204457838404
5,-0.05196535750129651,-0.03309856626006637
5,-0.04893183069020164,-0.03584952043009538
5,-0.04589830387910677,-0.03829373931712515
5,-0.04286477706801188,-0.0404751374548891
5,-0.039831250256917014,-0.0424278209312245
5,-0.03679772344582213,-0.044179041183088526
5,-0.03376419663472726,-0.04575106866003402
5,-0.030730669823632387,-0.047162439502501076
5,-0.0276971430125375,-0.04842881762123479
5,-0.02466361620144262,-0.04956361005921931
5,-0.021630089390347745,-0.0505784181056437
5,-0.01859656257925288,-0.051483375592078495
5,-0.015563035768157991,-0.05228740759768715
5,-0.012529508957063118,-0.05299843169078308
5,-0.009495982145968238,-0.05362351683516248
5,-0.006462455334873364,-0.054169010545893424
5,-0.0034289285237784906,-0.054640641852668155
5,-0.00039540171268361013,-0.05504360556659275
5,0.0026381250984112564,-0.05538263191231232
5,0.005671651909506137,-0.05566204457191705
5,0.008705178720601017,-0.05588580945610805
5,0.011738705531695898,-0.056057575983960335
5,0.014772232342790778,-0.056180712257007534
5,0.017805759153885645,-0.056258335216598745
5,0.020839285964980525,-0.05629333664835223
5,0.023872812776075406,-0.05628840572493771
5,0.026906339587170286,-0.05624604864473939
5,0.029939866398265153,-0.056168605819502115
5,0.03297339320936003,-0.05605826698179716
5,0.03600692002045491,-0.05591708451777252
5,0.03904044683154978,-0.055746985278298244
5,0.04207397364264466,-0.055549781079547965
5,0.04510750045373954,-0.05532717806985966
5,0.04814102726483442,-0.055080785111784915
5,0.05117455407592929,-0.054812121305401446
5,0.054208080887024154,-0.054522622760098664
5,0.05724160769811905,-0.05421364870628609
5,0.06027513450921393,-0.05388648702553942
5,0.06330866132030881,-0.053542359266666256
5,0.06634218813140368,-0.05318242520604988
5,0.06937571494249856,-0.05280778700279451
5,0.07240924175359342,-0.05241949299269482
5,0.07544276856468829,-0.0520185411593595
5,0.07847629537578317,-0.051605882316080605
5,0.08150982218687808,-0.05118242302792227
5,0.08454334899797294,-0.050749028299978974
5,0.08757687580906781,-0.05030652405467279
5,0.09061040262016268,-0.04985569941837478
5,0.09364392943125756,-0.04939730883527991
5,0.09667745624235244,-0.04893207402453973
5,0.09971098305344733,-0.04846068579487098
5,0.1027445098645422,-0.047983805729342605
5,0.10577803667563708,-0.047502067751717156
5,0.10881156348673196,-0.047016079584566516
5,0.11184509029782683,-0.0465264241082702
5,0.1148786171089217,-0.04603366062920931
5,0.11791214392001656,-0.045538326064547774
5,0.12094567073111148,-0.045040936050317726
5,0.12397919754220635,-0.04454198597892704
5,0.12701272435330122,-0.044041951971563506
5,0.13004625116439608,-0.04354129179048962
5,0.13307977797549098,-0.04304044569581988
5,0.13611330478658584,-0.042539837250879044
5,0.13914683159768074,-0.0420398740799306
5,0.1421803584087756,-0.04154094858174197
5,0.1452138852198705,-0.04104343860208981
5,0.14824741203096536,-0.04054770806816625
5,0.15128093884206023,-0.04005410758744719
5,0.1543144656531551,-0.0395629750135364
5,0.15734799246424996,-0.03907463598113015
5,0.16038151927534486,-0.03858940441225299
5,0.16341504608643975,-0.0381075829955535
5,0.16644857289753462,-0.037629463640497726
5,0.16948209970862949,-0.037155327907999865
5,0.17251562651972435,-0.03668544741902829
5,0.17554915333081922,-0.03622008424252538
5,0.1785826801419141,-0.03575949126395347
5,0.181616206953009,-0.03530391253560286
5,0.18464973376410387,-0.03485358360980458
5,0.18768326057519874,-0.03440873185604313
5,0.1907167873862936,-0.03396957676289657
5,0.1937503141973885,-0.03353633022573099
5,0.1967838410084834,-0.03310919682092834
5,0.19981736781957823,-0.03268837406742321
5,0.20285089463067313,-0.03227405267626575
5,0.205884421441768,-0.03186641678888553
5,0.2089179482528629,-0.03146564420463412
5,0.21195147506395778,-0.031071906598239316
5,0.21498500187505262,-0.030685369727703124
5,0.21801852868614752,-0.03030619363309725
5,0.22105205549724238,-0.029934532826807535
5,0.22408558230833728,-0.029570536475650205
5,0.22711910911943212,-0.02921434857522824
5,0.23015263593052704,-0.028866108117004834
5,0.2331861627416219,-0.028525949248397627
5,0.23621968955271677,-0.028194001426253106
5,0.23925321636381167,-0.02787038956408783
5,0.2422867431749065,-0.027555234173280388
5,0.24532026998600143,-0.027248651498644947
5,0.24835379679709624,-0.0269507536485467
5,0.25138732360819116,-0.026661648719883937
5,0.2544208504192861,-0.02638144091815061
5,0.2574543772303809,-0.02611023067279412
5,0.2604879040414758,-0.025848114748135625
5,0.2635214308525706,-0.02559518635000343
5,0.26655495766366555,-0.025351535228299468
5,0.26958848447476047,-0.02511724777567576
5,0.2726220112858553,-0.02489240712248972
5,0.2756555380969502,-0.024677093228207242
5,0.278689064908045,-0.024471382969418823
5,0.28172259171913994,-0.024275350224576293
5,0.28475611853023475,-0.02408906595563608
5,0.28778964534132967,-0.02391259828672432
5,0.2908231721524246,-0.023746012579921167
5,0.2938566989635194,-0.02358937150834996
5,0.2968902257746143,-0.02344273512657771
5,0.2999237525857092,-0.02330616093856041
5,0.30295727939680406,-0.023179703963142572
5,0.3059908062078989,-0.023063416797236228
5,0.3090243330189938,-0.02295734967678037
5,0.3120578598300887,-0.022861550535550244
5,0.3150913866411836,-0.022776065061941058
5,0.31812491345227845,-0.022700936753724647
5,0.3211584402633733,-0.022636206970949677
5,0.3241919670744682,-0.022581914986994515
5,0.32722549388556305,-0.022538098037850656
5,0.33025902069665797,-0.022504791369743947
5,0.33329254750775283,-0.022482028285071197
5,0.3363260743188477,-0.022469840186820515
5,0.3393596011299426,-0.02246825662143296
5,0.34239312794103743,-0.022477305320228024
5,0.34542665475213236,-0.022497012239399733
5,0.3484601815632272,-0.022527401598673485
5,0.3514937083743221,-0.02256849591862818
5,0.354527235185417,-0.02262031605676563
5,0.3575607619965118,-0.022682881242349823
5,0.36059428880760674,-0.02275620911006066
5,0.3636278156187016,-0.022840315732506018
5,0.3666613424297965,-0.022935215651622157
5,0.36969486924089134,-0.023040921909019997
5,0.3727283960519862,-0.023157446075271437
5,0.37576192286308113,-0.02328479827821149
5,0.37879544967417594,-0.023422987230253503
5,0.38182897648527087,-0.02357202025479264
5,0.38486250329636573,-0.023731903311650482
5,0.3878960301074606,-0.023902641021683175
5,0.3909295569185555,-0.024084236690497102
5,0.39396308372965033,-0.024276692331356976
5,0.39699661054074525,-0.02448000868726229
5,0.4000301373518401,-0.02469418525226062
5,0.403063664162935,-0.024919220291982222
5,0.40609719097402985,-0.025155110863445716
5,0.4091307177851248,-0.025401852834128616
5,0.41216424459621964,-0.025659440900359112
5,0.4151977714073145,-0.025927868604997226
5,0.4182312982184094,-0.026207128354480084
5,0.42126482502950424,-0.02649721143519639
5,0.42429835184059916,-0.02679810802923774
5,0.427331878651694,-0.027109807229551187
5,0.4303654054627889,-0.027432297054466186
5,0.43339893227388376,-0.027765564461653253
5,0.43643245908497863,-0.028109595361492552
5,0.43946598589607355,-0.02846437462991593
5,0.44249951270716836,-0.028829886120676412
5,0.4455330395182633,-0.029206112677080696
5,0.4485665663293582,-0.02959303614321856
5,0.451600093140453,-0.02999063737468114
5,0.45463361995154794,-0.0303988962487426
5,0.45766714676264275,-0.03081779167410539
5,0.4607006735737377,-0.03124730160010576
5,0.46373420038483254,-0.03168740302550599
5,0.46676772719592735,-0.03213807200676427
5,0.4698012540070223,-0.03259928366590088
5,0.47283478081811714,-0.03307101219787039
5,0.47586830762921206,-0.03355323087752868
5,0.47890183444030693,-0.03404591206614863
5,0.48193536125140174,-0.03454902721750325
5,0.48496888806249666,-0.03506254688354957
5,0.48800241487359153,-0.03558644071967131
5,0.49103594168468645,-0.03612067748952313
5,0.49406946849578137,-0.0366652250694812
5,0.4971029953068761,-0.03722005045266913
5,0.500136522117971,-0.03778511975260093
5,0.5031700489290659,-0.03836039820644355
5,0.5062035757401608,-0.038945850177872374
5,0.5092371025512558,-0.039541439159546485
5,0.5122706293623506,-0.04014712777520394
5,0.5153041561734454,-0.040762877781391114
5,0.5183376829845403,-0.04138865006879848
5,0.5213712097956352,-0.04202440466321098
5,0.52440473660673,-0.042670100726138416
5,0.527438263417825,-0.04332569655500345
5,0.5304717902289198,-0.04399114958302467
5,0.5335053170400147,-0.04466641637868974
5,0.5365388438511096,-0.04535145264487767
5,0.5395723706622045,-0.04604621321761017
5,0.5426058974732993,-0.04675065206445292
5,0.5456394242843943,-0.047464722282504666
5,0.5486729510954891,-0.048188376096081745
5,0.551706477906584,-0.04892156485397938
5,0.5547400047176788,-0.049664239026397515
5,0.5577735315287738,-0.05041634820147934
5,0.5608070583398685,-0.051177841081496867
5,0.5638405851509635,-0.05194866547862725
5,0.5668741119620583,-0.05272876831040276
5,0.5699076387731533,-0.05351809559473968
5,0.5729411655842481,-0.05431659244460366
5,0.575974692395343,-0.0551242030622981
5,0.5790082192064379,-0.05594087073335746
5,0.5820417460175328,-0.056766537820036655
5,0.5850752728286276,-0.057601145754438116
5,0.5881087996397226,-0.05844463503120196
5,0.5911423264508173,-0.05929694519981999
5,0.5941758532619122,-0.060158014856538766
5,0.5972093800730071,-0.061027781635822564
5,0.6002429068841021,-0.061906182201427865
5,0.6032764336951969,-0.06279315223704056
5,0.6063099605062918,-0.06368862643647294
5,0.6093434873173866,-0.0645925384934357
5,0.6123770141284816,-0.06550482109084882
5,0.6154105409395764,-0.06642540588971428
5,0.6184440677506713,-0.06735422351751585
5,0.6214775945617662,-0.06829120355615549
5,0.624511121372861,-0.0692362745294021
5,0.6275446481839558,-0.07018936388986212
5,0.6305781749950509,-0.07115039800545382
5,0.6336117018061457,-0.0721193021453591
5,0.6366452286172406,-0.07309600046547114
5,0.6396787554283353,-0.07408041599329919
5,0.6427122822394303,-0.07507247061235038
5,0.6457458090505251,-0.07607208504594064
5,0.6487793358616201,-0.07707917884043733
5,0.651812862672715,-0.07809367034794489
5,0.6548463894838098,-0.07911547670836236
5,0.6578799162949046,-0.08014451383086206
5,0.6609134431059995,-0.08118069637472311
5,0.6639469699170945,-0.08222393772953764
5,0.6669804967281894,-0.08327414999475216
5,0.6700140235392841,-0.08433124395854334
5,0.6730475503503791,-0.08539512907598196
5,0.6760810771614739,-0.08646571344651217
5,0.6791146039725688,-0.08754290379067355
5,0.6821481307836637,-0.08862660542607974
5,0.6851816575947586,-0.0897167222426434
5,0.6882151844058534,-0.09081315667695322
5,0.6912487112169483,-0.0919158096859002
5,0.6942822380280432,-0.09302458071938433
5,0.6973157648391382,-0.09413936769221226
5,0.7003492916502329,-0.09526006695505758
5,0.7033828184613279,-0.09638657326452209
5,0.7064163452724227,-0.09751877975220831
5,0.7094498720835176,-0.09865657789284611
5,0.7124833988946124,-0.09979985747137667
5,0.7155169257057074,-0.10094850654898012
5,0.7185504525168022,-0.10210241142803851
5,0.7215839793278971,-0.10326145661595744
5,0.7246175061389919,-0.10442552478784486
5,0.7276510329500869,-0.10559449674795468
5,0.7306845597611816,-0.10676825138993444
5,0.7337180865722766,-0.10794666565575524
5,0.7367516133833715,-0.1091296144933108
5,0.7397851401944664,-0.11031697081264845
5,0.7428186670055612,-0.11150860544077386
5,0.7458521938166562,-0.11270438707495715
5,0.7488857206277509,-0.11390418223450326
5,0.7519192474388459,-0.11510785521095714
5,0.7549527742499407,-0.11631526801661207
5,0.7579863010610357,-0.11752628033133852
5,0.7610198278721305,-0.11874074944759555
5,0.7640533546832253,-0.11995853021362542
5,0.7670868814943202,-0.121179474974685
5,0.7701204083054152,-0.12240343351230824
5,0.77315393511651,-0.12363025298147093
5,0.7761874619276049,-0.12485977784557802
5,0.7792209887386997,-0.12609184980921528
5,0.7822545155497946,-0.12732630774856438
5,0.7852880423608894,-0.12856298763932084
5,0.7883215691719845,-0.1298017224821268
5,0.7913550959830793,-0.13104234222530933
5,0.7943886227941741,-0.13228467368485425
5,0.7974221496052689,-0.13352854046150142
5,0.800455676416364,-0.1347737628548128
5,0.8034892032274588,-0.13602015777409887
5,0.8065227300385537,-0.1372675386460518
5,0.8095562568496485,-0.13851571531893628
5,0.8125897836607434,-0.13976449396320464
5,0.8156233104718382,-0.14101367696833542
5,0.8186568372829331,-0.14226306283574458
5,0.8216903640940281,-0.14351244606759025
5,0.8247238909051229,-0.14476161705124385
5,0.8277574177162177,-0.1460103619392764
5,0.8307909445273127,-0.14725846252468797
5,0.8338244713384075,-0.14850569611116127
5,0.8368579981495025,-0.14975183537814782
5,0.8398915249605972,-0.15099664824043518
5,0.8429250517716922,-0.15223989770200788
5,0.845958578582787,-0.15348134170385075
5,0.8489921053938819,-0.1547207329654195
5,0.8520256322049768,-0.1559578188194237
5,0.8550591590160717,-0.1571923410396065
5,0.8580926858271665,-0.15842403566110294
5,0.8611262126382614,-0.1596526327930145
5,0.8641597394493563,-0.1608778564227697
5,0.8671932662604512,-0.16209942421182952
5,0.8702267930715459,-0.16331704728221022
5,0.873260319882641,-0.16453042999338685
5,0.8762938466937358,-0.16573926970896702
5,0.8793273735048307,-0.16694325655257852
5,0.8823609003159255,-0.16814207315233018
5,0.8853944271270204,-0.16933539437320047
5,0.8884279539381152,-0.17052288703658852
5,0.8914614807492102,-0.17170420962632413
5,0.8944950075603051,-0.17287901198023214
5,0.8975285343714,-0.17404693496642804
5,0.9005620611824947,-0.17520761014335584
5,0.9035955879935897,-0.1763606594025488
5,0.9066291148046846,-0.17750569459300305
5,0.9096626416157795,-0.17864231712598147
5,0.9126961684268743,-0.1797701175589427
5,0.9157296952379693,-0.1808886751572284
5,0.918763222049064,-0.18199755743198662
5,0.9217967488601589,-0.18309631965270512
5,0.9248302756712538,-0.18418450433260897
5,0.9278638024823488,-0.1852616406850018
5,0.9308973292934435,-0.18632724404845594
5,0.9339308561045384,-0.1873808152786407
5,0.9369643829156333,-0.18842184010429705
5,0.9399979097267283,-0.18944978844468355
5,0.9430314365378231,-0.19046411368560937
5,0.9460649633489181,-0.19146425191082636
5,0.9490984901600128,-0.19244962108533425
5,0.9521320169711077,-0.1934196201867335
5,0.9551655437822025,-0.19437362828049212
5,0.9581990705932976,-0.19531100353447475
5,0.9612325974043924,-0.19623108216771715
5,0.9642661242154872,-0.19713317732784208
5,0.9672996510265821,-0.19801657789098157
5,0.970333177837677,-0.19888054717738504
5,0.9733667046487718,-0.19972432157524056
5,0.9764002314598668,-0.20054710906424272
5,0.9794337582709616,-0.20134808762980594
5,0.9824672850820565,-0.20212640355739975
5,0.9855008118931513,-0.20288116959564143
5,0.9885343387042463,-0.2036114629751841
5,0.9915678655153412,-0.20431632326898694
5,0.994601392326436,-0.20499475007783222
5,0.9976349191375309,-0.20564570052278197
5,1.000668445948626,-0.2062680865241207
5,1.0037019727597205,-0.2068607718435185
5,1.0067354995708155,-0.20742256886309512
5,1.0097690263819104,-0.20795223507148433
5,1.0128025531930052,-0.2084484692228187
5,1.0158360800041002,-0.20890990712965854
5,1.018869606815195,-0.20933511704520508
5,1.0219031336262898,-0.2097225945834474
5,1.0249366604373848,-0.21007075711793396
5,1.0279701872484797,-0.2103779375905549
5,1.0310037140595747,-0.2106423776505363
5,1.0340372408706693,-0.21086222003054741
5,1.0370707676817643,-0.21103550005088728
5,1.0401042944928591,-0.21116013612336118
5,1.043137821303954,-0.21123391910324507
5,1.046171348115049,-0.21125450030909151
5,1.0492048749261438,-0.21121937799538795
5,1.0522384017372386,-0.21112588201988663
5,1.0552719285483336,-0.21097115639404024
5,1.0583054553594284,-0.21075213933805903
5,1.0613389821705235,-0.21046554037789794
5,1.064372508981618,-0.2101078139145781
5,1.067406035792713,-0.20967512855922643
5,1.070439562603808,-0.20916333135033208
5,1.0734730894149027,-0.2085679057387499
5,1.0765066162259977,-0.20788392192135796
5,1.0795401430370926,-0.20710597769791447
5,1.0825736698481874,-0.20622812747663974
5,1.0856071966592824,-0.2052437963019719
5,1.0886407234703772,-0.2041456747327064
5,1.0916742502814722,-0.20292558892100185
5,1.0947077770925668,-0.20157433811608352
5,1.0977413039036616,-0.20008148869216716
5,1.1007748307147567,-0.19843510910531625
5,1.1038083575258515,-0.19662142294467155
5,1.1068418843369465,-0.19462434575041035
5,1.1098754111480413,-0.19242485240048607
5,1.1129089379591361,-0.1900000896528528
5,1.1159424647702312,-0.18732209084673188
5,1.1189759915813258,-0.18435584102456862
5,1.122009518392421,-0.18105622113538108
5,1.1250430452035156,-0.17736287762606334
5,1.1280765720146104,-0.17319088226857424
5,1.1311100988257055,-0.16841169015080615
5,1.1341436256368003,-0.16280703321032908
5,1.1371771524478953,-0.1559173021313435
5,1.1402106792589901,-0.14558013978509185
6,-0.0627450980392157,-0.01453959352768043
6,-0.05976810633676151,-0.019874491087374883
6,-0.056791114634307326,-0.024256089383585085
6,-0.053814122931853135,-0.02801719298687932
6,-0.05083713122939895,-0.03130471775634749
6,-0.047860139526944775,-0.03421061960907743
6,-0.044883147824490585,-0.03679864657228776
6,-0.041906156122036395,-0.03911576835514132
6,-0.038929164419582205,-0.041198081398559364
6,-0.035952172717128014,-0.04307420817698632
6,-0.03297518101467383,-0.044767403758687124
6,-0.02999818931221964,-0.0462969346873223
6,-0.027021197609765457,-0.04767902094474712
6,-0.024044205907311274,-0.04892750201836906
6,-0.021067214204857083,-0.050054321510961806
6,-0.018090222502402893,-0.05106988830852674
6,-0.01511323079994871,-0.05198335134511124
6,-0.012136239097494526,-0.05280281239354275
6,-0.009159247395040336,-0.05353549345121847
6,-0.006182255692586146,-0.054187870235517036
6,-0.0032052639901319693,-0.054765779963521624
6,-0.00022827228767778596,-0.05527450933052967
6,0.0027487194147764044,-0.05571886703940929
6,0.005725711117230595,-0.05610324413224702
6,0.008702702819684778,-0.05643166458693744
6,0.011679694522138961,-0.056707828067459776
6,0.014656686224593152,-0.05693514629290963
6,0.01763367792704735,-0.05711677417369612
6,0.020610669629501532,-0.05725563662374782
6,0.023587661331955716,-0.05735445177442214
6,0.026564653034409906,-0.05741575117432464
6,0.029541644736864096,-0.05744189744893596
6,0.03251863643931828,-0.05743509980722023
6,0.03549562814177246,-0.05739742771366563
6,0.03847261984422665,-0.0573308229892513
6,0.041449611546680844,-0.05723711056068368
6,0.04442660324913503,-0.057118008041506595
6,0.04740359495158921,-0.05697513429949009
6,0.0503805866540434,-0.056810017140923354
6,0.05335757835649758,-0.056624100222632395
6,0.05633457005895176,-0.05641874928635648
6,0.059311561761405944,-0.05619525779645701
6,0.062288553463860134,-0.05595485205065804
6,0.06526554516631433,-0.05569869582390326
6,0.06824253686876852,-0.055427894597402286
6,0.07121952857122271,-0.0551434994181705
6,0.07419652027367689,-0.054846510428441485
6,0.07717351197613109,-0.05453788009950908
6,0.08015050367858526,-0.05421851620026577
6,0.08312749538103946,-0.05388928452700932
6,0.08610448708349364,-0.053551011418061074
6,0.08908147878594784,-0.05320448607389897
6,0.09205847048840202,-0.05285046270125391
6,0.09503546219085618,-0.05248966249747826
6,0.09801245389331038,-0.05212277548978995
6,0.10098944559576456,-0.05175046224235541
6,0.10396643729821875,-0.051373355442857545
6,0.10694342900067293,-0.05099206137896695
6,0.10992042070312713,-0.05060716131405011
6,0.11289741240558131,-0.050219212770579856
6,0.11587440410803551,-0.0498287507287732
6,0.11885139581048967,-0.049436288747370494
6,0.12182838751294389,-0.049042320012717806
6,0.12480537921539805,-0.04864731832176767
6,0.12778237091785227,-0.04825173900411313
6,0.13075936262030644,-0.047856019787667285
6,0.13373635432276063,-0.04746058161222737
6,0.13671334602521482,-0.04706582939472553
6,0.139690337727669,-0.04667215274972932
6,0.14266732943012317,-0.046279926668333735
6,0.1456443211325774,-0.045889512158462036
6,0.14862131283503155,-0.04550125684915663
6,0.15159830453748574,-0.04511549556144603
6,0.15457529623993993,-0.04473255084797042
6,0.15755228794239412,-0.04435273350346683
6,0.1605292796448483,-0.04397634304808906
6,0.1635062713473025,-0.04360366818524267
6,0.16648326304975666,-0.043234987235655525
6,0.16946025475221085,-0.0428705685491373
6,0.17243724645466507,-0.04251067089544808
6,0.17541423815711923,-0.0421555438355604
6,0.17839122985957342,-0.041805428074532205
6,0.1813682215620276,-0.0414605557970515
6,0.1843452132644818,-0.04112115098675888
6,0.18732220496693597,-0.040787429730238516
6,0.19029919666939016,-0.0404596005066047
6,0.19327618837184435,-0.040137864463506194
6,0.19625318007429854,-0.039822415680319766
6,0.19923017177675273,-0.03951344141926648
6,0.2022071634792069,-0.03921112236508707
6,0.2051841551816611,-0.03891563285395583
6,0.2081611468841153,-0.038627141092184736
6,0.21113813858656946,-0.038345809365262
6,0.21411513028902363,-0.03807179423778423
6,0.21709212199147787,-0.03780524674471701
6,0.22006911369393206,-0.03754631257442246
6,0.22304610539638622,-0.03729513224398027
6,0.2260230970988404,-0.03705184126703808
6,0.22900008880129463,-0.03681657031471331
6,0.2319770805037488,-0.03658944536981832
6,0.23495407220620296,-0.03637058787473803
6,0.23793106390865715,-0.0361601148733209
6,0.24090805561111137,-0.035958139147015254
6,0.24388504731356556,-0.03576476934555716
6,0.24686203901601972,-0.03558011011249028
6,0.24983903071847388,-0.035404262205705014
6,0.25281602242092804,-0.035237322613284425
6,0.2557930141233823,-0.03507938466483369
6,0.2587700058258365,-0.03493053813854017
6,0.2617469975282906,-0.034790869364112076
6,0.2647239892307448,-0.034660461321811435
6,0.26770098093319905,-0.03453939373775967
6,0.2706779726356532,-0.03442774317564046
6,0.2736549643381074,-0.034325583125021444
6,0.27663195604056157,-0.03423298408636576
6,0.2796089477430158,-0.03415001365294456
6,0.28258593944546995,-0.034076736589732114
6,0.28556293114792414,-0.03401321490944289
6,0.2885399228503783,-0.03395950794580703
6,0.2915169145528326,-0.03391567242421114
6,0.2944939062552867,-0.033881762529812134
6,0.2974708979577409,-0.033857829973227165
6,0.3004478896601951,-0.03384392405387988
6,0.3034248813626493,-0.033840091721119875
6,0.30640187306510347,-0.03384637763319967
6,0.3093788647675576,-0.03386282421416618
6,0.3123558564700118,-0.033889471708796824
6,0.31533284817246604,-0.033926358235605046
6,0.31830983987492023,-0.03397351983801471
6,0.32128683157737437,-0.03403099053377361
6,0.32426382327982856,-0.034098802362658304
6,0.32724081498228275,-0.0341769854325539
6,0.330217806684737,-0.034265567963940244
6,0.3331947983871911,-0.03436457633287862
6,0.3361717900896453,-0.034474035112498504
6,0.3391487817920995,-0.03459396711311397
6,0.3421257734945537,-0.034724393420938734
6,0.3451027651970079,-0.034865333435516004
6,0.3480797568994621,-0.03501680490584925
6,0.3510567486019162,-0.03517882396531756
6,0.35403374030437046,-0.03535140516542758
6,0.35701073200682465,-0.03553456150837634
6,0.3599877237092788,-0.03572830447853843
6,0.362964715411733,-0.03593264407286541
6,0.3659417071141872,-0.03614758883027277
6,0.36891869881664135,-0.0363731458599826
6,0.37189569051909555,-0.0366093208689285
6,0.37487268222154974,-0.03685611818820953
6,0.377849673924004,-0.03711354079862457
6,0.3808266656264581,-0.03738159035534313
6,0.3838036573289123,-0.03766026721167979
6,0.3867806490313665,-0.03794957044208088
6,0.3897576407338207,-0.038249497864277435
6,0.3927346324362749,-0.03856004606066521
6,0.39571162413872907,-0.03888121039891102
6,0.3986886158411832,-0.039212985051833946
6,0.4016656075436374,-0.03955536301656464
6,0.40464259924609164,-0.03990833613298827
6,0.40761959094854583,-0.040271895101535865
6,0.41059658265099996,-0.040646029500281435
6,0.41357357435345415,-0.041030727801427684
6,0.41655056605590834,-0.04142597738713571
6,0.41952755775836253,-0.04183176456475223
6,0.4225045494608167,-0.04224807458144154
6,0.4254815411632709,-0.042674891638234264
6,0.4284585328657251,-0.04311219890350424
6,0.4314355245681793,-0.043559978525892926
6,0.4344125162706335,-0.04401821164668745
6,0.4373895079730876,-0.04448687841167135
6,0.44036649967554187,-0.044965957982464326
6,0.44334349137799606,-0.04545542854732584
6,0.44632048308045025,-0.04595526733149875
6,0.4492974747829044,-0.04646545060704182
6,0.45227446648535863,-0.04698595370218847
6,0.4552514581878128,-0.04751675101024386
6,0.45822844989026695,-0.04805781599801743
6,0.46120544159272114,-0.048609121213806554
6,0.4641824332951754,-0.04917063829492753
6,0.46715942499762947,-0.04974233797482989
6,0.4701364167000837,-0.05032419008976337
6,0.47311340840253796,-0.05091616358503383
6,0.47609040010499204,-0.05151822652082877
6,0.4790673918074463,-0.05213034607766472
6,0.4820443835099004,-0.05275248856138957
6,0.48502137521235467,-0.053384619407818856
6,0.48799836691480886,-0.05402670318695755
6,0.490975358617263,-0.05467870360684011
6,0.49395235031971724,-0.055340583516988846
6,0.4969293420221714,-0.05601230491149436
6,0.49990633372462556,-0.05669382893169651
6,0.5028833254270798,-0.05738511586851244
6,0.5058603171295339,-0.05808612516439608
6,0.5088373088319882,-0.05879681541490662
6,0.5118143005344423,-0.059517144369938345
6,0.5147912922368965,-0.06024706893455855
6,0.5177682839393507,-0.0609865451695177
6,0.520745275641805,-0.06173552829136225
6,0.5237222673442591,-0.062493972672207486
6,0.5266992590467133,-0.06326183183916347
6,0.5296762507491675,-0.0640390584733816
6,0.5326532424516216,-0.06482560440875315
6,0.5356302341540758,-0.06562142063025635
6,0.53860722585653,-0.06642645727193425
6,0.5415842175589842,-0.06724066361453354
6,0.5445612092614385,-0.06806398808277334
6,0.5475382009638927,-0.06889637824224633
6,0.5505151926663467,-0.06973778079598836
6,0.553492184368801,-0.0705881415806593
6,0.5564691760712551,-0.07144740556237143
6,0.5594461677737094,-0.07231551683215313
6,0.5624231594761635,-0.07319241860105137
6,0.5654001511786177,-0.07407805319484896
6,0.5683771428810718,-0.07497236204842012
6,0.5713541345835261,-0.07587528569971311
6,0.5743311262859803,-0.07678676378333651
6,0.5773081179884345,-0.07770673502377771
6,0.5802851096908886,-0.0786351372282402
6,0.5832621013933429,-0.07957190727905994
6,0.586239093095797,-0.08051698112575502
6,0.5892160847982512,-0.08147029377665324
6,0.5921930765007053,-0.0824317792901355
6,0.5951700682031597,-0.08340137076543289
6,0.5981470599056138,-0.0843790003330315
6,0.601124051608068,-0.0853645991446469
6,0.6041010433105222,-0.08635809736276304
6,0.6070780350129764,-0.08735942414971759
6,0.6100550267154304,-0.08836850765637039
6,0.6130320184178847,-0.0893852750102945
6,0.6160090101203388,-0.09040965230349289
6,0.6189860018227932,-0.09144156457968616
6,0.6219629935252473,-0.09248093582105772
6,0.6249399852277016,-0.09352768893457122
6,0.6279169769301556,-0.09458174573773
6,0.6308939686326098,-0.09564302694385471
6,0.633870960335064,-0.09671145214682965
6,0.6368479520375182,-0.0977869398053207
6,0.6398249437399723,-0.09886940722642322
6,0.6428019354424267,-0.09995877054877006
6,0.6457789271448808,-0.10105494472506174
6,0.648755918847335,-0.10215784350399522
6,0.6517329105497891,-0.10326737941160831
6,0.6547099022522433,-0.10438346373198093
6,0.6576868939546975,-0.10550600648733166
6,0.6606638856571517,-0.10663491641744138
6,0.6636408773596059,-0.1077701009584056
6,0.6666178690620601,-0.10891146622071544
6,0.6695948607645142,-0.11005891696662808
6,0.6725718524669685,-0.11121235658679242
6,0.6755488441694226,-0.1123716870761603
6,0.6785258358718769,-0.11353680900909792
6,0.681502827574331,-0.1147076215137311
6,0.6844798192767853,-0.11588402224545569
6,0.6874568109792393,-0.11706590735961604
6,0.6904338026816935,-0.11825317148333063
6,0.6934107943841478,-0.11944570768641109
6,0.696387786086602,-0.12064340745135481
6,0.6993647777890561,-0.12184616064240766
6,0.7023417694915104,-0.12305385547364366
6,0.7053187611939644,-0.12426637847601363
6,0.7082957528964187,-0.12548361446337797
6,0.7112727445988728,-0.1267054464974291
6,0.714249736301327,-0.1279317558515283
6,0.7172267280037812,-0.12916242197335667
6,0.7202037197062355,-0.13039732244640592
6,0.7231807114086897,-0.13163633295020627
6,0.7261577031111438,-0.13287932721928514
6,0.7291346948135979,-0.13412617700080903
6,0.7321116865160522,-0.13537675201083235
6,0.7350886782185063,-0.1366309198891568
6,0.7380656699209606,-0.13788854615268328
6,0.7410426616234147,-0.13914949414725078
6,0.7440196533258691,-0.14041362499790266
6,0.7469966450283231,-0.14168079755747062
6,0.7499736367307773,-0.1429508683534925
6,0.7529506284332315,-0.1442236915333254
6,0.7559276201356857,-0.14549911880742256
6,0.7589046118381398,-0.1467769993907056
6,0.7618816035405941,-0.14805717994193388
6,0.7648585952430481,-0.14933950450100134
6,0.7678355869455025,-0.15062381442408326
6,0.7708125786479566,-0.15190994831652796
6,0.7737895703504108,-0.15319774196344085
6,0.776766562052865,-0.15448702825779645
6,0.7797435537553192,-0.1557776371260417
6,0.7827205454577734,-0.15706939545104193
6,0.7856975371602275,-0.1583621269922854
6,0.7886745288626816,-0.1596556523031919
6,0.791651520565136,-0.1609497886454277
6,0.7946285122675901,-0.16224434990009712
6,0.7976055039700444,-0.16353914647564963
6,0.8005824956724985,-0.16483398521235132
6,0.8035594873749528,-0.1661286692832145
6,0.8065364790774068,-0.1674229980911535
6,0.809513470779861,-0.1687167671622507
6,0.8124904624823152,-0.1700097680348966
6,0.8154674541847695,-0.17130178814467445
6,0.8184444458872236,-0.17259261070471732
6,0.8214214375896779,-0.1738820145813662
6,0.8243984292921319,-0.17516977416489554
6,0.8273754209945862,-0.17645565923501186
6,0.8303524126970403,-0.17773943482097238
6,0.8333294043994945,-0.17902086105592008
6,0.8363063961019487,-0.1802996930252577
6,0.8392833878044029,-0.18157568060867957
6,0.8422603795068571,-0.18284856831556512
6,0.8452373712093113,-0.1841180951133785
6,0.8482143629117654,-0.18538399424871366
6,0.8511913546142197,-0.1866459930605618
6,0.8541683463166738,-0.18790381278541257
6,0.8571453380191281,-0.1891571683537196
6,0.8601223297215822,-0.19040576817727553
6,0.8630993214240363,-0.19164931392693796
6,0.8660763131264905,-0.19288750030024154
6,0.8690533048289448,-0.19412001477820912
6,0.872030296531399,-0.19534653737083724
6,0.8750072882338532,-0.19656674035053395
6,0.8779842799363073,-0.1977802879727787
6,0.8809612716387616,-0.19898683618331003
6,0.8839382633412156,-0.2001860323109285
6,0.8869152550436699,-0.20137751474508847
6,0.889892246746124,-0.2025609125973192
6,0.8928692384485784,-0.20373584534543498
6,0.8958462301510325,-0.204901922459427
6,0.8988232218534867,-0.2060587430079062
6,0.9018002135559408,-0.20720589524373223
6,0.904777205258395,-0.20834295616750234
6,0.9077541969608491,-0.2094694910673919
6,0.9107311886633034,-0.2105850530337123
6,0.9137081803657575,-0.21168918244644544
6,0.9166851720682119,-0.21278140643385487
6,0.9196621637706659,-0.2138612383000853
6,0.9226391554731201,-0.2149281769195446
6,0.9256161471755743,-0.21598170609557546
6,0.9285931388780285,-0.21702129388079489
6,0.9315701305804827,-0.21804639185617375
6,0.9345471222829369,-0.21905643436569805
6,0.937524113985391,-0.22005083770311926
6,0.9405011056878453,-0.2210289992470261
6,0.9434780973902994,-0.22199029654002578
6,0.9464550890927537,-0.22293408630749612
6,0.9494320807952078,-0.22385970341084746
6,0.952409072497662,-0.22476645972973594
6,0.9553860642001162,-0.22565364296714105
6,0.9583630559025704,-0.2265205153704907
6,0.9613400476050245,-0.2273663123613737
6,0.9643170393074788,-0.22819024106550873
6,0.9672940310099329,-0.22899147873373493
6,0.9702710227123872,-0.22976917104375455
6,0.9732480144148413,-0.23052243027112246
6,0.9762250061172956,-0.2312503333167317
6,0.9792019978197496,-0.2319519195763172
6,0.9821789895222038,-0.23262618863599765
6,0.985155981224658,-0.23327209777561939
6,0.9881329729271122,-0.23388855925949129
6,0.9911099646295665,-0.23447443739139104
6,0.9940869563320206,-0.23502854530760917
6,0.9970639480344747,-0.23554964147831592
6,1.000040939736929,-0.23603642588322685
6,1.0030179314393832,-0.23648753582285154
6,1.0059949231418375,-0.2369015413208204
6,1.0089719148442915,-0.2372769400661455
6,1.0119489065467457,-0.23761215183642057
6,1.0149258982491998,-0.23790551233359775
6,1.0179028899516542,-0.23815526635289405
6,1.0208798816541083,-0.23835956019218837
6,1.0238568733565625,-0.23851643319327342
6,1.0268338650590165,-0.23862380828721588
6,1.0298108567614708,-0.23867948139280057
6,1.032787848463925,-0.23868110948871016
6,1.0357648401663793,-0.23862619714525754
6,1.0387418318688335,-0.23851208125876908
6,1.0417188235712875,-0.23833591367826684
6,1.0446958152737418,-0.23809464134776354
6,1.047672806976196,-0.23778498350338892
6,1.05064979867865,-0.23740340535832213
6,1.0536267903811045,-0.23694608757195973
6,1.0566037820835585,-0.236408890623732
6,1.0595807737860128,-0.23578731298191666
6,1.0625577654884668,-0.23507644165463157
6,1.0655347571909213,-0.23427089330550654
6,1.0685117488933753,-0.23336474356995351
6,1.0714887405958293,-0.23235144145920322
6,1.0744657322982836,-0.23122370469854067
6,1.0774427240007378,-0.22997339037499642
6,1.080419715703192,-0.22859133315231522
6,1.0833967074056463,-0.22706714020052568
6,1.0863736991081003,-0.22538892731301247
6,1.0893506908105546,-0.22354297347654895
6,1.0923276825130086,-0.22151325971694882
6,1.095304674215463,-0.21928083925520378
6,1.098281665917917,-0.21682295393486328
6,1.1012586576203716,-0.21411175455011722
6,1.1042356493228256,-0.21111237443843664
6,1.1072126410252796,-0.2077798870618951
6,1.1101896327277339,-0.204054198058978
6,1.113166624430188,-0.19985074596237545
6,1.1161436161326423,-0.19504154355450062
6,1.1191206078350964,-0.18940927325244528
6,1.1220975995375506,-0.18249633277977154
6,1.1250745912400049,-0.1721498265567916
7,-0.07011599113775575,-0.0019034571888818849
7,-0.06708876383113248,-0.011389400674077309
7,-0.0640615365245092,-0.01764467726066524
7,-0.06103430921788593,-0.022688979858955603
7,-0.058007081911262665,-0.026957250580639427
7,-0.05497985460463939,-0.030657665452365642
7,-0.05195262729801611,-0.03391350286391273
7,-0.048925399991392844,-0.036806534688401366
7,-0.04589817268476957,-0.03939503743259763
7,-0.04287094537814631,-0.0417226654756513
7,-0.039843718071523024,-0.04382334351363533
7,-0.03681649076489975,-0.04572419025819497
7,-0.03378926345827649,-0.047447375035100554
7,-0.030762036151653217,-0.04901135423141692
7,-0.02773480884502995,-0.0504317269543404
7,-0.02470758153840666,-0.051721846207193105
7,-0.021680354231783397,-0.052893267184575446
7,-0.018653126925160128,-0.0539560836166779
7,-0.015625899618536852,-0.054919185089815636
7,-0.012598672311913583,-0.05579045728451669
7,-0.009571445005290308,-0.056576940140764344
7,-0.006544217698667032,-0.057284954457228664
7,-0.003516990392043756,-0.057920204430206006
7,-0.0004897630854204943,-0.058487861592334156
7,0.0025374642212027815,-0.05899263418794573
7,0.005564691527826057,-0.05943882501367057
7,0.008591918834449333,-0.059830380026999634
7,0.011619146141072609,-0.06017092949468978
7,0.01464637344769587,-0.060463823059807666
7,0.017673600754319133,-0.06071215981113845
7,0.020700828060942422,-0.06091881421479386
7,0.023728055367565698,-0.06108645859627568
7,0.026755282674188974,-0.06121758272808641
7,0.029782509980812222,-0.061314510974296646
7,0.03280973728743551,-0.061379417361351704
7,0.03583696459405879,-0.06141433887945645
7,0.03886419190068205,-0.06142118726679787
7,0.041891419207305325,-0.061401759486828224
7,0.04491864651392859,-0.061357747074889744
7,0.047945873820551876,-0.061290744502627226
7,0.05097310112717514,-0.06120225668582024
7,0.054000328433798414,-0.061093705742555265
7,0.05702755574042169,-0.06096643709288754
7,0.06005478304704495,-0.06082172497829382
7,0.06308201035366824,-0.06066077746822184
7,0.06610923766029149,-0.060484741011900295
7,0.06913646496691477,-0.060294704585845564
7,0.07216369227353804,-0.06009170348092889
7,0.07519091958016132,-0.05987672276727131
7,0.07821814688678458,-0.05965070047045968
7,0.08124537419340787,-0.059414530488492726
7,0.08427260150003114,-0.05916906527533305
7,0.0872998288066544,-0.05891511831390945
7,0.09032705611327768,-0.058653466398784146
7,0.09335428341990096,-0.058384851746380195
7,0.09638151072652422,-0.05810998394877302
7,0.09940873803314748,-0.05782954178514927
7,0.10243596533977076,-0.05754417490372259
7,0.10546319264639403,-0.05725450538538348
7,0.10849041995301731,-0.05696112919927542
7,0.11151764725964058,-0.05666461755945392
7,0.11454487456626386,-0.05636551819086834
7,0.11757210187288714,-0.056064356512056095
7,0.12059932917951041,-0.05576163674128423
7,0.12362655648613369,-0.055457842932196945
7,0.12665378379275694,-0.05515343994445326
7,0.1296810110993802,-0.05484887435439712
7,0.1327082384060035,-0.054544575310226114
7,0.13573546571262676,-0.05424095533585299
7,0.13876269301925004,-0.05393841108721367
7,0.14178992032587331,-0.053637324064439725
7,0.1448171476324966,-0.05333806128308347
7,0.14784437493911987,-0.053040975907237047
7,0.15087160224574314,-0.05274640784722214
7,0.15389882955236642,-0.05245468432424376
7,0.15692605685898967,-0.05216612040428322
7,0.15995328416561294,-0.05188101950319812
7,0.16298051147223622,-0.05159967386503497
7,0.1660077387788595,-0.051322365015182024
7,0.16903496608548277,-0.05104936419004269
7,0.17206219339210604,-0.05078093274469752
7,0.1750894206987293,-0.05051732253990995
7,0.1781166480053526,-0.05025877630978135
7,0.18114387531197587,-0.05000552801121006
7,0.18417110261859915,-0.04975780315624323
7,0.1871983299252224,-0.049515819128396976
7,0.19022555723184567,-0.04927978548378284
7,0.19325278453846895,-0.04904990423804257
7,0.19628001184509225,-0.04882637013980531
7,0.1993072391517155,-0.048609370931479524
7,0.20233446645833875,-0.04839908759812475
7,0.20536169376496202,-0.04819569460496007
7,0.2083889210715853,-0.04799936012425897
7,0.21141614837820855,-0.04781024625210683
7,0.21444337568483185,-0.047628509215625135
7,0.2174706029914551,-0.047454299571127
7,0.2204978302980784,-0.04728776239373444
7,0.22352505760470165,-0.04712903745884026
7,0.22655228491132495,-0.04697825941586734
7,0.2295795122179482,-0.04683555795474
7,0.23260673952457148,-0.04670105796536133
7,0.23563396683119475,-0.046574879690543164
7,0.23866119413781803,-0.046457138872624565
7,0.2416884214444413,-0.046347946894136655
7,0.24471564875106458,-0.04624741091280364
7,0.24774287605768786,-0.04615563399110335
7,0.25077010336431116,-0.04607271522072754
7,0.2537973306709344,-0.04599874984209121
7,0.2568245579775577,-0.045933829359188216
7,0.2598517852841809,-0.045878041649979905
7,0.26287901259080415,-0.045831471072521585
7,0.26590623989742745,-0.04579419856702902
7,0.26893346720405076,-0.045766301754053273
7,0.271960694510674,-0.0457478550289583
7,0.27498792181729725,-0.04573892965282782
7,0.27801514912392056,-0.04573959384001046
7,0.28104237643054386,-0.045749912842385713
7,0.2840696037371671,-0.04576994903053831
7,0.28709683104379036,-0.045799761971976626
7,0.29012405835041366,-0.04583940850643692
7,0.29315128565703696,-0.045888942818544894
7,0.2961785129636602,-0.04594841650777005
7,0.29920574027028346,-0.04601787865593062
7,0.30223296757690676,-0.046097375892252455
7,0.30526019488353,-0.046186952456124634
7,0.3082874221901533,-0.04628665025763282
7,0.31131464949677656,-0.046396508935963435
7,0.31434187680339987,-0.0465165659157438
7,0.3173691041100231,-0.04664685646140387
7,0.32039633141664636,-0.046787413729684896
7,0.3234235587232696,-0.04693826882025506
7,0.3264507860298929,-0.04709945082463568
7,0.32947801333651616,-0.047270986873381986
7,0.33250524064313947,-0.047452902181672314
7,0.3355324679497627,-0.04764522009332235
7,0.338559695256386,-0.04784796212325182
7,0.34158692256300927,-0.04806114799855463
7,0.34461414986963257,-0.048284795698110235
7,0.3476413771762558,-0.048518921490860616
7,0.3506686044828791,-0.04876353997277441
7,0.35369583178950237,-0.04901866410255113
7,0.35672305909612567,-0.049284305236083056
7,0.3597502864027489,-0.04956047315977362
7,0.3627775137093722,-0.04984717612267368
7,0.36580474101599547,-0.050144420867548216
7,0.3688319683226188,-0.05045221266085294
7,0.371859195629242,-0.05077055532169283
7,0.3748864229358653,-0.0510994512497688
7,0.3779136502424886,-0.051438901452368416
7,0.3809408775491118,-0.05178890557040379
7,0.38396810485573507,-0.05214946190355746
7,0.3869953321623584,-0.05252056743452502
7,0.3900225594689816,-0.052902217852430114
7,0.39304978677560487,-0.05329440757538855
7,0.3960770140822282,-0.053697129772265054
7,0.3991042413888515,-0.054110376383666996
7,0.4021314686954747,-0.054534138142164894
7,0.405158696002098,-0.05496840459176802
7,0.4081859233087213,-0.05541316410670847
7,0.4112131506153446,-0.05586840390948562
7,0.41424037792196783,-0.056334110088271466
7,0.4172676052285911,-0.056810267613626425
7,0.4202948325352144,-0.05729686035458591
7,0.4233220598418377,-0.05779387109410171
7,0.42634928714846093,-0.058301281543898936
7,0.4293765144550842,-0.05881907235869818
7,0.4324037417617075,-0.0593472231498846
7,0.4354309690683308,-0.0598857124985944
7,0.43845819637495403,-0.06043451796825359
7,0.4414854236815772,-0.06099361611654923
7,0.44451265098820053,-0.06156298250689704
7,0.4475398782948238,-0.06214259171937829
7,0.4505671056014471,-0.06273241736116222
7,0.45359433290807033,-0.06333243207643703
7,0.45662156021469363,-0.06394260755583443
7,0.4596487875213169,-0.06456291454541202
7,0.46267601482794024,-0.06519332285511008
7,0.46570324213456343,-0.06583380136680783
7,0.4687304694411868,-0.06648431804186397
7,0.47175769674781,-0.06714483992826098
7,0.47478492405443323,-0.06781533316729244
7,0.47781215136105654,-0.0684957629997955
7,0.4808393786676798,-0.06918609377199506
7,0.4838666059743031,-0.06988628894091035
7,0.48689383328092634,-0.07059631107933996
7,0.48992106058754964,-0.07131612188045022
7,0.4929482878941729,-0.0720456821619634
7,0.4959755152007962,-0.0727849518699296
7,0.49900274250741944,-0.07353389008211994
7,0.5020299698140428,-0.07429245501103114
7,0.505057197120666,-0.07506060400648867
7,0.5080844244272893,-0.0758382935578729
7,0.5111116517339125,-0.07662547929597963
7,0.5141388790405359,-0.0774221159944783
7,0.5171661063471591,-0.078228157571015
7,0.5201933336537824,-0.07904355708793498
7,0.5232205609604056,-0.07986826675263277
7,0.5262477882670289,-0.08070223791754359
7,0.5292750155736522,-0.0815454210797473
7,0.5323022428802754,-0.08239776588022363
7,0.5353294701868987,-0.08325922110274196
7,0.5383566974935221,-0.08412973467236264
7,0.5413839248001453,-0.08500925365360372
7,0.5444111521067686,-0.08589772424821876
7,0.5474383794133918,-0.08679509179262004
7,0.5504656067200152,-0.08770130075493243
7,0.5534928340266384,-0.08861629473167174
7,0.5565200613332617,-0.0895400164440735
7,0.5595472886398849,-0.0904724077340219
7,0.5625745159465083,-0.09141340955964755
7,0.5656017432531315,-0.09236296199049922
7,0.5686289705597548,-0.09332100420238748
7,0.571656197866378,-0.0942874744718133
7,0.5746834251730013,-0.09526231017003253
7,0.5777106524796246,-0.09624544775672887
7,0.5807378797862479,-0.09723682277329491
7,0.5837651070928711,-0.0982363698357217
7,0.5867923343994945,-0.09924402262709703
7,0.5898195617061176,-0.10025971388967568
7,0.592846789012741,-0.10128337541658458
7,0.5958740163193641,-0.1023149380430651
7,0.5989012436259874,-0.10335433163734105
7,0.6019284709326107,-0.10440148509102987
7,0.604955698239234,-0.10545632630914424
7,0.6079829255458572,-0.1065187821996307
7,0.6110101528524805,-0.10758877866250943
7,0.6140373801591038,-0.10866624057848687
7,0.6170646074657271,-0.10975109179719242
7,0.6200918347723503,-0.11084325512487964
7,0.6231190620789736,-0.11194265231168297
7,0.6261462893855969,-0.1130492040383791
7,0.6291735166922202,-0.11416282990265464
7,0.6322007439988434,-0.11528344840484891
7,0.6352279713054667,-0.11641097693320693
7,0.63825519861209,-0.11754533174858181
7,0.6412824259187133,-0.11868642796861373
7,0.6443096532253365,-0.11983417955133134
7,0.6473368805319598,-0.12098849927820443
7,0.6503641078385831,-0.12214929873662347
7,0.6533913351452064,-0.12331648830176184
7,0.6564185624518296,-0.12448997711785591
7,0.6594457897584529,-0.1256696730788427
7,0.6624730170650762,-0.1268554828083665
7,0.6655002443716995,-0.1280473116391175
7,0.6685274716783227,-0.12924506359152446
7,0.671554698984946,-0.13044864135171322
7,0.6745819262915693,-0.1316579462488043
7,0.6776091535981926,-0.1328728782314202
7,0.6806363809048158,-0.13409333584349672
7,0.6836636082114391,-0.13531921619928455
7,0.6866908355180624,-0.13655041495757134
7,0.6897180628246857,-0.13778682629507288
7,0.6927452901313089,-0.13902834287898616
7,0.6957725174379322,-0.1402748558386737
7,0.6987997447445555,-0.1415262547364473
7,0.7018269720511788,-0.14278242753742368
7,0.704854199357802,-0.1440432605784284
7,0.7078814266644253,-0.1453086385359086
7,0.7109086539710484,-0.14657844439285067
7,0.7139358812776719,-0.14785255940460793
7,0.716963108584295,-0.14913086306368006
7,0.7199903358909183,-0.1504132330633427
7,0.7230175631975415,-0.15169954526013535
7,0.7260447905041649,-0.1529896736351445
7,0.7290720178107881,-0.15428349025402358
7,0.7320992451174114,-0.15558086522577116
7,0.7351264724240346,-0.1568816666601268
7,0.738153699730658,-0.1581857606236294
7,0.7411809270372812,-0.15949301109421168
7,0.7442081543439045,-0.16080327991435067
7,0.7472353816505277,-0.16211642674264154
7,0.7502626089571511,-0.16343230900380992
7,0.7532898362637743,-0.1647507818370499
7,0.7563170635703976,-0.16607169804265842
7,0.7593442908770208,-0.1673949080268705
7,0.7623715181836442,-0.16872025974485624
7,0.7653987454902674,-0.170047598641792
7,0.7684259727968907,-0.17137676759191747
7,0.7714532001035139,-0.17270760683552203
7,0.7744804274101373,-0.17403995391375948
7,0.7775076547167605,-0.17537364360121072
7,0.7805348820233838,-0.17670850783609768
7,0.783562109330007,-0.17804437564805506
7,0.7865893366366304,-0.1793810730833437
7,0.7896165639432536,-0.18071842312742753
7,0.7926437912498769,-0.18205624562475203
7,0.7956710185565001,-0.18339435719566957
7,0.7986982458631235,-0.18473257115030717
7,0.8017254731697467,-0.18607069739932375
7,0.80475270047637,-0.18740854236134974
7,0.8077799277829932,-0.1887459088670067
7,0.8108071550896166,-0.19008259605932468
7,0.8138343823962398,-0.19141839929039822
7,0.8168616097028631,-0.19275311001412682
7,0.8198888370094863,-0.194086515674819
7,0.8229160643161098,-0.19541839959148674
7,0.825943291622733,-0.19674854083764726
7,0.8289705189293562,-0.19807671411635838
7,0.8319977462359793,-0.1994026896303011
7,0.8350249735426029,-0.20072623294666594
7,0.8380522008492259,-0.20204710485653726
7,0.8410794281558492,-0.20336506122856793
7,0.8441066554624724,-0.20467985285659837
7,0.8471338827690958,-0.20599122530093475
7,0.850161110075719,-0.20729891872293996
7,0.8531883373823423,-0.2086026677126322
7,0.8562155646889655,-0.20990220110884097
7,0.859242791995589,-0.21119724181160587
7,0.8622700193022121,-0.21248750658633858
7,0.8652972466088354,-0.21377270585932437
7,0.8683244739154586,-0.2150525435040683
7,0.8713517012220819,-0.21632671661800176
7,0.8743789285287052,-0.21759491528894817
7,0.8774061558353285,-0.21885682235082332
7,0.8804333831419517,-0.22011211312790332
7,0.883460610448575,-0.22136045516700145
7,0.8864878377551983,-0.22260150795683678
7,0.8895150650618217,-0.22383492263381752
7,0.8925422923684448,-0.2250603416734207
7,0.8955695196750681,-0.2262773985662822
7,0.8985967469816915,-0.22748571747802465
7,0.9016239742883148,-0.2286849128918017
7,0.904651201594938,-0.2298745892324768
7,0.9076784289015613,-0.23105434047119897
7,0.9107056562081846,-0.23222374970913623
7,0.9137328835148079,-0.23338238873892572
7,0.916760110821431,-0.2345298175823882
7,0.9197873381280544,-0.23566558400284557
7,0.9228145654346777,-0.23678922299027555
7,0.925841792741301,-0.23790025621743896
7,0.9288690200479242,-0.23899819146483972
7,0.9318962473545475,-0.2400825220123097
7,0.9349234746611708,-0.24115272599475018
7,0.9379507019677941,-0.2422082657193353
7,0.9409779292744173,-0.2432485869412884
7,0.9440051565810406,-0.24427311809504812
7,0.9470323838876639,-0.24528126947728635
7,0.9500596111942872,-0.24627243237801852
7,0.9530868385009102,-0.24724597815559096
7,0.9561140658075337,-0.24820125725095302
7,0.9591412931141569,-0.2491375981361333
7,0.9621685204207802,-0.25005430619137664
7,0.9651957477274034,-0.25095066250476605
7,0.9682229750340267,-0.25182592258753367
7,0.97125020234065,-0.25267931499754087
7,0.9742774296472733,-0.253510039862584
7,0.9773046569538965,-0.2543172672941933
7,0.9803318842605198,-0.25510013568167683
7,0.983359111567143,-0.25585774985483273
7,0.9863863388737664,-0.2565891791024604
7,0.9894135661803896,-0.2572934550322535
7,0.992440793487013,-0.25796956925587955
7,0.9954680207936362,-0.25861647088103895
7,0.9984952481002595,-0.259233063789951
7,1.0015224754068826,-0.2598182036810247
7,1.0045497027135062,-0.2603706948474475
7,1.0075769300201294,-0.26088928666270295
7,1.0106041573267526,-0.26137266973901646
7,1.0136313846333758,-0.2618194717196665
7,1.0166586119399992,-0.26222825266056704
7,1.0196858392466221,-0.26259749994974035
7,1.0227130665532456,-0.26292562270534586
7,1.0257402938598688,-0.2632109455836703
7,1.0287675211664922,-0.26345170191726974
7,1.0317947484731154,-0.26364602609015403
7,1.0348219757797388,-0.26379194504092934
7,1.037849203086362,-0.2638873687655965
7,1.0408764303929852,-0.26393007966826937
7,1.0439036576996084,-0.2639177205796329
7,1.0469308850062318,-0.26384778122809815
7,1.049958112312855,-0.2637175829054606
7,1.0529853396194784,-0.26352426101544746
7,1.0560125669261016,-0.2632647451266623
7,1.059039794232725,-0.262935736067173
7,1.0620670215393482,-0.2625336794910827
7,1.0650942488459714,-0.26205473521043104
7,1.0681214761525946,-0.261494741408828
7,1.071148703459218,-0.26084917262222124
7,1.0741759307658412,-0.26011309006760946
7,1.0772031580724646,-0.25928108249405724
7,1.0802303853790878,-0.258347195181285
7,1.0832576126857112,-0.2573048439590794
7,1.0862848399923344,-0.2561467100752074
7,1.0893120672989576,-0.25486461026192303
7,1.0923392946055808,-0.2534493342240822
7,1.0953665219122042,-0.2518904386473922
7,1.0983937492188274,-0.25017598213009556
7,1.1014209765254508,-0.24829217820132032
7,1.104448203832074,-0.24622293209537793
7,1.1074754311386974,-0.2439492080789716
7,1.1105026584453206,-0.24144814191025055
7,1.1135298857519438,-0.23869175541991877
7,1.116557113058567,-0.2356450214528144
7,1.1195843403651904,-0.2322628077871298
7,1.1226115676718136,-0.22848474624987075
7,1.125638794978437,-0.22422589167986798
7,1.1286660222850602,-0.21935767816108356
7,1.1316932495916836,-0.21366180831109466
7,1.1347204768983066,-0.20667862125370168
7,1.13774770420493,-0.19624555234914332
8,-0.07199681782020685,-0.0010764693784845408
8,-0.06896022799960215,-0.010697086089680355
8,-0.06592363817899746,-0.017071944916864257
8,-0.06288704835839276,-0.02222215957485412
8,-0.059850458537788066,-0.026588003959105592
8,-0.056813868717183386,-0.03038055018912996
8,-0.05377727889657869,-0.033724781224916
8,-0.05074068907597398,-0.03670354997433117
8,-0.047704099255369295,-0.0393758592972095
8,-0.04466750943476461,-0.041785873924039214
8,-0.041630919614159906,-0.04396788999142939
8,-0.03859432979355521,-0.04594930430074077
8,-0.03555773997295052,-0.04775249922741958
8,-0.032521150152345836,-0.049396097507820674
8,-0.029484560331741128,-0.050895830201574094
8,-0.026447970511136433,-0.05226515637122957
8,-0.023411380690531745,-0.05351571740765982
8,-0.02037479086992705,-0.05465767774714618
8,-0.017338201049322356,-0.055699985425646456
8,-0.014301611228717662,-0.056650574750093365
8,-0.011265021408112967,-0.05751652632306504
8,-0.008228431587508273,-0.05830419508273355
8,-0.005191841766903571,-0.05901931397222428
8,-0.0021552519462988834,-0.059667078775321555
8,0.0008813378743058181,-0.06025221821098538
8,0.003917927694910506,-0.060779052356015134
8,0.006954517515515193,-0.06125154172876753
8,0.009991107336119909,-0.061673328828594436
8,0.013027697156724583,-0.06204777352701729
8,0.016064286977329284,-0.06237798340766193
8,0.01910087679793397,-0.062666839925117
8,0.022137466618538673,-0.062917021078946
8,0.025174056439143375,-0.06313102116443353
8,0.02821064625974805,-0.06331116805638383
8,0.031247236080352764,-0.06345963839943682
8,0.03428382590095745,-0.06357847101245737
8,0.03732041572156214,-0.06366957876188083
8,0.04035700554216684,-0.06373475911648498
8,0.04339359536277153,-0.06377570356159187
8,0.04643018518337623,-0.06379400602263055
8,0.04946677500398092,-0.06379117042494539
8,0.05250336482458562,-0.06376861749773349
8,0.055539954645190306,-0.06372769091419475
8,0.05857654446579501,-0.06366966284683381
8,0.06161313428639971,-0.06359573900589828
8,0.0646497241070044,-0.06350706321957544
8,0.06768631392760907,-0.06340472160686707
8,0.07072290374821379,-0.06328974638737578
8,0.07375949356881847,-0.06316311936655998
8,0.07679608338942318,-0.06302577513027893
8,0.07983267321002788,-0.06287860397823657
8,0.08286926303063255,-0.06272245462243024
8,0.08590585285123725,-0.0625581366736253
8,0.08894244267184195,-0.06238642293621284
8,0.09197903249244666,-0.062208051529519026
8,0.09501562231305136,-0.06202372785163332
8,0.09805221213365603,-0.06183412640004749
8,0.10108880195426072,-0.06163989246189005
8,0.10412539177486543,-0.06144164368519104
8,0.10716198159547013,-0.06123997154141111
8,0.1101985714160748,-0.06103544268847879
8,0.11323516123667948,-0.060828600242569295
8,0.1162717510572842,-0.06061996496616275
8,0.1193083408778889,-0.060410036379072315
8,0.12234493069849359,-0.06019929379859926
8,0.12538152051909826,-0.05998819731432383
8,0.12841811033970296,-0.05977718870256031
8,0.13145470016030766,-0.05956669228504663
8,0.13449128998091237,-0.059357115736048856
8,0.13752787980151707,-0.05914885084163522
8,0.14056446962212174,-0.05894227421461196
8,0.14360105944272644,-0.05873774796828039
8,0.14663764926333114,-0.05853562035192083
8,0.14967423908393584,-0.058336226350635643
8,0.15271082890454055,-0.05813988825202056
8,0.15574741872514522,-0.05794691618190012
8,0.15878400854574992,-0.057757608611174974
8,0.1618205983663546,-0.057572252835694566
8,0.16485718818695932,-0.05739112543090488
8,0.16789377800756403,-0.05721449268286858
8,0.17093036782816867,-0.05704261099720539
8,0.17396695764877337,-0.05687572728725668
8,0.17700354746937808,-0.05671407934282391
8,0.1800401372899828,-0.056557896180637744
8,0.18307672711058745,-0.056407398377637044
8,0.18611331693119215,-0.05626279838814334
8,0.18914990675179685,-0.056124300845788885
8,0.19218649657240156,-0.05599210285118014
8,0.19522308639300626,-0.05586639424603637
8,0.19825967621361093,-0.055747357874624884
8,0.20129626603421566,-0.05563516983318777
8,0.20433285585482033,-0.05552999970801104
8,0.207369445675425,-0.05543201080279363
8,0.21040603549602974,-0.05534136035586499
8,0.2134426253166344,-0.05525819974782852
8,0.21647921513723914,-0.0551826747001082
8,0.2195158049578438,-0.05511492546490367
8,0.22255239477844846,-0.055055087006977456
8,0.22558898459905322,-0.055003289177718274
8,0.2286255744196579,-0.05495965688186446
8,0.2316621642402626,-0.05492431023724003
8,0.23469875406086727,-0.05489736472789299
8,0.23773534388147194,-0.05487893135091498
8,0.24077193370207667,-0.05486911675728514
8,0.24380852352268134,-0.05486802338704042
8,0.24684511334328607,-0.05487574959896542
8,0.24988170316389074,-0.05489238979517338
8,0.2529182929844954,-0.054918034540747424
8,0.25595488280510015,-0.05495277067866263
8,0.2589914726257048,-0.05499668144028248
8,0.26202806244630955,-0.05504984655153533
8,0.2650646522669142,-0.055112342335040414
8,0.2681012420875189,-0.055184241808328684
8,0.2711378319081236,-0.05526561477835688
8,0.2741744217287283,-0.05535652793243571
8,0.277211011549333,-0.0554570449257808
8,0.2802476013699377,-0.05556722646580011
8,0.2832841911905424,-0.055687130393255756
8,0.2863207810111471,-0.055816811760454804
8,0.2893573708317518,-0.05595632290657936
8,0.29239396065235645,-0.05610571353026792
8,0.2954305504729612,-0.056265030759578234
8,0.29846714029356586,-0.05643431921943213
8,0.3015037301141706,-0.056613621096637784
8,0.30454031993477526,-0.05680297620259866
8,0.30757690975537993,-0.05700242203378685
8,0.31061349957598466,-0.05721199383007725
8,0.31365008939658934,-0.057431724631044845
8,0.31668667921719407,-0.05766164533025543
8,0.3197232690377987,-0.05790178472766719
8,0.3227598588584034,-0.05815216958021947
8,0.32579644867900814,-0.05841282465064271
8,0.32883303849961276,-0.05868377275457694
8,0.3318696283202175,-0.058965034806061155
8,0.3349062181408222,-0.05925662986145348
8,0.33794280796142684,-0.05955857516183693
8,0.34097939778203157,-0.05987088617395829
8,0.34401598760263624,-0.06019357662975819
8,0.34705257742324097,-0.060526658564555746
8,0.35008916724384564,-0.06087014235389041
8,0.3531257570644503,-0.061224036749145984
8,0.35616234688505505,-0.06158834891189674
8,0.3591989367056597,-0.06196308444711389
8,0.36223552652626445,-0.06234824743520687
8,0.3652721163468691,-0.06274384046296214
8,0.3683087061674738,-0.06314986465342919
8,0.3713452959880785,-0.06356631969474788
8,0.3743818858086832,-0.0639932038679895
8,0.37741847562928793,-0.06443051407403745
8,0.3804550654498926,-0.06487824585949724
8,0.3834916552704973,-0.06533639344174007
8,0.386528245091102,-0.06580494973301539
8,0.3895648349117067,-0.06628390636375242
8,0.3926014247323114,-0.06677325370501101
8,0.3956380145529161,-0.06727298089010254
8,0.39867460437352076,-0.06778307583548665
8,0.4017111941941255,-0.06830352526084872
8,0.40474778401473016,-0.0688343147084689
8,0.4077843738353349,-0.06937542856187146
8,0.41082096365593956,-0.06992685006376971
8,0.41385755347654424,-0.07048856133331848
8,0.41689414329714897,-0.07106054338273624
8,0.41993073311775364,-0.0716427761332483
8,0.4229673229383583,-0.07223523843041547
8,0.42600391275896304,-0.07283790805886702
8,0.4290405025795677,-0.07345076175639442
8,0.43207709240017245,-0.07407377522750491
8,0.4351136822207771,-0.0747069231563825
8,0.4381502720413818,-0.07535017921928576
8,0.4411868618619865,-0.0760035160964298
8,0.4442234516825912,-0.07666690548330261
8,0.4472600415031959,-0.07734031810149611
8,0.4502966313238006,-0.0780237237089879
8,0.4533332211444052,-0.07871709110995906
8,0.45636981096500995,-0.07942038816410694
8,0.4594064007856147,-0.08013358179547934
8,0.46244299060621935,-0.0808566380008335
8,0.4654795804268241,-0.08158952185754949
8,0.4685161702474287,-0.08233219753106628
8,0.4715527600680334,-0.08308462828189694
8,0.47458934988863816,-0.08384677647218271
8,0.4776259397092428,-0.08461860357182661
8,0.4806625295298475,-0.08540007016419873
8,0.48369911935045223,-0.08619113595142862
8,0.48673570917105685,-0.08699175975926696
8,0.4897722989916616,-0.0878018995415613
8,0.4928088888122663,-0.08862151238431078
8,0.49584547863287093,-0.08945055450933144
8,0.49888206845347566,-0.09028898127752408
8,0.5019186582740804,-0.09113674719175588
8,0.5049552480946852,-0.09199380589935167
8,0.5079918379152898,-0.09286011019420243
8,0.5110284277358945,-0.09373561201849892
8,0.5140650175564991,-0.09462026246408581
8,0.5171016073771038,-0.09551401177343231
8,0.5201381971977086,-0.09641680934025021
8,0.5231747870183132,-0.09732860370971654
8,0.5262113768389178,-0.0982493425783586
8,0.5292479666595226,-0.09917897279354355
8,0.5322845564801273,-0.10011744035260343
8,0.535321146300732,-0.1010646904016295
8,0.5383577361213367,-0.10202066723384048
8,0.5413943259419414,-0.10298531428765086
8,0.5444309157625461,-0.10395857414432239
8,0.5474675055831507,-0.10494038852528749
8,0.5505040954037556,-0.10593069828906788
8,0.5535406852243602,-0.10692944342787272
8,0.5565772750449649,-0.10793656306378209
8,0.5596138648655695,-0.10895199544459458
8,0.5626504546861743,-0.10997567793928369
8,0.565687044506779,-0.111007547033084
8,0.5687236343273837,-0.11204753832220603
8,0.5717602241479883,-0.11309558650816914
8,0.5747968139685931,-0.11415162539174618
8,0.5778334037891977,-0.11521558786652884
8,0.5808699936098025,-0.11628740591210938
8,0.5839065834304071,-0.11736701058684787
8,0.5869431732510119,-0.11845433202026814
8,0.5899797630716165,-0.11954929940502224
8,0.5930163528922212,-0.1206518409884822
8,0.5960529427128259,-0.12176188406389246
8,0.5990895325334307,-0.12287935496110362
8,0.6021261223540353,-0.12400417903690202
8,0.60516271217464,-0.1251362806648891
8,0.6081993019952446,-0.1262755832249343
8,0.6112358918158495,-0.12742200909217938
8,0.6142724816364541,-0.128575479625581
8,0.6173090714570588,-0.12973591515601865
8,0.6203456612776634,-0.13090323497389525
8,0.6233822510982682,-0.13207735731630357
8,0.6264188409188728,-0.133258199353677
8,0.6294554307394776,-0.1344456771759403
8,0.6324920205600822,-0.1356397057781749
8,0.635528610380687,-0.1368401990457555
8,0.6385652002012916,-0.1380470697389582
8,0.6416017900218964,-0.13926022947702008
8,0.644638379842501,-0.14047958872165786
8,0.6476749696631058,-0.14170505676002637
8,0.6507115594837104,-0.14293654168706876
8,0.6537481493043151,-0.14417395038731076
8,0.6567847391249197,-0.14541718851601673
8,0.6598213289455246,-0.1466661604797453
8,0.6628579187661292,-0.14792076941623708
8,0.6658945085867339,-0.14918091717368775
8,0.6689310984073386,-0.15044650428930145
8,0.6719676882279434,-0.15171742996718482
8,0.675004278048548,-0.15299359205552532
8,0.6780408678691527,-0.15427488702301784
8,0.6810774576897574,-0.15556120993456143
8,0.6841140475103621,-0.15685245442617815
8,0.6871506373309667,-0.15814851267913185
8,0.6901872271515715,-0.1594492753932249
8,0.6932238169721762,-0.16075463175926055
8,0.6962604067927809,-0.16206446943061847
8,0.6992969966133855,-0.16337867449395255
8,0.7023335864339904,-0.1646971314389504
8,0.705370176254595,-0.16601972312713772
8,0.7084067660751997,-0.16734633075971275
8,0.7114433558958043,-0.16867683384434076
8,0.714479945716409,-0.17001111016091405
8,0.7175165355370137,-0.171349035726218
8,0.7205531253576185,-0.17269048475748533
8,0.7235897151782231,-0.17403532963477705
8,0.7266263049988279,-0.17538344086217206
8,0.7296628948194325,-0.17673468702771195
8,0.7326994846400372,-0.17808893476205115
8,0.7357360744606419,-0.17944604869580053
8,0.7387726642812467,-0.18080589141546632
8,0.7418092541018513,-0.18216832341796022
8,0.744845843922456,-0.1835332030636598
8,0.7478824337430606,-0.18490038652788784
8,0.7509190235636655,-0.18626972775083495
8,0.7539556133842701,-0.18764107838580166
8,0.7569922032048748,-0.18901428774574686
8,0.7600287930254794,-0.19038920274802446
8,0.7630653828460842,-0.19176566785730234
8,0.7661019726666888,-0.1931435250265285
8,0.7691385624872935,-0.1945226136359025
8,0.7721751523078981,-0.19590277042977391
8,0.7752117421285029,-0.1972838294513627
8,0.7782483319491075,-0.1986656219752278
8,0.7812849217697123,-0.20004797643740638
8,0.7843215115903169,-0.2014307183630718
8,0.7873581014109217,-0.20281367029167588
8,0.7903946912315263,-0.2041966516994227
8,0.793431281052131,-0.20557947891897504
8,0.7964678708727357,-0.20696196505625677
8,0.7995044606933405,-0.20834391990427004
8,0.8025410505139451,-0.20972514985373455
8,0.8055776403345498,-0.2111054578004426
8,0.8086142301551544,-0.212484643049199
8,0.8116508199757593,-0.21386250121413358
8,0.8146874097963639,-0.21523882411527798
8,0.8177239996169686,-0.21661339967120943
8,0.8207605894375732,-0.21798601178756574
8,0.823797179258178,-0.21935644024126588
8,0.8268337690787827,-0.2207244605601806
8,0.8298703588993874,-0.2220898438981179
8,0.832906948719992,-0.2234523569048028
8,0.8359435385405968,-0.2248117615906576
8,0.8389801283612014,-0.22616781518611961
8,0.8420167181818062,-0.22752026999520492
8,0.8450533080024109,-0.2288688732430453
8,0.8480898978230156,-0.23021336691706745
8,0.8511264876436202,-0.23155348760151667
8,0.8541630774642249,-0.23288896630491776
8,0.8571996672848297,-0.23421952828018563
8,0.8602362571054344,-0.23554489283690164
8,0.863272846926039,-0.23686477314539092
8,0.8663094367466437,-0.23817887603214088
8,0.8693460265672484,-0.2394869017660337
8,0.8723826163878532,-0.24078854383497292
8,0.8754192062084578,-0.24208348871225024
8,0.8784557960290625,-0.24337141561215628
8,0.8814923858496672,-0.24465199623413425
8,0.8845289756702719,-0.24592489449488666
8,0.8875655654908766,-0.24718976624762315
8,0.8906021553114813,-0.2484462589877618
8,0.893638745132086,-0.2496940115442103
8,0.8966753349526907,-0.2509326537553394
8,0.8997119247732953,-0.25216180612873057
8,0.9027485145939002,-0.2533810794836047
8,0.9057851044145048,-0.25459007457491567
8,0.9088216942351095,-0.2557883816978014
8,0.9118582840557141,-0.2569755802712277
8,0.9148948738763188,-0.2581512383993358
8,0.9179314636969235,-0.25931491240903076
8,0.9209680535175283,-0.26046614636221
8,0.9240046433381329,-0.2616044715408019
8,0.9270412331587377,-0.26272940590278054
8,0.9300778229793423,-0.26384045350700613
8,0.9331144127999471,-0.26493710390470737
8,0.9361510026205517,-0.26601883149509575
8,0.9391875924411565,-0.2670850948424506
8,0.9422241822617611,-0.268135335951786
8,0.9452607720823658,-0.269168979499862
8,0.9482973619029704,-0.27018543201810646
8,0.9513339517235753,-0.27118408102358177
8,0.9543705415441799,-0.27216429409383486
8,0.9574071313647846,-0.2731254178810365
8,0.9604437211853892,-0.2740667770603101
8,0.9634803110059941,-0.2749876732067299
8,0.9665169008265987,-0.2758873835947855
8,0.9695534906472034,-0.27676515991354633
8,0.972590080467808,-0.2776202268899698
8,0.9756266702884128,-0.27845178081203165
8,0.9786632601090174,-0.27925898794238
8,0.9816998499296222,-0.2800409828121681
8,0.9847364397502268,-0.2807968663835878
8,0.9877730295708316,-0.2815257040681814
8,0.9908096193914362,-0.2822265235865241
8,0.9938462092120409,-0.2828983126530844
8,0.9968827990326457,-0.28354001646805743
8,0.9999193888532504,-0.2841505349955832
8,1.002955978673855,-0.2847287200051877
8,1.0059925684944597,-0.2852733718500759
8,1.0090291583150643,-0.2857832359523606
8,1.012065748135669,-0.28625699896117696
8,1.0151023379562738,-0.2866932845446791
8,1.0181389277768784,-0.28709064877124224
8,1.0211755175974833,-0.2874475750285349
8,1.0242121074180879,-0.2877624684211342
8,1.0272486972386925,-0.2880336495780388
8,1.0302852870592971,-0.2882593477903029
8,1.033321876879902,-0.2884376933856655
8,1.0363584667005066,-0.28856670923107597
8,1.0393950565211114,-0.2886443012348196
8,1.042431646341716,-0.2886682476964612
8,1.0454682361623207,-0.2886361873244908
8,1.0485048259829255,-0.28854560570651727
8,1.05154141580353,-0.2883938199738683
8,1.0545780056241347,-0.28817796134895635
8,1.0576145954447396,-0.2878949551968325
8,1.0606511852653442,-0.28754149811825314
8,1.0636877750859488,-0.2871140315144331
8,1.0667243649065536,-0.2866087109169011
8,1.0697609547271583,-0.2860213701987035
8,1.0727975445477629,-0.2853474795523812
8,1.0758341343683677,-0.28458209581532834
8,1.0788707241889723,-0.28371980331686664
8,1.0819073140095772,-0.28275464287207297
8,1.0849439038301818,-0.2816800257954432
8,1.0879804936507864,-0.28048862876176994
8,1.091017083471391,-0.2791722638639481
8,1.0940536732919959,-0.27772171609016894
8,1.0970902631126005,-0.27612653731838704
8,1.1001268529332053,-0.27437478123011244
8,1.10316344275381,-0.2724526563054348
8,1.1062000325744146,-0.2703440625659899
8,1.1092366223950194,-0.2680299588593803
8,1.112273212215624,-0.26548747525797134
8,1.1153098020362286,-0.2626886275525805
8,1.1183463918568335,-0.25959838206202906
8,1.121382981677438,-0.25617159934332756
8,1.1244195714980427,-0.2523479029551492
8,1.1274561613186476,-0.24804233777814155
8,1.1304927511392522,-0.2431263249339781
8,1.1335293409598568,-0.2373815478817315
8,1.1365659307804614,-0.23034830985808863
8,1.1396025206010663,-0.2198638915883576
9,-0.0624263839811543,-0.02047355337007751
9,-0.059353539382699966,-0.025189060045273024
9,-0.05628069478424563,-0.029104098518479064
9,-0.053207850185791286,-0.03253220888421093
9,-0.05013500558733695,-0.03558234341478773
9,-0.04706216098888263,-0.038321995215683226
9,-0.04398931639042829,-0.04079875619044812
9,-0.04091647179197395,-0.04304845166290437
9,-0.037843627193519615,-0.045099185301823407
9,-0.034770782595065275,-0.04697365643836853
9,-0.03169793799661094,-0.04869060895023613
9,-0.028625093398156602,-0.050265793391739304
9,-0.02555224879970227,-0.0517126350125494
9,-0.022479404201247936,-0.053042713932740515
9,-0.019406559602793597,-0.05426612007891444
9,-0.016333715004339257,-0.055391721690157485
9,-0.01326087040588493,-0.056427372453801
9,-0.010188025807430591,-0.05738007400637104
9,-0.007115181208976258,-0.05825610529654112
9,-0.004042336610521918,-0.05906112690169112
9,-0.0009694920120675854,-0.059800266114078925
9,0.0021033525863867475,-0.06047818705471813
9,0.005176197184841087,-0.06109914898402729
9,0.008249041783295427,-0.06166705520243459
9,0.011321886381749753,-0.06218549437218285
9,0.014394730980204086,-0.062657775678449
9,0.017467575578658433,-0.06308695893984592
9,0.020540420177112773,-0.06347588054603875
9,0.023613264775567105,-0.06382717592275136
9,0.02668610937402143,-0.06414329908769072
9,0.02975895397247577,-0.06442653975435972
9,0.03283179857093011,-0.06467903835699719
9,0.03590464316938444,-0.06490279930364272
9,0.03897748776783877,-0.06509970271135958
9,0.042050332366293124,-0.06527151483506377
9,0.045123176964747456,-0.06541989736699692
9,0.04819602156320179,-0.0655464157557996
9,0.051268866161656115,-0.06565254667113377
9,0.054341710760110455,-0.06573968472083334
9,0.057414555358564795,-0.06580914851190155
9,0.06048739995701912,-0.06586218613354997
9,0.06356024455547346,-0.06589998012957408
9,0.06663308915392781,-0.06592365201811995
9,0.06970593375238213,-0.06593426640921242
9,0.07277877835083647,-0.06593283476374076
9,0.07585162294929082,-0.06592031883210038
9,0.07892446754774514,-0.06589763380586779
9,0.08199731214619949,-0.06586565121176734
9,0.0850701567446538,-0.06582520157374323
9,0.08814300134310815,-0.0657770768658574
9,0.09121584594156248,-0.06572203277608765
9,0.09428869054001682,-0.06566079079896604
9,0.09736153513847118,-0.06559404017277556
9,0.10043437973692548,-0.06552243967552525
9,0.10350722433537984,-0.06544661929227182
9,0.10658006893383416,-0.06536718176508588
9,0.10965291353228851,-0.06528470403575788
9,0.11272575813074281,-0.06519973859034475
9,0.11579860272919718,-0.06511281471373861
9,0.11887144732765152,-0.06502443966160615
9,0.12194429192610584,-0.0649350997563971
9,0.1250171365245602,-0.06484526141339078
9,0.1280899811230145,-0.06475537210232996
9,0.13116282572146887,-0.06466586124947749
9,0.13423567031992317,-0.06457714108472769
9,0.13730851491837753,-0.06448960743778864
9,0.14038135951683184,-0.0644036404872082
9,0.1434542041152862,-0.06431960546565776
9,0.14652704871374053,-0.0642378533245993
9,0.14959989331219486,-0.06415872136119703
9,0.1526727379106492,-0.06408253381007523
9,0.15574558250910353,-0.06400960240234443
9,0.1588184271075579,-0.06394022689413605
9,0.1618912717060122,-0.0638746955665881
9,0.16496411630446656,-0.0638132856992806
9,0.1680369609029209,-0.06375626401875553
9,0.17110980550137522,-0.06370388712371872
9,0.17418265009982956,-0.06365640188848443
9,0.1772554946982839,-0.06361404584590562
9,0.18032833929673822,-0.06357704755113995
9,0.18340118389519255,-0.06354562692740669
9,0.1864740284936469,-0.06351999559476831
9,0.18954687309210125,-0.06350035718300948
9,0.19261971769055558,-0.06348690762952804
9,0.1956925622890099,-0.06347983546308184
9,0.19876540688746422,-0.06347932207424795
9,0.20183825148591855,-0.06348554197331713
9,0.2049110960843729,-0.0634986630363324
9,0.20798394068282725,-0.0635188467399585
9,0.21105678528128158,-0.06354624838576896
9,0.21412962987973594,-0.06358101731449921
9,0.21720247447819024,-0.06362329711090059
9,0.22027531907664458,-0.06367322579956088
9,0.2233481636750989,-0.0637309360323005
9,0.22642100827355327,-0.06379655526747018
9,0.22949385287200758,-0.06387020594165507
9,0.2325666974704619,-0.06395200563410605
9,0.23563954206891627,-0.06404206722430564
9,0.2387123866673706,-0.0641404990430145
9,0.24178523126582496,-0.06424740501706452
9,0.24485807586427924,-0.06436288480829135
9,0.2479309204627336,-0.0644870339468218
9,0.25100376506118793,-0.06461994395900994
9,0.2540766096596423,-0.06476170249027793
9,0.25714945425809665,-0.06491239342311121
9,0.2602222988565509,-0.0650720969904107
9,0.26329514345500526,-0.06524088988442725
9,0.2663679880534596,-0.06541884536149334
9,0.269440832651914,-0.06560603334272648
9,0.27251367725036824,-0.06580252051087519
9,0.2755865218488226,-0.0660083704035208
9,0.27865936644727696,-0.0662236435027483
9,0.2817322110457313,-0.06644839732145554
9,0.2848050556441857,-0.06668268648647252
9,0.28787790024263993,-0.06692656281859917
9,0.2909507448410943,-0.06718007540966783
9,0.29402358943954865,-0.06744327069684508
9,0.297096434038003,-0.0677161925341809
9,0.30016927863645737,-0.06799888226158139
9,0.3032421232349116,-0.0682913787713163
9,0.306314967833366,-0.06859371857211026
9,0.30938781243182034,-0.0689059358509698
9,0.3124606570302747,-0.06922806253281152
9,0.31553350162872895,-0.06956012833796742
9,0.3186063462271833,-0.06990216083766629
9,0.3216791908256377,-0.07025418550758808
9,0.32475203542409203,-0.07061622577950154
9,0.3278248800225464,-0.07098830309114416
9,0.33089772462100064,-0.07137043693433527
9,0.333970569219455,-0.07176264490143305
9,0.33704341381790937,-0.07216494273018237
9,0.3401162584163637,-0.07257734434701407
9,0.343189103014818,-0.07299986190883806
9,0.34626194761327234,-0.07343250584342689
9,0.3493347922117267,-0.07387528488836913
9,0.35240763681018106,-0.07432820612873098
9,0.35548048140863536,-0.07479127503338555
9,0.35855332600708967,-0.07526449549011587
9,0.36162617060554403,-0.07574786983950775
9,0.3646990152039984,-0.07624139890768769
9,0.3677718598024527,-0.07674508203791476
9,0.37084470440090705,-0.07725891712110622
9,0.37391754899936136,-0.07778290062529561
9,0.3769903935978157,-0.07831702762409466
9,0.38006323819627,-0.07886129182413831
9,0.3831360827947244,-0.0794156855916126
9,0.3862089273931787,-0.07998019997781737
9,0.38928177199163305,-0.08055482474389139
9,0.3923546165900874,-0.08113954838460231
9,0.3954274611885417,-0.08173435815134766
9,0.3985003057869961,-0.08233924007432017
9,0.4015731503854504,-0.08295417898387339
9,0.40464599498390474,-0.08357915853114549
9,0.40771883958235905,-0.08421416120789936
9,0.4107916841808134,-0.08485916836566855
9,0.41386452877926777,-0.0855141602341841
9,0.4169373733777221,-0.08617911593912057
9,0.4200102179761764,-0.08685401351916713
9,0.42308306257463074,-0.08753882994245868
9,0.4261559071730851,-0.08823354112236882
9,0.4292287517715394,-0.0889381219326976
9,0.4323015963699937,-0.08965254622223727
9,0.4353744409684481,-0.09037678682877785
9,0.43844728556690243,-0.09111081559252876
9,0.4415201301653568,-0.09185460336897752
9,0.4445929747638111,-0.09260812004122242
9,0.4476658193622654,-0.09337133453175939
9,0.45073866396071977,-0.09414421481375417
9,0.4538115085591741,-0.09492672792180121
9,0.45688435315762843,-0.09571883996220765
9,0.45995719775608274,-0.09652051612274641
9,0.4630300423545371,-0.09733172068198329
9,0.4661028869529914,-0.09815241701810398
9,0.4691757315514458,-0.09898256761729336
9,0.47224857614990007,-0.09982213408166182
9,0.4753214207483545,-0.10067107713674305
9,0.4783942653468088,-0.10152935663853761
9,0.4814671099452631,-0.1023969315801445
9,0.48453995454371745,-0.1032737600979744
9,0.48761279914217176,-0.10415979947754332
9,0.4906856437406262,-0.10505500615886047
9,0.4937584883390805,-0.10595933574142542
9,0.4968313329375348,-0.10687274298881431
9,0.49990417753598915,-0.10779518183290218
9,0.5029770221344435,-0.10872660537766392
9,0.5060498667328979,-0.10966696590262771
9,0.5091227113313521,-0.11061621486593749
9,0.5121955559298065,-0.1115743029070488
9,0.5152684005282608,-0.11254117984904524
9,0.5183412451267151,-0.11351679470062093
9,0.5214140897251694,-0.1145010956576399
9,0.5244869343236238,-0.11549403010441718
9,0.5275597789220782,-0.11649554461457215
9,0.5306326235205325,-0.1175055849515632
9,0.5337054681189868,-0.11852409606887279
9,0.5367783127174411,-0.1195510221098161
9,0.5398511573158955,-0.12058630640701946
9,0.5429240019143498,-0.121629891481555
9,0.5459968465128042,-0.1226817190416979
9,0.5490696911112585,-0.12374172998138222
9,0.5521425357097128,-0.1248098643782569
9,0.5552153803081672,-0.12588606149143505
9,0.5582882249066214,-0.1269702597588836
9,0.5613610695050759,-0.1280623967944563
9,0.5644339141035302,-0.129162409384585
9,0.5675067587019846,-0.13027023348462674
9,0.5705796033004389,-0.1313858042148434
9,0.5736524478988932,-0.13250905585605252
9,0.5767252924973476,-0.13363992184488818
9,0.579798137095802,-0.13477833476874998
9,0.5828709816942561,-0.13592422636034668
9,0.5859438262927106,-0.13707752749191668
9,0.5890166708911648,-0.1382381681690493
9,0.5920895154896193,-0.13940607752417258
9,0.5951623600880735,-0.1405811838096288
9,0.5982352046865279,-0.14176341439040305
9,0.6013080492849823,-0.14295269573647876
9,0.6043808938834366,-0.1441489534147697
9,0.6074537384818909,-0.145352112080697
9,0.6105265830803452,-0.14656209546935586
9,0.6135994276787995,-0.14777882638628956
9,0.616672272277254,-0.14900222669783914
9,0.6197451168757082,-0.15023221732111305
9,0.6228179614741627,-0.15146871821351063
9,0.6258908060726169,-0.15271164836181342
9,0.6289636506710713,-0.15396092577087947
9,0.6320364952695257,-0.15521646745185788
9,0.63510933986798,-0.15647818940996572
9,0.6381821844664342,-0.15774600663183205
9,0.6412550290648886,-0.1590198330723323
9,0.6443278736633429,-0.16029958164097946
9,0.6474007182617973,-0.16158516418780855
9,0.6504735628602516,-0.16287649148878672
9,0.653546407458706,-0.16417347323069642
9,0.6566192520571603,-0.16547601799550649
9,0.6596920966556147,-0.16678403324420826
9,0.6627649412540689,-0.1680974253001307
9,0.6658377858525233,-0.16941609933166468
9,0.6689106304509775,-0.17073995933444905
9,0.671983475049432,-0.17206890811295686
9,0.6750563196478863,-0.17340284726149194
9,0.6781291642463406,-0.17474167714456265
9,0.681202008844795,-0.17608529687663527
9,0.6842748534432493,-0.17743360430124372
9,0.6873476980417037,-0.17878649596942078
9,0.6904205426401581,-0.18014386711746036
9,0.6934933872386122,-0.18150561164397871
9,0.6965662318370667,-0.18287162208625465
9,0.6996390764355209,-0.18424178959581247
9,0.7027119210339754,-0.1856160039132676
9,0.7057847656324296,-0.18699415334236788
9,0.708857610230884,-0.18837612472324072
9,0.7119304548293384,-0.1897618034047691
9,0.7150032994277927,-0.19115107321617825
9,0.718076144026247,-0.19254381643766255
9,0.7211489886247014,-0.1939399137701422
9,0.7242218332231556,-0.1953392443040545
9,0.7272946778216101,-0.1967416854872005
9,0.7303675224200643,-0.1981471130915397
9,0.7334403670185187,-0.1995554011789931
9,0.736513211616973,-0.20096642206614204
9,0.7395860562154274,-0.20238004628782297
9,0.7426589008138816,-0.2037961425595915
9,0.7457317454123361,-0.2052145777389653
9,0.7488045900107902,-0.20663521678547608
9,0.7518774346092447,-0.20805792271941265
9,0.754950279207699,-0.20948255657928513
9,0.7580231238061533,-0.2109089773778727
9,0.7610959684046077,-0.21233704205690937
9,0.764168813003062,-0.2137666054402818
9,0.7672416576015164,-0.21519752018567215
9,0.7703145021999708,-0.21662963673469277
9,0.773387346798425,-0.2180628032613119
9,0.7764601913968795,-0.2194968656186245
9,0.7795330359953336,-0.22093166728383223
9,0.782605880593788,-0.22236704930140933
9,0.7856787251922424,-0.22380285022432897
9,0.7887515697906967,-0.22523890605334917
9,0.7918244143891511,-0.2266750501741842
9,0.7948972589876054,-0.22811111329258413
9,0.7979701035860597,-0.22954692336712343
9,0.8010429481845142,-0.23098230553972102
9,0.8041157927829684,-0.23241708206368422
9,0.8071886373814229,-0.23385107222925622
9,0.810261481979877,-0.2352840922865353
9,0.8133343265783314,-0.23671595536561799
9,0.8164071711767857,-0.23814647139390493
9,0.8194800157752401,-0.23957544701041514
9,0.8225528603736944,-0.2410026854769506
9,0.8256257049721488,-0.24242798658604034
9,0.8286985495706031,-0.2438511465654386
9,0.8317713941690575,-0.2452719579790818
9,0.8348442387675117,-0.24669020962431892
9,0.837917083365966,-0.24810568642520764
9,0.8409899279644204,-0.24951816932180115
9,0.8440627725628748,-0.25092743515507016
9,0.847135617161329,-0.25233325654742017
9,0.8502084617597835,-0.25373540177845516
9,0.8532813063582377,-0.255133634655869
9,0.8563541509566922,-0.2565277143811206
9,0.8594269955551465,-0.2579173954097193
9,0.8624998401536008,-0.2593024273057909
9,0.8655726847520551,-0.2606825545906768
9,0.8686455293505094,-0.2620575165852139
9,0.8717183739489638,-0.2634270472454115
9,0.8747912185474181,-0.26479087499116494
9,0.8778640631458724,-0.26614872252759697
9,0.8809369077443269,-0.267500306658713
9,0.8840097523427811,-0.26884533809286776
9,0.8870825969412355,-0.27018352123966183
9,0.8901554415396898,-0.2715145539977348
9,0.8932282861381442,-0.2728381275330153
9,0.8963011307365985,-0.27415392604679034
9,0.8993739753350528,-0.2754616265331182
9,0.9024468199335071,-0.27676089852489383
9,0.9055196645319615,-0.2780514038278954
9,0.9085925091304158,-0.27933279624216256
9,0.9116653537288703,-0.28060472126986763
9,0.9147381983273245,-0.28186681580892686
9,0.9178110429257789,-0.2831187078313974
9,0.9208838875242331,-0.284360016045787
9,0.9239567321226875,-0.2855903495422014
9,0.9270295767211417,-0.28680930741925786
9,0.9301024213195962,-0.28801647839157274
9,0.9331752659180504,-0.2892114403765516
9,0.9362481105165049,-0.2903937600590969
9,0.9393209551149592,-0.29156299243273176
9,0.9423937997134135,-0.29271868031555925
9,0.9454666443118679,-0.29386035383927944
9,0.9485394889103222,-0.294987529909353
9,0.9516123335087765,-0.2960997116343212
9,0.9546851781072309,-0.2971963877219499
9,0.9577580227056851,-0.2982770318398481
9,0.9608308673041396,-0.2993411019378291
9,0.9639037119025938,-0.3003880395292199
9,0.9669765565010482,-0.30141726892782394
9,0.9700494010995026,-0.3024281964372087
9,0.9731222456979569,-0.303420209488446
9,0.9761950902964113,-0.3043926757221629
9,0.9792679348948655,-0.3053449420103885
9,0.9823407794933198,-0.30627633341310323
9,0.9854136240917742,-0.30718615206400685
9,0.9884864686902285,-0.3080736759793969
9,0.991559313288683,-0.30893815778338884
9,0.9946321578871371,-0.30977882334204393
9,0.9977050024855915,-0.31059487029806043
9,1.0007778470840458,-0.3113854664969113
9,1.0038506916825003,-0.31214974829408354
9,1.0069235362809545,-0.3128868187320526
9,1.0099963808794088,-0.31359574557419895
9,1.0130692254778633,-0.3142755591813462
9,1.0161420700763177,-0.31492525021486006
9,1.0192149146747718,-0.3155437671482335
9,1.0222877592732262,-0.3161300135668028
9,1.0253606038716805,-0.31668284523249624
9,1.028433448470135,-0.31720106688758065
9,1.0315062930685892,-0.3176834287676255
9,1.0345791376670437,-0.31812862278996096
9,1.037651982265498,-0.31853527837892853
9,1.0407248268639522,-0.3189019578835802
9,1.0437976714624067,-0.31922715153691666
9,1.0468705160608611,-0.3195092718977987
9,1.0499433606593152,-0.31974664770744404
9,1.0530162052577696,-0.3199375170813355
9,1.0560890498562239,-0.320080019944183
9,1.0591618944546781,-0.3201721895997066
9,1.0622347390531326,-0.3202119433079081
9,1.065307583651587,-0.3201970717193554
9,1.0683804282500413,-0.3201252269876479
9,1.0714532728484956,-0.31999390934676347
9,1.07452611744695,-0.3198004518970868
9,1.0775989620454045,-0.3195420032909675
9,1.0806718066438585,-0.31921550794229075
9,1.083744651242313,-0.31881768330094307
9,1.0868174958407673,-0.31834499362698
9,1.0898903404392215,-0.3177936195634068
9,1.092963185037676,-0.3171594226309004
9,1.0960360296361304,-0.31643790353864043
9,1.0991088742345845,-0.3156241529032443
9,1.102181718833039,-0.3147127925644101
9,1.1052545634314932,-0.31369790514130663
9,1.1083274080299477,-0.3125729487274204
9,1.111400252628402,-0.31133065258441134
9,1.1144730972268564,-0.3099628882293577
9,1.1175459418253106,-0.3084605081995092
9,1.120618786423765,-0.30681314167878776
9,1.1236916310222194,-0.3050089315116639
9,1.1267644756206738,-0.3030341899471558
9,1.1298373202191279,-0.30087293905173035
9,1.1329101648175823,-0.2985062830059838
9,1.1359830094160366,-0.2959115275347307
9,1.1390558540144908,-0.29306090458384626
9,1.1421286986129453,-0.2899196524590974
9,1.1452015432113998,-0.28644298374567334
9,1.148274387809854,-0.28257099471593067
9,1.1513472324083083,-0.2782193976428285
9,1.1544200770067627,-0.2732606265664288
9,1.1574929216052172,-0.26747808862745603
9,1.1605657662036712,-0.2604157225309366
9,1.1636386108021257,-0.24992793209816408
