tie_id,t,gibbs_e_mix_RT
1,-0.04574727959138353,1.3383390198397805e-7
1,-0.042964395220785705,-0.008801164585868571
1,-0.04018151085018788,-0.014176813952281283
1,-0.03739862647959005,-0.018289776804521807
1,-0.03461574210899223,-0.02159967348640422
1,-0.03183285773839441,-0.02432469959850201
1,-0.029049973367796578,-0.026593297098722112
1,-0.02626708899719875,-0.028490276879883744
1,-0.02348420462660093,-0.030075867428594603
1,-0.020701320256003113,-0.03139505825621483
1,-0.01791843588540528,-0.03248273209399779
1,-0.015135551514807458,-0.03336672175100379
1,-0.012352667144209635,-0.03406974566157903
1,-0.009569782773611812,-0.03461069362650633
1,-0.006786898403013983,-0.03500551457414813
1,-0.004004014032416153,-0.03526784938807188
1,-0.0012211296618183376,-0.03540949424424408
1,0.001561754708779485,-0.03544074767437483
1,0.004344639079377315,-0.03537067569510122
1,0.007127523449975144,-0.035207317845439456
1,0.009910407820572967,-0.03495784973334989
1,0.01269329219117079,-0.03462871299566393
1,0.015476176561768612,-0.0342257204502575
1,0.018259060932366435,-0.03375414209192944
1,0.021041945302964257,-0.03321877610532249
1,0.02382482967356208,-0.03262400802244207
1,0.026607714044159902,-0.031973860400113054
1,0.029390598414757746,-0.031272034843469965
1,0.03217348278535557,-0.030521947795070403
1,0.034956367155953384,-0.02972676120446743
1,0.037739251526551214,-0.028889408962069655
1,0.040522135897149036,-0.02801261980417719
1,0.04330502026774686,-0.027098937258910293
1,0.04608790463834468,-0.026150737095974968
1,0.048870789008942504,-0.025170242658812632
1,0.051653673379540334,-0.024159538390864696
1,0.05443655775013815,-0.023120581814147004
1,0.05721944212073597,-0.022055214175297537
1,0.06000232649133381,-0.02096516993930577
1,0.06278521086193165,-0.01985208528264975
1,0.06556809523252946,-0.018717505714252698
1,0.06835097960312728,-0.017562892933308667
1,0.0711338639737251,-0.016389631017149287
1,0.07391674834432294,-0.015199032018935509
1,0.07669963271492075,-0.013992341043843774
1,0.07948251708551857,-0.01277074086307656
1,0.0822654014561164,-0.011535356117014024
1,0.08504828582671423,-0.01028725715227225
1,0.08783117019731204,-0.009027463531564443
1,0.09061405456790986,-0.00775694725051666
1,0.0933969389385077,-0.006476635691333736
1,0.09617982330910552,-0.0051874143396334355
1,0.09896270767970333,-0.003890129287720746
1,0.10174559205030119,-0.002585589544801735
1,0.10452847642089902,-0.00127456917237531
1,0.10731136079149683,4.2190738971643054e-5
1,0.11009424516209465,0.0013639802370040758
1,0.11287712953269248,0.0026901188065612124
1,0.11566001390329031,0.004019953788094527
1,0.11844289827388813,0.005352858905638214
1,0.12122578264448595,0.00668823289499086
1,0.12400866701508377,0.008025498223685246
1,0.1267915513856816,0.009364099895291743
1,0.12957443575627942,0.010703504331180815
1,0.13235732012687723,0.012043198323658858
1,0.13514020449747507,0.01338268805483318
1,0.1379230888680729,0.0147214981762078
1,0.14070597323867073,0.016059170944371953
1,0.14348885760926855,0.017395265408597597
1,0.14627174197986637,0.018729356646530172
1,0.14905462635046418,0.02006103504449352
1,0.151837510721062,0.021389905619204307
1,0.15462039509165984,0.0227155873779987
1,0.15740327946225766,0.024037712714870825
1,0.16018616383285547,0.025355926839887764
1,0.16296904820345331,0.026669887239724875
1,0.16575193257405116,0.02797926316722879
1,0.16853481694464897,0.029283735158112043
1,0.1713177013152468,0.030582994573013066
1,0.17410058568584463,0.031876743163305146
1,0.17688347005644245,0.03316469265911163
1,0.17966635442704026,0.034446564378199894
1,0.18244923879763808,0.03572208885440365
1,0.18523212316823592,0.03699100548442811
1,0.18801500753883374,0.03825306219191123
1,0.19079789190943156,0.0395080151076951
1,0.1935807762800294,0.040755628265394375
1,0.19636366065062721,0.04199567331135298
1,0.19914654502122503,0.04322792922812898
1,0.20192942939182285,0.04445218207079986
1,0.20471231376242066,0.045668224715328345
1,0.2074951981330185,0.04687585661832199
1,0.21027808250361632,0.04807488358756698
1,0.21306096687421414,0.04926511756275651
1,0.21584385124481198,0.050446376405845976
1,0.21862673561540982,0.051618483700550104
1,0.2214096199860076,0.05278126856047824
1,0.22419250435660548,0.05393456544546314
1,0.22697538872720327,0.05507821398566628
1,0.2297582730978011,0.05621205881307627
1,0.2325411574683989,0.057335949399983724
1,0.23532404183899674,0.05844973990413522
1,0.23810692620959456,0.05955328902020392
1,0.2408898105801924,0.06064645983728155
1,0.2436726949507902,0.06172911970208802
1,0.24645557932138806,0.0628011400876466
1,0.2492384636919859,0.06386239646712186
1,0.2520213480625837,0.0649127681926467
1,0.25480423243318157,0.06595213837882515
1,0.2575871168037793,0.06698039379075536
1,0.2603700011743772,0.06799742473634814
1,0.263152885544975,0.06900312496273438
1,0.26593576991557283,0.06999739155658259
1,0.26871865428617064,0.07098012484818407
1,0.2715015386567685,0.07195122831908297
1,0.2742844230273663,0.07291060851314189
1,0.27706730739796415,0.07385817495088358
1,0.2798501917685619,0.07479384004695579
1,0.2826330761391598,0.07571751903060436
1,0.2854159605097576,0.07662912986901027
1,0.2881988448803554,0.07752859319339052
1,0.2909817292509532,0.07841583222773651
1,0.2937646136215511,0.07929077272007849
1,0.29654749799214886,0.08015334287618917
1,0.2993303823627467,0.08100347329561755
1,0.3021132667333445,0.08184109690994708
1,0.30489615110394236,0.08266614892324657
1,0.30767903547454023,0.08347856675453445
1,0.31046191984513805,0.08427828998226451
1,0.31324480421573586,0.08506526029072735
1,0.3160276885863337,0.0858394214182566
1,0.3188105729569315,0.08660071910725403
1,0.3215934573275293,0.08734910105586718
1,0.3243763416981272,0.08808451687135103
1,0.32715922606872494,0.08880691802497304
1,0.3299421104393228,0.08951625780847991
1,0.3327249948099206,0.09021249129200508
1,0.33550787918051844,0.09089557528339591
1,0.33829076355111626,0.09156546828892358
1,0.34107364792171413,0.0922221304753015
1,0.3438565322923119,0.09286552363297684
1,0.34663941666290976,0.0934956111406572
1,0.3494223010335075,0.09411235793101765
1,0.3522051854041054,0.09471573045757484
1,0.3549880697747032,0.09530569666265584
1,0.357770954145301,0.09588222594644505
1,0.36055383851589884,0.0964452891370689
1,0.3633367228864967,0.09699485846171602
1,0.36611960725709447,0.09753090751868063
1,0.36890249162769234,0.09805341125039846
1,0.3716853759982902,0.09856234591736522
1,0.374468260368888,0.09905768907297129
1,0.37725114473948584,0.09953941953916924
1,0.3800340291100836,0.10000751738300394
1,0.3828169134806815,0.10046196389392402
1,0.3855997978512793,0.10090274156191167
1,0.3883826822218771,0.1013298340563549
1,0.3911655665924749,0.1017432262056747
1,0.3939484509630728,0.1021429039776611
1,0.39673133533367055,0.10252885446054329
1,0.3995142197042684,0.1029010658447027
1,0.4022971040748662,0.10325952740508382
1,0.40507998844546406,0.10360422948424446
1,0.40786287281606187,0.10393516347602708
1,0.4106457571866597,0.10425232180987098
1,0.4134286415572575,0.10455569793570117
1,0.4162115259278554,0.10484528630941475
1,0.41899441029845313,0.1051210823789465
1,0.421777294669051,0.10538308257088193
1,0.4245601790396488,0.10563128427762557
1,0.42734306341024664,0.10586568584509373
1,0.4301259477808445,0.10608628656095274
1,0.43290883215144227,0.10629308664334697
1,0.43569171652204014,0.10648608723013121
1,0.43847460089263796,0.10666529036860481
1,0.44125748526323577,0.10683069900572989
1,0.4440403696338336,0.10698231697880332
1,0.44682325400443146,0.10712014900662041
1,0.4496061383750292,0.10724420068106126
1,0.4523890227456271,0.10735447845915694
1,0.4551719071162249,0.10745098965559247
1,0.4579547914868227,0.10753374243561303
1,0.46073767585742054,0.10760274580839226
1,0.46352056022801835,0.1076580096208132
1,0.46630344459861617,0.10769954455165644
1,0.46908632896921404,0.10772736210619807
1,0.4718692133398118,0.10774147461122413
1,0.47465209771040967,0.10774189521043115
1,0.4774349820810075,0.10772863786023879
1,0.48021786645160525,0.10770171732597346
1,0.4830007508222032,0.10766114917845168
1,0.485783635192801,0.10760694979094754
1,0.48856651956339875,0.10753913633654685
1,0.4913494039339967,0.10745772678585577
1,0.49413228830459444,0.10736273990510913
1,0.49691517267519225,0.10725419525464984
1,0.49969805704579007,0.10713211318776263
1,0.502480941416388,0.10699651484989524
1,0.5052638257869857,0.1068474221782392
1,0.5080467101575835,0.1066848579016735
1,0.5108295945281813,0.10650884554109148
1,0.5136124788987793,0.10631940941008004
1,0.5163953632693771,0.10611657461595381
1,0.519178247639975,0.10590036706118697
1,0.5219611320105726,0.10567081344518371
1,0.5247440163811705,0.10542794126642309
1,0.5275269007517683,0.10517177882497562
1,0.5303097851223663,0.10490235522538294
1,0.533092669492964,0.10461970037991342
1,0.5358755538635619,0.10432384501219089
1,0.5386584382341596,0.1040148206611836
1,0.5414413226047575,0.10369265968559001
1,0.5442242069753553,0.10335739526858759
1,0.5470070913459532,0.10300906142297439
1,0.549789975716551,0.10264769299669436
1,0.5525728600871488,0.10227332567873954
1,0.5553557444577466,0.10188599600547364
1,0.5581386288283444,0.10148574136731944
1,0.5609215131989422,0.1010726000158698
1,0.5637043975695402,0.1006466110713999
1,0.5664872819401379,0.10020781453079666
1,0.5692701663107357,0.09975625127589315
1,0.5720530506813335,0.09929196308224368
1,0.5748359350519314,0.09881499262830772
1,0.5776188194225292,0.09832538350510268
1,0.580401703793127,0.09782318022626385
1,0.5831845881637248,0.0973084282385857
1,0.5859674725343227,0.09678117393300335
1,0.5887503569049205,0.09624146465605346
1,0.5915332412755183,0.0956893487218061
1,0.5943161256461161,0.09512487542429486
1,0.5970990100167141,0.09454809505041016
1,0.5998818943873118,0.09395905889334254
1,0.6026647787579097,0.09335781926650227
1,0.6054476631285074,0.09274442951800697
1,0.6082305474991053,0.09211894404565636
1,0.6110134318697031,0.09148141831251971
1,0.613796316240301,0.09083190886302789
1,0.6165792006108987,0.09017047333970032
1,0.6193620849814966,0.08949717050040981
1,0.6221449693520944,0.08881206023629898
1,0.6249278537226923,0.08811520359028627
1,0.62771073809329,0.08740666277623106
1,0.6304936224638878,0.0866865011987438
1,0.6332765068344857,0.08595478347366453
1,0.6360593912050836,0.08521157544924585
1,0.6388422755756813,0.08445694422802638
1,0.6416251599462792,0.0836909581894471
1,0.6444080443168769,0.0829136870132217
1,0.6471909286874749,0.08212520170345824
1,0.6499738130580726,0.08132557461359508
1,0.6527566974286705,0.08051487947214117
1,0.6555395817992683,0.07969319140927636
1,0.6583224661698662,0.07886058698429346
1,0.6611053505404639,0.07801714421395942
1,0.6638882349110617,0.0771629426017907
1,0.6666711192816596,0.0762980631682727
1,0.6694540036522575,0.07542258848208531
1,0.6722368880228553,0.074536602692312
1,0.675019772393453,0.0736401915617259
1,0.6778026567640508,0.07273344250113947
1,0.6805855411346488,0.07181644460489035
1,0.6833684255052466,0.07088928868747023
1,0.6861513098758444,0.06995206732135544
1,0.6889341942464422,0.0690048748760926
1,0.69171707861704,0.06804780755864075
1,0.6944999629876378,0.06708096345505947
1,0.6972828473582356,0.06610444257358267
1,0.7000657317288335,0.06511834688908315
1,0.7028486160994314,0.06412278038906209
1,0.7056315004700291,0.06311784912113468
1,0.7084143848406269,0.062103661242127295
1,0.7111972692112247,0.061080327068818774
1,0.7139801535818227,0.06004795913040076
1,0.7167630379524205,0.05900667222270767
1,0.7195459223230184,0.05795658346430876
1,0.722328806693616,0.05689781235451909
1,0.7251116910642139,0.05583048083339962
1,0.7278945754348117,0.054754713343852415
1,0.7306774598054097,0.05367063689586719
1,0.7334603441760074,0.052578381133020415
1,0.7362432285466052,0.05147807840132353
1,0.739026112917203,0.05036986382050983
1,0.7418089972878009,0.04925387535786751
1,0.7445918816583986,0.04813025390472577
1,0.7473747660289966,0.04699914335570433
1,0.7501576503995944,0.045860690690854064
1,0.7529405347701922,0.04471504606080436
1,0.7557234191407899,0.043562362875071495
1,0.7585063035113878,0.04240279789362269
1,0.7612891878819856,0.0412365113219195
1,0.7640720722525836,0.040063666909493284
1,0.7668549566231811,0.03888443205233558
1,0.7696378409937791,0.037698977899175666
1,0.7724207253643769,0.036507479461889154
1,0.7752036097349748,0.03531011573020654
1,0.7779864941055725,0.03410706979094829
1,0.7807693784761705,0.03289852895196845
1,0.7835522628467682,0.03168468487109453
1,0.7863351472173661,0.03046573369023418
1,0.7891180315879639,0.029241876174984187
1,0.7919009159585617,0.02801331785995538
1,0.7946838003291595,0.026780269200144768
1,0.7974666846997573,0.025542945728639205
1,0.8002495690703552,0.024301568221007187
1,0.803032453440953,0.023056362866694075
1,0.8058153378115508,0.02180756144782135
1,0.8085982221821487,0.020555401525782536
1,0.8113811065527465,0.019300126636045623
1,0.8141639909233442,0.01804198649161822
1,0.816946875293942,0.016781237195659632
1,0.81972975966454,0.015518141463758092
1,0.8225126440351378,0.01425296885640573
1,0.8252955284057356,0.012985996022263132
1,0.8280784127763333,0.011717506952842759
1,0.8308612971469312,0.010447793249289686
1,0.8336441815175291,0.009177154401961141
1,0.836427065888127,0.007905898083587165
1,0.8392099502587247,0.006634340456836609
1,0.8419928346293226,0.00536280649718266
1,0.8447757189999203,0.004091630332001048
1,0.8475586033705182,0.0028211555969792006
1,0.850341487741116,0.0015517358108698002
1,0.8531243721117139,0.0002837347698524869
1,0.8559072564823117,-0.0009824730372528095
1,0.8586901408529095,-0.0022465019915034567
1,0.8614730252235072,-0.0035079548826146742
1,0.8642559095941051,-0.004766422422334462
1,0.867038793964703,-0.0060214827306663615
1,0.8698216783353009,-0.0072727007930491775
1,0.8726045627058986,-0.008519627886378322
1,0.8753874470764964,-0.009761800971658902
1,0.8781703314470942,-0.010998742050781907
1,0.8809532158176921,-0.01222995748479284
1,0.8837361001882899,-0.013454937270724823
1,0.8865189845588878,-0.014673154273780256
1,0.8893018689294855,-0.01588406341140979
1,0.8920847533000834,-0.017087100785447673
1,0.8948676376706811,-0.01828168275812265
1,0.897650522041279,-0.01946720496734054
1,0.9004334064118769,-0.020643041276175812
1,0.9032162907824748,-0.021808542650996847
1,0.9059991751530725,-0.02296303596207454
1,0.9087820595236703,-0.024105822699863458
1,0.9115649438942681,-0.02523617759943528
1,0.914347828264866,-0.02635334716470291
1,0.9171307126354639,-0.02745654808315826
1,0.9199135970060616,-0.028544965520801217
1,0.9226964813766594,-0.029617751285710186
1,0.9254793657472573,-0.03067402184739122
1,0.9282622501178551,-0.03171285619748668
1,0.9310451344884529,-0.03273329353562084
1,0.9338280188590508,-0.033734330762180915
1,0.9366109032296486,-0.03471491975748139
1,0.9393937876002464,-0.03567396442409059
1,0.9421766719708442,-0.036610317465955576
1,0.944959556341442,-0.03752277687446368
1,0.94774244071204,-0.038410082087275144
1,0.9505253250826377,-0.03927090978103236
1,0.9533082094532356,-0.04010386925315219
1,0.9560910938238333,-0.04090749734146694
1,0.9588739781944312,-0.04168025282227004
1,0.961656862565029,-0.042420510218171836
1,0.964439746935627,-0.04312655293598225
1,0.9672226313062245,-0.04379656564140832
1,0.9700055156768225,-0.04442862576153969
1,0.9727884000474203,-0.04502069398671369
1,0.9755712844180182,-0.045570603620023624
1,0.9783541687886159,-0.046076048594252066
1,0.9811370531592137,-0.04653456994111633
1,0.9839199375298116,-0.04694354045454208
1,0.9867028219004095,-0.04730014723632797
1,0.9894857062710072,-0.04760137174557783
1,0.9922685906416051,-0.04784396688901177
1,0.9950514750122029,-0.048024430582402335
1,0.9978343593828007,-0.0481389750762615
1,1.0006172437533984,-0.04818349116195384
1,1.0034001281239964,-0.048153506143385066
1,1.006183012494594,-0.048044134154694294
1,1.008965896865192,-0.04785001699783264
1,1.01174878123579,-0.04756525312470655
1,1.0145316656063879,-0.047183311636345156
1,1.0173145499769856,-0.04669692712565041
1,1.0200974343475833,-0.04609796971247292
1,1.022880318718181,-0.04537728249191016
1,1.025663203088779,-0.044524475491708
1,1.0284460874593768,-0.04352766053789468
1,1.0312289718299745,-0.04237310418620879
1,1.0340118562005725,-0.04104476437961311
1,1.0367947405711704,-0.03952365761535392
1,1.039577624941768,-0.037786971178448654
1,1.042360509312366,-0.03580677739513697
1,1.0451433936829637,-0.033548098079904914
1,1.0479262780535616,-0.03096584767210669
1,1.0507091624241593,-0.027999701035233374
1,1.053492046794757,-0.024564750020378993
1,1.056274931165355,-0.020532454801685626
1,1.059057815535953,-0.015684521293084796
1,1.0618406999065506,-0.009561230041957264
1,1.0646235842771485,4.812287777825179e-7
2,-0.04975181807687868,-0.0028560924024466586
2,-0.04689813273350408,-0.011703343504081086
2,-0.04404444739012947,-0.017171064081118674
2,-0.04119076204675486,-0.021392837559132995
2,-0.03833707670338026,-0.024822086372166853
2,-0.03548339136000566,-0.027674089030167635
2,-0.03262970601663105,-0.030075587213766845
2,-0.029776020673256447,-0.032110281077329356
2,-0.026922335329881843,-0.0338376191028984
2,-0.02406864998650724,-0.035302014770534476
2,-0.021214964643132637,-0.03653790925990645
2,-0.01836127929975803,-0.03757278701580985
2,-0.015507593956383424,-0.038429085225560926
2,-0.012653908613008823,-0.039125462300374884
2,-0.009800223269634215,-0.03967767376443495
2,-0.006946537926259613,-0.04009919665530744
2,-0.004092852582885012,-0.0404016867194059
2,-0.001239167239510404,-0.04059532089767344
2,0.0016145181038642042,-0.04068905897628457
2,0.0044682034472388055,-0.04069084693603772
2,0.007321888790613407,-0.04060777739072075
2,0.010175574133988015,-0.04044621787176325
2,0.013029259477362623,-0.040211914633523596
2,0.01588294482073723,-0.03991007755487677
2,0.018736630164111825,-0.03954545025454543
2,0.02159031550748642,-0.03912236850602508
2,0.024444000850861035,-0.03864480929580365
2,0.027297686194235643,-0.03811643232679133
2,0.03015137153761025,-0.03754061536766878
2,0.033005056880984845,-0.03692048454840464
2,0.03585874222435945,-0.03625894047409906
2,0.03871242756773406,-0.03555868085473691
2,0.04156611291110866,-0.03482222021324676
2,0.04441979825448326,-0.03405190712871656
2,0.04727348359785787,-0.03324993938840426
2,0.050127168941232474,-0.03241837735629754
2,0.05298085428460709,-0.03155915581309257
2,0.05583453962798168,-0.030674094479974417
2,0.058688224971356284,-0.029764907404155598
2,0.0615419103147309,-0.028833211355931126
2,0.06439559565810549,-0.027880533364075682
2,0.06724928100148009,-0.026908317497264956
2,0.07010296634485472,-0.025917930983479477
2,0.07295665168822932,-0.02491066974625948
2,0.07581033703160392,-0.023887763425553182
2,0.07866402237497852,-0.022850379941805887
2,0.08151770771835314,-0.02179962965396918
2,0.08437139306172774,-0.020736569155623434
2,0.08722507840510232,-0.019662204747679327
2,0.09007876374847693,-0.01857749562135656
2,0.09293244909185153,-0.01748335678100648
2,0.09578613443522616,-0.01638066173276432
2,0.09863981977860076,-0.015270244962024027
2,0.10149350512197536,-0.014152904220019146
2,0.10434719046534996,-0.013029402637498955
2,0.10720087580872456,-0.011900470681538438
2,0.11005456115209919,-0.010766807969723322
2,0.11290824649547378,-0.009629084954433847
2,0.11576193183884838,-0.008487944488649092
2,0.11861561718222298,-0.007344003283441831
2,0.12146930252559758,-0.006197853266385554
2,0.12432298786897217,-0.0050500628490721235
2,0.1271766732123468,-0.0039011781112751414
2,0.1300303585557214,-0.002751723908379139
2,0.132884043899096,-0.0016022049082350055
2,0.1357377292424706,-0.00045310656291791047
2,0.1385914145858452,0.0006951039795684169
2,0.14144509992921983,0.0018419770191468665
2,0.14429878527259443,0.0029870794988939007
2,0.14715247061596903,0.004129994247883757
2,0.15000615595934363,0.005270319268161377
2,0.15285984130271824,0.006407667062770677
2,0.15571352664609284,0.0075416640018537325
2,0.15856721198946744,0.008671949724253393
2,0.16142089733284204,0.009798176572149205
2,0.16427458267621664,0.01092000905649725
2,0.16712826801959124,0.012037123351239671
2,0.16998195336296584,0.013149206814364775
2,0.17283563870634047,0.014255957534108759
2,0.17568932404971507,0.015357083898653345
2,0.17854300939308967,0.016452304187847388
2,0.18139669473646428,0.01754134618558692
2,0.18425038007983888,0.018623946811564412
2,0.1871040654232135,0.01969985177120031
2,0.1899577507665881,0.020768815222689398
2,0.1928114361099627,0.021830599460116916
2,0.1956651214533373,0.022884974611705057
2,0.1985188067967119,0.023931718352323408
2,0.2013724921400865,0.0249706156294244
2,0.2042261774834611,0.02600145840167168
2,0.20707986282683571,0.027024045389500144
2,0.20993354817021032,0.028038181836991975
2,0.21278723351358494,0.029043679284442906
2,0.21564091885695952,0.0300403553509826
2,0.21849460420033415,0.03102803352679477
2,0.22134828954370872,0.0320065429743535
2,0.22420197488708335,0.03297571833825073
2,0.22705566023045798,0.03393539956313655
2,0.22990934557383255,0.03488543171936787
2,0.23276303091720718,0.03582566483597271
2,0.23561671626058173,0.03675595374057091
2,0.23847040160395636,0.03767615790587166
2,0.24132408694733098,0.03858614130245355
2,0.24417777229070559,0.0394857722575254
2,0.2470314576340802,0.04037492331933857
2,0.24988514297745476,0.041253471127019055
2,0.2527388283208294,0.04212129628555579
2,0.255592513664204,0.042978283245660935
2,0.2584461990075786,0.04382432018834711
2,0.2612998843509532,0.044659298913951914
2,0.2641535696943278,0.04548311473540248
2,0.2670072550377024,0.046295666375578665
2,0.26986094038107705,0.04709685586852886
2,0.2727146257244516,0.04788658846441485
2,0.27556831106782625,0.04866477253799612
2,0.2784219964112008,0.049431319500514596
2,0.28127568175457546,0.0501861437148131
2,0.28412936709795,0.05092916241357113
2,0.28698305244132466,0.051660295620517424
2,0.28983673778469926,0.05237946607448659
2,0.2926904231280738,0.053086599156217724
2,0.29554410847144846,0.0537816228177525
2,0.298397793814823,0.05446446751437261
2,0.30125147915819767,0.055135066138941445
2,0.30410516450157227,0.05579335395852765
2,0.30695884984494687,0.056439268553309614
2,0.30981253518832147,0.05707274975755725
2,0.31266622053169607,0.05769373960271228
2,0.31551990587507067,0.05830218226239704
2,0.31837359121844533,0.0588980239993621
2,0.3212272765618199,0.05948121311423182
2,0.32408096190519453,0.060051699896006214
2,0.3269346472485691,0.06060943657427486
2,0.32978833259194373,0.061154377273038164
2,0.33264201793531833,0.06168647796610539
2,0.33549570327869294,0.062205696433998904
2,0.33834938862206754,0.06271199222234138
2,0.3412030739654421,0.0632053266016075
2,0.34405675930881674,0.06368566252827228
2,0.34691044465219134,0.06415296460724294
2,0.34976412999556594,0.06460719905556911
2,0.35261781533894054,0.06504833366737657
2,0.35547150068231514,0.06547633777996706
2,0.35832518602568975,0.06589118224106225
2,0.3611788713690644,0.06629283937717925
2,0.36403255671243895,0.06668128296303068
2,0.3668862420558136,0.06705648819198315
2,0.36973992739918815,0.06741843164750935
2,0.37259361274256275,0.06776709127562099
2,0.37544729808593735,0.06810244635821198
2,0.37830098342931195,0.068424477487336
2,0.3811546687726866,0.06873316654036084
2,0.38400835411606116,0.06902849665596711
2,0.3868620394594358,0.06931045221098395
2,0.38971572480281036,0.06957901879803857
2,0.392569410146185,0.06983418320397067
2,0.3954230954895596,0.07007593338901266
2,0.3982767808329342,0.07030425846672939
2,0.4011304661763088,0.0705191486846363
2,0.4039841515196834,0.07072059540554704
2,0.406837836863058,0.07090859108960026
2,0.4096915222064327,0.07108312927691889
2,0.4125452075498072,0.0712442045709556
2,0.4153988928931819,0.07139181262243857
2,0.4182525782365564,0.07152595011393027
2,0.42110626357993103,0.07164661474501015
2,0.4239599489233057,0.07175380521798992
2,0.42681363426668023,0.07184752122425889
2,0.4296673196100549,0.0719277634311489
2,0.43252100495342943,0.07199453346933606
2,0.4353746902968041,0.07204783392081066
2,0.4382283756401787,0.07208766830732216
2,0.4410820609835533,0.07211404107937931
2,0.4439357463269279,0.07212695760569941
2,0.4467894316703025,0.07212642416320657
2,0.4496431170136771,0.07211244792744087
2,0.4524968023570517,0.07208503696349657
2,0.4553504877004263,0.0720442002173955
2,0.4582041730438009,0.07198994750790617
2,0.4610578583871755,0.07192228951883624
2,0.4639115437305501,0.07184123779172877
2,0.4667652290739247,0.07174680471902951
2,0.4696189144172993,0.07163900353764097
2,0.47247259976067396,0.07151784832292199
2,0.47532628510404856,0.07138335398309824
2,0.47817997044742316,0.07123553625405638
2,0.4810336557907977,0.07107441169458244
2,0.4838873411341724,0.07089999768195626
2,0.48674102647754697,0.07071231240797068
2,0.4895947118209215,0.07051137487531728
2,0.4924483971642961,0.07029720489437881
2,0.4953020825076708,0.07006982308039121
2,0.4981557678510454,0.06982925085098984
2,0.5010094531944199,0.06957551042411934
2,0.5038631385377946,0.06930862481634233
2,0.5067168238811692,0.06902861784150062
2,0.5095705092245437,0.06873551410975609
2,0.5124241945679183,0.06842933902698257
2,0.515277879911293,0.06811011879455178
2,0.5181315652546676,0.06777788040946627
2,0.5209852505980421,0.06743265166485467
2,0.5238389359414168,0.06707446115086146
2,0.5266926212847914,0.06670333825584782
2,0.5295463066281662,0.06631931316801493
2,0.5323999919715406,0.06592241687734575
2,0.5352536773149152,0.06551268117794957
2,0.5381073626582898,0.06509013867074372
2,0.5409610480016644,0.06465482276652203
2,0.543814733345039,0.06420676768938109
2,0.5466684186884138,0.06374600848052153
2,0.5495221040317882,0.06327258100243853
2,0.5523757893751629,0.062786521943452
2,0.5552294747185375,0.06228786882264962
2,0.5580831600619122,0.06177665999519465
2,0.5609368454052868,0.06125293465802872
2,0.5637905307486613,0.06071673285594372
2,0.5666442160920359,0.06016809548807719
2,0.5694979014354106,0.05960706431476333
2,0.5723515867787852,0.05903368196483167
2,0.5752052721221598,0.058447991943280556
2,0.5780589574655343,0.05785003863935715
2,0.580912642808909,0.057239867335092474
2,0.5837663281522835,0.056617524214218055
2,0.5866200134956582,0.055983056371535334
2,0.5894736988390328,0.055336511822712625
2,0.5923273841824074,0.054677939514538636
2,0.5951810695257819,0.05400738933559712
2,0.5980347548691566,0.05332491212745089
2,0.6008884402125312,0.052630559696229755
2,0.6037421255559059,0.05192438482475486
2,0.6065958108992803,0.0512064412850983
2,0.609449496242655,0.05047678385168716
2,0.6123031815860296,0.04973546831486075
2,0.6151568669294043,0.04898255149499062
2,0.6180105522727787,0.04821809125709419
2,0.6208642376161534,0.047442146526001865
2,0.623717922959528,0.04665477730208036
2,0.6265716083029026,0.04585604467751213
2,0.6294252936462772,0.045046010853141236
2,0.6322789789896518,0.04422473915594377
2,0.6351326643330264,0.04339229405706644
2,0.637986349676401,0.04254874119051711
2,0.6408400350197756,0.04169414737246368
2,0.6436937203631503,0.040828580621223805
2,0.6465474057065248,0.03995211017788109
2,0.6494010910498994,0.03906480652764886
2,0.652254776393274,0.03816674142187475
2,0.6551084617366487,0.03725798790084027
2,0.6579621470800232,0.03633862031724662
2,0.6608158324233978,0.03540871436054261
2,0.6636695177667724,0.03446834708197582
2,0.6665232031101471,0.03351759692050991
2,0.6693768884535216,0.03255654372956125
2,0.6722305737968963,0.03158526880461632
2,0.6750842591402708,0.030603854911732484
2,0.6779379444836455,0.029612386316967974
2,0.68079162982702,0.028610948816764372
2,0.6836453151703947,0.027599629769297758
2,0.6864990005137693,0.026578518126884026
2,0.6893526858571439,0.02554770446937762
2,0.6922063712005184,0.024507281038691698
2,0.6950600565438931,0.023457341774428674
2,0.6979137418872677,0.022397982350662364
2,0.7007674272306423,0.021329300213923
2,0.7036211125740168,0.020251394622423334
2,0.7064747979173915,0.019164366686557282
2,0.7093284832607661,0.018068319410736763
2,0.7121821686041407,0.016963357736602826
2,0.7150358539475153,0.015849588587665893
2,0.7178895392908899,0.014727120915403152
2,0.7207432246342645,0.013596065746928183
2,0.7235969099776391,0.012456536234209054
2,0.7264505953210137,0.01130864770497605
2,0.7293042806643885,0.010152517715303778
2,0.7321579660077628,0.008988266104005351
2,0.7350116513511376,0.007816015048857866
2,0.7378653366945122,0.006635889124758985
2,0.7407190220378869,0.005448015363875179
2,0.7435727073812614,0.004252523317871603
2,0.746426392724636,0.0030495451222940662
2,0.7492800780680106,0.0018392155632223042
2,0.7521337634113853,0.0006216721462486132
2,0.7549874487547598,-0.0006029448320956203
2,0.7578411340981345,-0.0018344922103661582
2,0.760694819441509,-0.003072823885602419
2,0.7635485047848837,-0.00431779073391031
2,0.7664021901282582,-0.0055692405282200645
2,0.7692558754716329,-0.006827017852976133
2,0.7721095608150075,-0.00809096401573802
2,0.774963246158382,-0.009360916955443582
2,0.7778169315017566,-0.010636711147269858
2,0.7806706168451313,-0.01191817750390291
2,0.7835243021885059,-0.013205143273050205
2,0.7863779875318805,-0.014497431931028986
2,0.789231672875255,-0.0157948630722273
2,0.7920853582186297,-0.01709725229428788
2,0.7949390435620043,-0.018404411078752764
2,0.7977927289053789,-0.019716146667000282
2,0.8006464142487534,-0.021032261931205814
2,0.8035000995921281,-0.02235255524010472
2,0.8063537849355027,-0.023676820319292715
2,0.8092074702788773,-0.025004846105793538
2,0.8120611556222519,-0.026336416596580505
2,0.8149148409656265,-0.027671310690768683
2,0.817768526309001,-0.0290093020251517
2,0.8206222116523757,-0.03035015880269182
2,0.8234758969957503,-0.03169364361363387
2,0.826329582339125,-0.03303951324884176
2,0.8291832676824994,-0.034387518504904416
2,0.8320369530258741,-0.03573740398060296
2,0.8348906383692487,-0.037088907864216425
2,0.8377443237126234,-0.03844176171119863
2,0.8405980090559979,-0.03979569021162444
2,0.8434516943993725,-0.04115041094689362
2,0.8463053797427471,-0.04250563413497528
2,0.8491590650861218,-0.04386106236360552
2,0.8520127504294963,-0.04521639031067165
2,0.854866435772871,-0.04657130445101322
2,0.8577201211162455,-0.047925482748860694
2,0.8605738064596201,-0.04927859433494133
2,0.8634274918029947,-0.05063029916738872
2,0.8662811771463694,-0.051980247675341665
2,0.869134862489744,-0.05332808038422085
2,0.8719885478331185,-0.05467342752138113
2,0.8748422331764931,-0.05601590860095603
2,0.8776959185198678,-0.05735513198643885
2,0.8805496038632424,-0.05869069442950744
2,0.883403289206617,-0.060022180583510124
2,0.8862569745499915,-0.06134916248978498
2,0.8891106598933662,-0.06267119903495016
2,0.8919643452367407,-0.06398783537706988
2,0.8948180305801154,-0.065298602338464
2,0.89767171592349,-0.06660301576266511
2,0.9005254012668646,-0.06790057583288585
2,0.9033790866102391,-0.06919076634907678
2,0.9062327719536138,-0.07047305396036686
2,0.9090864572969884,-0.07174688734943148
2,0.9119401426403632,-0.07301169636492628
2,0.9147938279837375,-0.0742668910978648
2,0.9176475133271123,-0.07551186089727785
2,0.9205011986704869,-0.07674597332013063
2,0.9233548840138616,-0.07796857300992113
2,0.9262085693572361,-0.07917898049781454
2,0.9290622547006107,-0.08037649091947233
2,0.9319159400439853,-0.0815603726401399
2,0.9347696253873599,-0.08272986577954286
2,0.9376233107307345,-0.08388418062738635
2,0.9404769960741092,-0.08502249593910993
2,0.9433306814174837,-0.08614395710037796
2,0.9461843667608583,-0.08724767414743403
2,0.9490380521042329,-0.0883327196288957
2,0.9518917374476076,-0.08939812629283017
2,0.9547454227909822,-0.09044288458085221
2,0.9575991081343567,-0.09146593990875959
2,0.9604527934777313,-0.09246618971047299
2,0.963306478821106,-0.09344248021894017
2,0.9661601641644806,-0.09439360295415766
2,0.9690138495078552,-0.09531829088417304
2,0.9718675348512297,-0.09621521422017891
2,0.9747212201946044,-0.09708297580100116
2,0.9775749055379789,-0.09792010601563343
2,0.9804285908813536,-0.09872505720459007
2,0.9832822762247281,-0.09949619747141451
2,0.9861359615681028,-0.10023180382461457
2,0.9889896469114773,-0.10093005455690875
2,0.991843332254852,-0.1015890207528395
2,0.9946970175982266,-0.102206656796342
2,0.9975507029416012,-0.10278078972671968
2,1.0004043882849758,-0.10330910726290067
2,1.0032580736283505,-0.10378914428092599
2,1.006111758971725,-0.10421826748667674
2,1.0089654443150997,-0.10459365797228294
2,1.0118191296584742,-0.10491229127788317
2,1.0146728150018487,-0.1051709144961671
2,1.0175265003452234,-0.10536601985022809
2,1.020380185688598,-0.10549381403837998
2,1.0232338710319726,-0.10555018246261813
2,1.0260875563753473,-0.1055306472266178
2,1.0289412417187218,-0.10543031748454754
2,1.0317949270620965,-0.105243830315803
2,1.034648612405471,-0.10496527975179251
2,1.0375022977488455,-0.10458813082918463
2,1.0403559830922202,-0.10410511449895916
2,1.043209668435595,-0.10350809774336252
2,1.0460633537789694,-0.10278792112678815
2,1.0489170391223441,-0.10193419288324863
2,1.0517707244657186,-0.1009350239494743
2,1.0546244098090933,-0.09977668111566268
2,1.0574780951524678,-0.09844312397589701
2,1.0603317804958425,-0.09691537249533118
2,1.063185465839217,-0.09517061980519707
2,1.0660391511825917,-0.09318094726953649
2,1.0688928365259662,-0.0909113901568218
2,1.071746521869341,-0.08831688271068883
2,1.0746002072127154,-0.08533712919667705
2,1.0774538925560901,-0.08188726637817456
2,1.0803075778994646,-0.07783882690607156
2,1.0831612632428393,-0.07297364592287638
2,1.0860149485862138,-0.06683228593796295
2,1.0888686339295885,-0.05725304451345289
3,-0.04919550873943744,-0.0022045119116428174
3,-0.04633872731268773,-0.011065091081831523
3,-0.04348194588593802,-0.016550797549519377
3,-0.040625164459188304,-0.020791748956757727
3,-0.03776838303243858,-0.024240710140655812
3,-0.034911601605688874,-0.027112686919370188
3,-0.03205482017893916,-0.029534284477020056
3,-0.029198038752189445,-0.0315891284623119
3,-0.026341257325439734,-0.03333662505435039
3,-0.023484475898690026,-0.0348211635643566
3,-0.02062769447194031,-0.0360771717650261
3,-0.017770913045190587,-0.03713212730463952
3,-0.014914131618440879,-0.0380084647212664
3,-0.012057350191691171,-0.038724842404507166
3,-0.009200568764941457,-0.03929701751896052
3,-0.006343787338191742,-0.039738469777246474
3,-0.0034870059114420274,-0.04006085822114822
3,-0.0006302244846923127,-0.04027436343068529
3,0.002226556942057402,-0.040387948988976526
3,0.0050833383688071165,-0.0404095647067676
3,0.007940119795556824,-0.04034630697732565
3,0.010796901222306532,-0.04020454700611188
3,0.013653682649056254,-0.03999003458079716
3,0.01651046407580596,-0.03970798295129603
3,0.019367245502555683,-0.03936313893308584
3,0.022224026929305397,-0.03895984131682376
3,0.025080808356055105,-0.038502069925843395
3,0.027937589782804827,-0.037993487121997044
3,0.030794371209554527,-0.03743747315959765
3,0.03365115263630424,-0.03683715648685317
3,0.03650793406305395,-0.03619543986652706
3,0.03936471548980367,-0.035515023012947296
3,0.04222149691655339,-0.03479842230758052
3,0.045078278343303094,-0.03404798804972862
3,0.047935059770052815,-0.03326591961594701
3,0.05079184119680252,-0.03245427883582113
3,0.05364862262355224,-0.03161500183886594
3,0.056505404050301945,-0.030749909584959687
3,0.05936218547705167,-0.029860717256223558
3,0.06221896690380139,-0.02894904266009058
3,0.06507574833055109,-0.02801641377037156
3,0.0679325297573008,-0.027064275514053823
3,0.07078931118405052,-0.0260939958957671
3,0.07364609261080024,-0.025106871538778792
3,0.07650287403754996,-0.024104132710322967
3,0.07935965546429966,-0.02308694788988701
3,0.08221643689104936,-0.022056427931157654
3,0.0850732183177991,-0.021013629861843117
3,0.08792999974454879,-0.019959560359841484
3,0.0907867811712985,-0.018895178939483438
3,0.09364356259804824,-0.017821400877381727
3,0.09650034402479794,-0.016739099903987007
3,0.09935712545154765,-0.015649110683717625
3,0.10221390687829734,-0.014552231104074907
3,0.1050706883050471,-0.013449224391686264
3,0.10792746973179679,-0.012340821071344713
3,0.1107842511585465,-0.011227720782269145
3,0.11364103258529623,-0.010110593964379605
3,0.11649781401204594,-0.008990083425907482
3,0.11935459543879565,-0.00786680580266529
3,0.12221137686554534,-0.006741352918057366
3,0.12506815829229506,-0.005614293052163581
3,0.12792493971904478,-0.004486172127329881
3,0.1307817211457945,-0.003357514816963408
3,0.13363850257254423,-0.0022288255836789977
3,0.13649528399929392,-0.0011005896522799255
3,0.13935206542604364,2.6726077417821917e-5
3,0.14220884685279334,0.0011526721733472998
3,0.14506562827954306,0.002276815865401923
3,0.14792240970629278,0.0033987402873021113
3,0.15077919113304247,0.00451804376269194
3,0.15363597255979222,0.005634339132282449
3,0.15649275398654192,0.006747253119144796
3,0.1593495354132916,0.00785642572954454
3,0.16220631684004133,0.008961509686851955
3,0.16506309826679105,0.010062169896294089
3,0.16791987969354077,0.011158082938508163
3,0.17077666112029047,0.01224893658999282
3,0.17363344254704022,0.013334429368705065
3,0.1764902239737899,0.014414270103233628
3,0.1793470054005396,0.015488177523965968
3,0.18220378682728935,0.016555879874985534
3,0.18506056825403905,0.017617114545335957
3,0.18791734968078877,0.018671627718526092
3,0.19077413110753846,0.019719174039121833
3,0.1936309125342882,0.020759516295471542
3,0.1964876939610379,0.021792425117567613
3,0.1993444753877876,0.022817678689190813
3,0.20220125681453735,0.02383506247350109
3,0.20505803824128704,0.02484436895132235
3,0.20791481966803677,0.02584539737140459
3,0.21077160109478646,0.026837953512001838
3,0.21362838252153615,0.027821849453134793
3,0.21648516394828587,0.028796903358962244
3,0.21934194537503562,0.029762939269735635
3,0.22219872680178535,0.030719786902798293
3,0.22505550822853504,0.031667281462159004
3,0.22791228965528473,0.032605263456239326
3,0.23076907108203445,0.033533578523294236
3,0.23362585250878415,0.034452077264173514
3,0.23648263393553393,0.035360615082070446
3,0.23933941536228362,0.03625905202880201
3,0.2421961967890333,0.03714725265746479
3,0.24505297821578303,0.03802508588098101
3,0.24790975964253273,0.03889242483639341
3,0.2507665410692824,0.039749146754522194
3,0.25362332249603214,0.04059513283481606
3,0.2564801039227819,0.04143026812508327
3,0.2593368853495316,0.042254441405945246
3,0.2621936667762813,0.04306754507971555
3,0.26505044820303103,0.043869475063572215
3,0.26790722962978075,0.044660130686787834
3,0.2707640110565304,0.04543941459185348
3,0.27362079248328014,0.04620723263932232
3,0.2764775739100299,0.04696349381618931
3,0.27933435533677964,0.04770811014768347
3,0.2821911367635293,0.04844099661231147
3,0.285047918190279,0.04916207106000355
3,0.2879046996170287,0.04987125413324224
3,0.2907614810437784,0.05056846919104632
3,0.29361826247052814,0.051253642235706096
3,0.2964750438972779,0.05192670184210644
3,0.2993318253240276,0.052587579089605124
3,0.3021886067507773,0.05323620749629333
3,0.305045388177527,0.05387252295559931
3,0.30790216960427674,0.05449646367510078
3,0.3107589510310264,0.055107970117478845
3,0.31361573245777613,0.05570698494353388
3,0.3164725138845259,0.05629345295715678
3,0.3193292953112756,0.056867321052230003
3,0.3221860767380253,0.057428538161320826
3,0.325042858164775,0.057977055206167354
3,0.3278996395915247,0.05851282504983203
3,0.3307564210182744,0.059035802450495015
3,0.3336132024450241,0.05954594401682744
3,0.3364699838717739,0.06004320816485353
3,0.33932676529852357,0.06052755507630914
3,0.3421835467252733,0.06099894665837124
3,0.345040328152023,0.061457346504781546
3,0.3478971095787727,0.061902719858248044
3,0.3507538910055224,0.06233503357413465
3,0.3536106724322721,0.06275425608537284
3,0.3564674538590219,0.06316035736854618
3,0.35932423528577156,0.06355330891111972
3,0.3621810167125213,0.06393308367977485
3,0.365037798139271,0.06429965608982603
3,0.3678945795660207,0.06465300197564774
3,0.3707513609927704,0.06499309856211788
3,0.3736081424195201,0.06531992443702933
3,0.37646492384626984,0.0656334595244378
3,0.37932170527301956,0.06593368505892004
3,0.3821784866997693,0.0662205835607204
3,0.385035268126519,0.06649413881174317
3,0.38789204955326867,0.06675433583238502
3,0.3907488309800184,0.06700116085916959
3,0.3936056124067681,0.06723460132317084
3,0.39646239383351783,0.06745464582917086
3,0.39931917526026756,0.06766128413561763
3,0.4021759566870173,0.0678545071352196
3,0.405032738113767,0.0680343068363158
3,0.40788951954051667,0.06820067634487238
3,0.4107463009672664,0.06835360984717122
3,0.41360308239401616,0.0684931025931353
3,0.41645986382076583,0.06861915088028392
3,0.41931664524751555,0.06873175203829318
3,0.4221734266742653,0.06883090441417142
3,0.42503020810101494,0.06891660735800738
3,0.42788698952776466,0.06898886120928165
3,0.4307437709545144,0.06904766728375292
3,0.43360055238126416,0.06909302786087636
3,0.4364573338080138,0.069124946171745
3,0.43931411523476355,0.06914342638758912
3,0.44217089666151327,0.06914847360872874
3,0.44502767808826293,0.06914009385408507
3,0.44788445951501266,0.06911829405113035
3,0.4507412409417624,0.06908308202635328
3,0.4535980223685121,0.06903446649616933
3,0.4564548037952618,0.06897245705832664
3,0.45931158522201154,0.06889706418372238
3,0.46216836664876126,0.06880829920870353
3,0.46502514807551093,0.06870617432778808
3,0.46788192950226065,0.06859070258681058
3,0.4707387109290104,0.06846189787652852
3,0.47359549235576015,0.06831977492659966
3,0.47645227378250976,0.06816434930001175
3,0.47930905520925954,0.06799563738790246
3,0.4821658366360092,0.06781365640479128
3,0.4850226180627589,0.06761842438419044
3,0.4878793994895087,0.0674099601746463
3,0.49073618091625837,0.06718828343612823
3,0.4935929623430081,0.0669534146368373
3,0.49644974376975776,0.06670537505037546
3,0.49930652519650753,0.06644418675331137
3,0.5021633066232573,0.06616987262310851
3,0.505020088050007,0.06588245633644536
3,0.5078768694767567,0.06558196236787575
3,0.5107336509035063,0.06526841598889928
3,0.5135904323302561,0.06494184326737261
3,0.5164472137570058,0.06460227106729631
3,0.5193039951837555,0.06424972704896874
3,0.5221607766105053,0.06388423966950271
3,0.525017558037255,0.06350583818371393
3,0.5278743394640046,0.06311455264536159
3,0.5307311208907545,0.06271041390876021
3,0.5335879023175041,0.062293453630771725
3,0.5364446837442539,0.061863704273128636
3,0.5393014651710035,0.06142119910515474
3,0.5421582465977532,0.060965972206854374
3,0.545015028024503,0.06049805847233589
3,0.5478718094512527,0.06001749361364897
3,0.5507285908780023,0.05952431416497606
3,0.5535853723047521,0.05901855748719926
3,0.5564421537315017,0.05850026177283919
3,0.5592989351582516,0.05796946605139776
3,0.5621557165850013,0.0574262101950717
3,0.565012498011751,0.056870534924844146
3,0.5678692794385006,0.05630248181698342
3,0.5707260608652505,0.05572209330994992
3,0.5735828422920001,0.055129412711672876
3,0.5764396237187498,0.05452448420726066
3,0.5792964051454995,0.05390735286709982
3,0.5821531865722492,0.053278064655412065
3,0.5850099679989988,0.0526366664391756
3,0.5878667494257487,0.051983205997523214
3,0.5907235308524983,0.05131773203157253
3,0.5935803122792481,0.05064029417466442
3,0.5964370937059977,0.04995094300309955
3,0.5992938751327476,0.04924973004729573
3,0.6021506565594973,0.04853670780344014
3,0.605007437986247,0.047811929745606434
3,0.6078642194129966,0.04707545033833709
3,0.6107210008397465,0.046327325049780564
3,0.6135777822664961,0.04556761036525559
3,0.6164345636932458,0.04479636380139351
3,0.6192913451199955,0.04401364392078164
3,0.6221481265467452,0.04321951034714207
3,0.6250049079734948,0.04241402378108667
3,0.6278616894002447,0.041597246016391184
3,0.6307184708269943,0.04076923995690437
3,0.6335752522537441,0.0399300696339917
3,0.6364320336804937,0.03907980022464373
3,0.6392888151072436,0.038218498070143096
3,0.6421455965339933,0.03734623069541955
3,0.645002377960743,0.03646306682903799
3,0.6478591593874926,0.035569076423865795
3,0.6507159408142424,0.03466433067840859
3,0.653572722240992,0.03374890205889214
3,0.6564295036677418,0.0328228643220479
3,0.6592862850944915,0.03188629253864187
3,0.6621430665212412,0.030939263117803355
3,0.6649998479479908,0.02998185383212292
3,0.6678566293747407,0.029014143843571212
3,0.6707134108014903,0.028036213730277898
3,0.67357019222824,0.02704814551415967
3,0.6764269736549897,0.0260500226894381
3,0.6792837550817395,0.025041930252111436
3,0.6821405365084892,0.024023954730344348
3,0.684997317935239,0.022996184215861276
3,0.6878540993619886,0.021958708396346574
3,0.6907108807887384,0.020911618588887623
3,0.693567662215488,0.01985500777452814
3,0.6964244436422378,0.01878897063389737
3,0.6992812250689875,0.017713603584027186
3,0.7021380064957372,0.016629004816372413
3,0.7049947879224868,0.015535274336048812
3,0.7078515693492367,0.014432514002350886
3,0.7107083507759863,0.013320827570643493
3,0.713565132202736,0.012200320735556198
3,0.7164219136294857,0.011071101175673467
3,0.7192786950562355,0.009933278599669792
3,0.7221354764829852,0.008786964793970176
3,0.724992257909735,0.007632273672023971
3,0.7278490393364846,0.006469321325216632
3,0.7307058207632344,0.005298226075499536
3,0.733562602189984,0.004119108529790303
3,0.7364193836167338,0.0029320916362367464
3,0.7392761650434835,0.0017373007424037786
3,0.7421329464702332,0.0005348636554265143
3,0.7449897278969828,-0.000675089295705361
3,0.7478465093237326,-0.0018924251957544381
3,0.7507032907504823,-0.0031170084765506393
3,0.753560072177232,-0.004348700847989496
3,0.7564168536039817,-0.005587361226570298
3,0.7592736350307315,-0.0068328456613976135
3,0.7621304164574811,-0.008085007257550283
3,0.764987197884231,-0.009343696096638002
3,0.7678439793109806,-0.010608759154522068
3,0.7707007607377303,-0.011880040215992838
3,0.77355754216448,-0.013157379786313051
3,0.7764143235912297,-0.014440614999479535
3,0.7792711050179795,-0.015729579523042058
3,0.7821278864447292,-0.017024103459348395
3,0.7849846678714788,-0.018324013243013637
3,0.7878414492982286,-0.01962913153448538
3,0.7906982307249782,-0.02093927710948801
3,0.793555012151728,-0.022254264744149353
3,0.7964117935784777,-0.02357390509563018
3,0.7992685750052275,-0.024898004578027676
3,0.8021253564319771,-0.026226365233293747
3,0.804982137858727,-0.02755878459698472
3,0.8078389192854766,-0.02889505555850629
3,0.8106957007122263,-0.030234966215657647
3,0.813552482138976,-0.03157829972312577
3,0.8164092635657257,-0.03292483413463841
3,0.8192660449924754,-0.03427434223845136
3,0.8221228264192252,-0.035626591385826106
3,0.8249796078459748,-0.036981343312099235
3,0.8278363892727246,-0.03833835394996942
3,0.8306931706994742,-0.039697373234595906
3,0.833549952126224,-0.04105814489999464
3,0.8364067335529737,-0.042420406266334934
3,0.8392635149797235,-0.043783888017544126
3,0.8421202964064731,-0.04514831396876444
3,0.844977077833223,-0.04651340082295471
3,0.8478338592599726,-0.047878857916153726
3,0.8506906406867223,-0.049244386950594334
3,0.853547422113472,-0.05060968171505894
3,0.8564042035402217,-0.051974427791651366
3,0.8592609849669713,-0.053338302248166644
3,0.8621177663937212,-0.054700973315164596
3,0.8649745478204708,-0.056062100046839945
3,0.8678313292472205,-0.05742133196456521
3,0.8706881106739702,-0.058778308682114914
3,0.87354489210072,-0.060132659511275964
3,0.8764016735274698,-0.06148400304664972
3,0.8792584549542195,-0.06283194672816211
3,0.8821152363809691,-0.06417608637985263
3,0.884972017807719,-0.06551600572328818
3,0.8878287992344686,-0.06685127586384364
3,0.8906855806612183,-0.0681814547479236
3,0.893542362087968,-0.06950608658907566
3,0.8963991435147177,-0.07082470126072575
3,0.8992559249414673,-0.07213681365308487
3,0.9021127063682172,-0.07344192299154396
3,0.9049694877949668,-0.07473951211366243
3,0.9078262692217165,-0.07602904670154503
3,0.9106830506484662,-0.07730997446611847
3,0.913539832075216,-0.07858172427951628
3,0.9163966135019657,-0.07984370525134757
3,0.9192533949287155,-0.08109530574429062
3,0.9221101763554651,-0.08233589232391719
3,0.9249669577822149,-0.08356480863720661
3,0.9278237392089645,-0.0847813742135631
3,0.9306805206357143,-0.08598488318157829
3,0.933537302062464,-0.0871746028939825
3,0.9363940834892137,-0.08834977245244034
3,0.9392508649159633,-0.08950960112293596
3,0.9421076463427132,-0.09065326663140252
3,0.9449644277694628,-0.09177991332807557
3,0.9478212091962125,-0.0928886502077112
3,0.9506779906229622,-0.09397854877122845
3,0.953534772049712,-0.09504864071262471
3,0.9563915534764617,-0.09609791541291017
3,0.9592483349032115,-0.09712531722055753
3,0.9621051163299611,-0.09812974249523296
3,0.9649618977567108,-0.0991100363885101
3,0.9678186791834605,-0.10006498933164265
3,0.9706754606102103,-0.10099333319634932
3,0.9735322420369599,-0.10189373708959913
3,0.9763890234637097,-0.10276480273783055
3,0.9792458048904593,-0.10360505940917528
3,0.9821025863172091,-0.10441295831445206
3,0.9849593677439588,-0.10518686641828247
3,0.9878161491707085,-0.10592505958061761
3,0.9906729305974582,-0.10662571493552084
3,0.993529712024208,-0.10728690239823922
3,0.9963864934509576,-0.10790657517222518
3,0.9992432748777075,-0.1084825591044672
3,1.002100056304457,-0.1090125407089894
3,1.0049568377312068,-0.10949405364356932
3,1.0078136191579565,-0.10992446338152419
3,1.0106704005847063,-0.11030094976707243
3,1.0135271820114558,-0.11062048707591954
3,1.0163839634382057,-0.11087982111841645
3,1.0192407448649554,-0.1110754428158363
3,1.0220975262917051,-0.11120355754337181
3,1.0249543077184549,-0.1112600493564505
3,1.0278110891452046,-0.1112404389862269
3,1.030667870571954,-0.11113983418543293
3,1.0335246519987038,-0.11095287059957096
3,1.0363814334254537,-0.11067364078943955
3,1.0392382148522035,-0.11029560827924005
3,1.042094996278953,-0.10981150245929656
3,1.0449517777057027,-0.10921318869518593
3,1.0478085591324524,-0.10849150586883254
3,1.0506653405592024,-0.10763606045350807
3,1.053522121985952,-0.10663496153086964
3,1.0563789034127018,-0.1054744739206173
3,1.0592356848394513,-0.10413855510268749
3,1.062092466266201,-0.10260822274579662
3,1.0649492476929507,-0.10086066744804686
3,1.0678060291197007,-0.09886796772469089
3,1.0706628105464502,-0.09659515556046314
3,1.0735195919732,-0.09399716129141822
3,1.0763763733999496,-0.09101368433351884
3,1.0792331548266993,-0.08755985507751923
3,1.0820899362534488,-0.0835071970903275
3,1.0849467176801988,-0.07863753083235754
3,1.0878034991069485,-0.0724913890066126
3,1.0906602805336982,-0.06290693195186542
4,-0.04993568003742252,-0.0014962141999773772
4,-0.04707381753458415,-0.010403923009907124
4,-0.04421195503174577,-0.015958780420846023
4,-0.041350092528907395,-0.02027422937479341
4,-0.03848823002606903,-0.023800143237719736
4,-0.03562636752323066,-0.02675040987344124
4,-0.03276450502039228,-0.029251104825898752
4,-0.029902642517553903,-0.03138557531987733
4,-0.02704078001471553,-0.033213071992253776
4,-0.024178917511877163,-0.034777894105872544
4,-0.021317055009038785,-0.03611441639101484
4,-0.018455192506200407,-0.03725008523588929
4,-0.015593330003362035,-0.03820731710823388
4,-0.012731467500523667,-0.039004760460110754
4,-0.009869604997685293,-0.03965816757708691
4,-0.007007742494846918,-0.04018101643451968
4,-0.004145879992008543,-0.040584966260379496
4,-0.001284017489170175,-0.04088019895891734
4,0.0015778450136681998,-0.041075680064608544
4,0.004439707516506582,-0.04117936163291456
4,0.0073015700193449495,-0.04119834237756899
4,0.010163432522183317,-0.04113899575964665
4,0.0130252950250217,-0.04100707366855807
4,0.015887157527860074,-0.04080779124771011
4,0.01874902003069845,-0.04054589696693625
4,0.02161088253353681,-0.040225731016942066
4,0.02447274503637519,-0.03985127436229545
4,0.027334607539213573,-0.03942619024975068
4,0.030196470042051934,-0.03895385956922931
4,0.03305833254489031,-0.03843741116517377
4,0.03592019504772868,-0.03787974796878145
4,0.03878205755056706,-0.03728356964750174
4,0.041643920053405434,-0.036651392333387364
4,0.044505782556243795,-0.03598556588650885
4,0.04736764505908218,-0.035288289066844954
4,0.05022950756192056,-0.034561622921976946
4,0.05309137006475892,-0.033807502645448434
4,0.055953232567597294,-0.0330277481179825
4,0.058815095070435676,-0.032224073309532905
4,0.061676957573274044,-0.03139809469189507
4,0.06453882007611242,-0.030551338788700724
4,0.0674006825789508,-0.029685248970517452
4,0.07026254508178917,-0.028801191587068252
4,0.07312440758462754,-0.027900461515428725
4,0.07598627008746592,-0.026984287192054653
4,0.07884813259030429,-0.02605383518726312
4,0.08170999509314267,-0.02511021437297625
4,0.08457185759598104,-0.024154479727867363
4,0.08743372009881942,-0.02318763581851797
4,0.09029558260165776,-0.02221063999025818
4,0.09315744510449615,-0.02122440529730338
4,0.09601930760733453,-0.020229803198256756
4,0.09888117011017292,-0.019227666039974216
4,0.10174303261301129,-0.018218789350042723
4,0.10460489511584967,-0.017203933956050577
4,0.10746675761868801,-0.016183827947566717
4,0.11032862012152639,-0.015159168495153353
4,0.11319048262436476,-0.014130623539176877
4,0.11605234512720315,-0.01309883335983402
4,0.11891420763004154,-0.01206441203859814
4,0.12177607013287989,-0.011027948820310584
4,0.12463793263571826,-0.009990009384180158
4,0.12749979513855664,-0.008951137031150937
4,0.130361657641395,-0.007911853794376025
4,0.1332235201442334,-0.006872661478920843
4,0.13608538264707176,-0.005834042636165541
4,0.13894724514991014,-0.00479646147801493
4,0.1418091076527485,-0.003760364735374648
4,0.1446709701555869,-0.002726182465124058
4,0.14753283265842526,-0.001694328809345147
4,0.15039469516126364,-0.0006652027102466755
4,0.153256557664102,0.0003608114159985165
4,0.15611842016694036,0.0013833430436886653
4,0.15898028266977873,0.0024020349375709327
4,0.16184214517261714,0.003416542585973001
4,0.1647040076754555,0.004426533664824374
4,0.16756587017829389,0.005431687530539667
4,0.17042773268113223,0.006431694739833109
4,0.1732895951839706,0.007426256594719315
4,0.17615145768680898,0.008415084711118789
4,0.17901332018964736,0.009397900609538606
4,0.18187518269248573,0.010374435326462483
4,0.18473704519532413,0.011344429045180144
4,0.18759890769816248,0.012307630744847276
4,0.19046077020100086,0.013263797866719915
4,0.19332263270383923,0.01421269599649838
4,0.1961844952066776,0.01515409856184482
4,0.19904635770951598,0.016087786544213223
4,0.20190822021235436,0.017013548204158777
4,0.2047700827151927,0.017931178819335633
4,0.20763194521803108,0.01884048043451502
4,0.21049380772086948,0.019741261622916666
4,0.21335567022370786,0.0206333372582601
4,0.21621753272654623,0.021516528296954357
4,0.2190793952293846,0.022390661569822792
4,0.22194125773222298,0.023255569582964233
4,0.22480312023506135,0.02411109032717239
4,0.22766498273789967,0.024957067095514172
4,0.23052684524073808,0.02579334830862713
4,0.23338870774357645,0.02661978734737842
4,0.23625057024641483,0.027436242392466968
4,0.2391124327492532,0.0282425762706419
4,0.24197429525209158,0.029038656307241752
4,0.24483615775492995,0.029824354184671484
4,0.24769802025776833,0.030599545806611804
4,0.2505598827606067,0.03136411116763853
4,0.2534217452634451,0.03211793422798196
4,0.25628360776628345,0.03286090279324684
4,0.2591454702691218,0.03359290839878316
4,0.26200733277196014,0.0343138461985601
4,0.2648691952747986,0.03502361485829912
4,0.26773105777763695,0.035722116452681266
4,0.2705929202804753,0.0364092563664459
4,0.2734547827833137,0.03708494319923467
4,0.2763166452861521,0.03774908867394955
4,0.27917850778899045,0.0384016075485595
4,0.2820403702918288,0.039042417531125036
4,0.2849022327946672,0.03967143919796338
4,0.2877640952975056,0.04028859591478637
4,0.29062595780034395,0.040893813760701246
4,0.29348782030318227,0.04148702145494335
4,0.29634968280602064,0.0420681502862516
4,0.299211545308859,0.042637134044736555
4,0.3020734078116974,0.04319390895620745
4,0.30493527031453577,0.04373841361877096
4,0.30779713281737414,0.044270588941689476
4,0.31065899532021257,0.04479037808637982
4,0.31352085782305095,0.045297726409451074
4,0.3163827203258893,0.04579258140773585
4,0.3192445828287277,0.04627489266521111
4,0.32210644533156607,0.04674461180176175
4,0.3249683078344044,0.047201692423693334
4,0.32783017033724277,0.04764609007594794
4,0.33069203284008114,0.04807776219594238
4,0.3335538953429195,0.04849666806898866
4,0.3364157578457579,0.04890276878523188
4,0.33927762034859626,0.04929602719804104
4,0.34213948285143464,0.04967640788381045
4,0.345001345354273,0.05004387710313731
4,0.3478632078571114,0.05039840276328446
4,0.35072507035994976,0.05073995438193742
4,0.3535869328627882,0.051068503052170235
4,0.35644879536562657,0.05138402140859753
4,0.3593106578684649,0.051686483594673385
4,0.36217252037130326,0.05197586523109522
4,0.36503438287414164,0.05225214338527395
4,0.36789624537698,0.05251529654184365
4,0.3707581078798184,0.05276530457417183
4,0.37361997038265676,0.05300214871683482
4,0.37648183288549514,0.05322581153904306
4,0.3793436953883335,0.05343627691897556
4,0.3822055578911719,0.05363353001898223
4,0.38506742039401026,0.05381755726167243
4,0.38792928289684864,0.05398834630680279
4,0.39079114539968696,0.05414588602900074
4,0.39365300790252533,0.0542901664962499
4,0.3965148704053637,0.054421178949145686
4,0.3993767329082021,0.05453891578089859
4,0.4022385954110405,0.05464337051803232
4,0.4051004579138789,0.05473453780182461
4,0.40796232041671726,0.05481241337037379
4,0.41082418291955564,0.05487699404137926
4,0.413686045422394,0.05492827769553555
4,0.4165479079252324,0.054966263260569054
4,0.41940977042807076,0.05499095069589032
4,0.4222716329309091,0.055002340977833054
4,0.42513349543374745,0.05500043608549036
4,0.42799535793658583,0.054985238987110746
4,0.4308572204394242,0.05495675362706321
4,0.4337190829422626,0.05491498491333185
4,0.43658094544510095,0.05485993870556287
4,0.43944280794793933,0.054791621803600955
4,0.4423046704507777,0.05471004193658078
4,0.4451665329536161,0.054615207752472666
4,0.4480283954564545,0.05450712880814703
4,0.4508902579592929,0.054385815559912315
4,0.45375212046213126,0.0542512793545124
4,0.4566139829649696,0.05410353242060439
4,0.45947584546780795,0.05394258786067758
4,0.4623377079706463,0.05376845964343153
4,0.4651995704734847,0.053581162596575235
4,0.4680614329763231,0.05338071240007139
4,0.47092329547916145,0.05316712557981471
4,0.4737851579819998,0.05294041950170247
4,0.4766470204848382,0.05270061236615111
4,0.4795088829876766,0.05244772320299418
4,0.48237074549051495,0.05218177186680414
4,0.4852326079933533,0.05190277903260175
4,0.4880944704961917,0.05161076619195456
4,0.4909563329990301,0.05130575564948721
4,0.4938181955018685,0.05098777051975188
4,0.4966800580047069,0.05065683472449534
4,0.49954192050754526,0.05031297299030715
4,0.5024037830103836,0.04995621084664013
4,0.5052656455132218,0.049586574624209345
4,0.5081275080160603,0.04920409145375771
4,0.5109893705188986,0.04880878926518395
4,0.5138512330217371,0.0484006967870776
4,0.5167130955245754,0.04797984354656589
4,0.5195749580274138,0.04754625986957375
4,0.5224368205302522,0.04709997688141848
4,0.5252986830330907,0.04664102650778017
4,0.528160545535929,0.046169441476056755
4,0.5310224080387674,0.045685255317043295
4,0.5338842705416057,0.045188502367010115
4,0.5367461330444442,0.04467921777013582
4,0.5396079955472824,0.04415743748130088
4,0.5424698580501208,0.04362319826925974
4,0.5453317205529592,0.04307653772018086
4,0.5481935830557976,0.04251749424155654
4,0.551055445558636,0.041946107066473004
4,0.5539173080614743,0.04136241625828829
4,0.5567791705643127,0.04076646271565911
4,0.5596410330671511,0.040158288177961944
4,0.5625028955699894,0.0395379352311041
4,0.5653647580728278,0.03890544731370626
4,0.5682266205756662,0.03826086872370023
4,0.5710884830785046,0.03760424462530975
4,0.5739503455813428,0.03693562105643029
4,0.5768122080841813,0.03625504493643167
4,0.5796740705870196,0.03556256407435214
4,0.5825359330898581,0.034858227177528185
4,0.5853977955926963,0.03414208386063152
4,0.5882596580955348,0.03341418465515616
4,0.5911215205983731,0.03267458101932131
4,0.5939833831012116,0.03192332534842704
4,0.5968452456040498,0.031160470985675228
4,0.5997071081068883,0.030386072233414635
4,0.6025689706097267,0.029600184364891678
4,0.6054308331125651,0.028802863636465385
4,0.6082926956154034,0.02799416730028533
4,0.6111545581182418,0.02717415361750384
4,0.6140164206210802,0.02634288187196369
4,0.6168782831239186,0.02550041238441455
4,0.6197401456267569,0.024646806527264854
4,0.6226020081295953,0.02378212673984696
4,0.6254638706324337,0.02290643654426075
4,0.6283257331352721,0.022019800561781346
4,0.6311875956381104,0.021122284529811065
4,0.6340494581409488,0.020213955319469446
4,0.6369113206437871,0.0192948809537515
4,0.6397731831466256,0.01836513062634566
4,0.6426350456494638,0.01742477472104232
4,0.6454969081523023,0.016473884831840716
4,0.6483587706551406,0.01551253378370299
4,0.6512206331579791,0.01454079565401577
4,0.6540824956608173,0.013558745794736418
4,0.6569443581636558,0.012566460855297298
4,0.6598062206664941,0.011564018806238262
4,0.6626680831693326,0.010551498963629113
4,0.6655299456721708,0.009528982014259727
4,0.6683918081750093,0.008496550041689746
4,0.6712536706778476,0.007454286553086359
4,0.674115533180686,0.006402276506995733
4,0.6769773956835243,0.005340606341944237
4,0.6798392581863627,0.004269364006014153
4,0.6827011206892011,0.0031886389873352784
4,0.6855629831920395,0.0020985223455943732
4,0.6884248456948778,0.0009991067445200802
4,0.6912867081977163,-0.0001095135145360106
4,0.6941485707005547,-0.0012272424579783576
4,0.6970104332033931,-0.0023539824042064336
4,0.6998722957062313,-0.003489633926692461
4,0.7027341582090698,-0.004634095815862326
4,0.7055960207119081,-0.005787265039748639
4,0.7084578832147466,-0.006949036703351169
4,0.7113197457175848,-0.008119304006653182
4,0.7141816082204233,-0.009297958201300993
4,0.7170434707232616,-0.010484888545804916
4,0.7199053332261001,-0.0116799822593129
4,0.7227671957289383,-0.012883124473808252
4,0.7256290582317768,-0.0140941981847365
4,0.7284909207346151,-0.015313084199978509
4,0.7313527832374536,-0.01653966108711295
4,0.7342146457402918,-0.017773805118882376
4,0.7370765082431302,-0.019015390216825256
4,0.7399383707459686,-0.020264287892978138
4,0.742800233248807,-0.0215203671895817
4,0.7456620957516453,-0.02278349461669947
4,0.7485239582544837,-0.02405353408769456
4,0.7513858207573221,-0.025330346852422282
4,0.7542476832601605,-0.026613791428104164
4,0.7571095457629988,-0.02790372352774969
4,0.7599714082658372,-0.02919999598604246
4,0.7628332707686756,-0.030502458682538782
4,0.765695133271514,-0.03181095846216485
4,0.7685569957743522,-0.033125339052749045
4,0.7714188582771907,-0.03444544097960477
4,0.774280720780029,-0.03577110147693258
4,0.7771425832828674,-0.03710215439594615
4,0.7800044457857058,-0.03843843010956886
4,0.7828663082885443,-0.039779755413526886
4,0.7857281707913826,-0.041125953423698076
4,0.7885900332942211,-0.04247684346953516
4,0.7914518957970593,-0.04383224098335692
4,0.7943137582998978,-0.045191957385355516
4,0.7971756208027361,-0.04655579996406871
4,0.8000374833055744,-0.047923571752135304
4,0.8028993458084128,-0.0492950713970838
4,0.8057612083112512,-0.05067009302690027
4,0.8086230708140896,-0.0520484261101739
4,0.811484933316928,-0.05342985531043474
4,0.8143467958197663,-0.05481416033452585
4,0.8172086583226047,-0.0562011157745812
4,0.8200705208254431,-0.05759049094336555
4,0.8229323833282814,-0.058982049702581064
4,0.8257942458311198,-0.06037555028377202
4,0.8286561083339582,-0.06177074510145559
4,0.8315179708367965,-0.06316738055802265
4,0.834379833339635,-0.06456519683998402
4,0.8372416958424732,-0.06596392770507696
4,0.8401035583453117,-0.06736330025970162
4,0.84296542084815,-0.06876303472617244
4,0.8458272833509884,-0.07016284419915872
4,0.8486891458538267,-0.07156243439072364
4,0.8515510083566652,-0.07296150336327133
4,0.8544128708595035,-0.07435974124968397
4,0.857274733362342,-0.07575682995989656
4,0.8601365958651802,-0.07715244287305259
4,0.8629984583680187,-0.0785462445143693
4,0.865860320870857,-0.07993789021576517
4,0.8687221833736954,-0.08132702575921257
4,0.8715840458765338,-0.08271328700169789
4,0.8744459083793722,-0.08409629948061301
4,0.8773077708822106,-0.0854756779982915
4,0.8801696333850489,-0.08685102618428431
4,0.8830314958878873,-0.08822193603388297
4,0.8858933583907257,-0.08958798742126489
4,0.8887552208935641,-0.09094874758549004
4,0.8916170833964024,-0.09230377058744398
4,0.8944789458992407,-0.09365259673564919
4,0.8973408084020792,-0.09499475197869947
4,0.9002026709049175,-0.09632974726183696
4,0.9030645334077559,-0.09765707784502733
4,0.9059263959105942,-0.09897622257960874
4,0.9087882584134327,-0.10028664314029422
4,0.911650120916271,-0.10158778320908474
4,0.9145119834191094,-0.10287906760726934
4,0.9173738459219477,-0.1041599013712857
4,0.9202357084247862,-0.10542966876789016
4,0.9230975709276245,-0.10668773224352547
4,0.9259594334304629,-0.10793343130238703
4,0.9288212959333012,-0.10916608130693671
4,0.9316831584361396,-0.11038497219416109
4,0.934545020938978,-0.11158936709995372
4,0.9374068834418163,-0.11277850088337348
4,0.9402687459446547,-0.1139515785413962
4,0.9431306084474931,-0.11510777350390403
4,0.9459924709503315,-0.11624622579735369
4,0.9488543334531698,-0.1173660400642847
4,0.9517161959560082,-0.11846628342417266
4,0.9545780584588466,-0.1195459831595155
4,0.957439920961685,-0.12060412420888898
4,0.9603017834645234,-0.12163964644645887
4,0.9631636459673617,-0.12265144172467528
4,0.9660255084702002,-0.12363835065389497
4,0.9688873709730385,-0.12459915908897773
4,0.9717492334758769,-0.1255325942887656
4,0.9746110959787152,-0.12643732070952696
4,0.9774729584815537,-0.1273119353876069
4,0.980334820984392,-0.12815496286003705
4,0.9831966834872304,-0.12896484956371707
4,0.9860585459900687,-0.1297399576445544
4,0.9889204084929072,-0.1304785580968097
4,0.9917822709957455,-0.13117882313949872
4,0.9946441334985838,-0.13183881772078626
4,0.9975059960014222,-0.13245649002206494
4,1.0003678585042606,-0.1330296608099961
4,1.0032297210070988,-0.1335560114563373
4,1.0060915835099375,-0.1340330704105122
4,1.0089534460127758,-0.13445819786673394
4,1.0118153085156143,-0.1348285683140972
4,1.0146771710184526,-0.13514115059113285
4,1.017539033521291,-0.13539268498207793
4,1.0204008960241293,-0.1355796567852703
4,1.0232627585269678,-0.135698265646956
4,1.026124621029806,-0.13574438977699593
4,1.0289864835326443,-0.13571354393185475
4,1.0318483460354828,-0.13560082974578974
4,1.034710208538321,-0.13540087658455455
4,1.0375720710411596,-0.1351077705470198
4,1.0404339335439978,-0.13471496848800552
4,1.0432957960468363,-0.13421519289012537
4,1.0461576585496746,-0.1336003019348847
4,1.049019521052513,-0.13286112699618677
4,1.0518813835553513,-0.13198726665518193
4,1.0547432460581898,-0.13096682163994963
4,1.057605108561028,-0.12978604785402928
4,1.0604669710638663,-0.12842889316374922
4,1.0633288335667048,-0.12687636474276623
4,1.066190696069543,-0.12510564155475143
4,1.0690525585723816,-0.12308878896798378
4,1.0719144210752198,-0.12079082374634213
4,1.0747762835780583,-0.11816665804527683
4,1.0776381460808966,-0.11515596865429577
4,1.080500008583735,-0.11167385618827498
4,1.0833618710865733,-0.10759180178097436
4,1.0862237335894118,-0.10269155747603673
4,1.08908559609225,-0.09651351778701545
4,1.0919474585950886,-0.08689521349398349
5,-0.048287345385347284,-0.0012285606921512535
5,-0.0454187572114377,-0.010209244017328012
5,-0.042550169037528104,-0.015868364774009804
5,-0.03968158086361851,-0.020294078264210903
5,-0.03681299268970892,-0.023932783920966472
5,-0.03394440451579934,-0.026997232331067416
5,-0.031075816341889745,-0.02961303071459194
5,-0.028207228167980148,-0.031863308508681056
5,-0.02533863999407056,-0.03380720731538
5,-0.02247005182016097,-0.03548896919343062
5,-0.019601463646251382,-0.036942937948256926
5,-0.01673287547234179,-0.038196542909298165
5,-0.013864287298432199,-0.03927219096105487
5,-0.010995699124522612,-0.04018852501347467
5,-0.008127110950613026,-0.04096129394708938
5,-0.005258522776703425,-0.0416039733915319
5,-0.002389934602793839,-0.04212822067180049
5,0.00047865357111574747,-0.042544215879571703
5,0.003347241745025341,-0.04286092262909543
5,0.006215829918934934,-0.04308629084125802
5,0.00908441809284452,-0.04322741682861139
5,0.011953006266754107,-0.04329067136458036
5,0.0148215944406637,-0.0432818033636704
5,0.0176901826145733,-0.043206024717290174
5,0.02055877078848288,-0.04306808038228621
5,0.023427358962392467,-0.04287230679437004
5,0.026295947136302067,-0.04262268094108607
5,0.029164535310211653,-0.04232286189002542
5,0.03203312348412124,-0.04197622616894093
5,0.03490171165803083,-0.041585898095111734
5,0.037770299831940427,-0.041154775924322214
5,0.04063888800585001,-0.040685554515792935
5,0.043507476179759606,-0.040180745074599844
5,0.04637606435366919,-0.03964269242797634
5,0.04924465252757878,-0.03907359020883136
5,0.05211324070148838,-0.038475494254043646
5,0.054981828875397966,-0.03785033447236991
5,0.057850417049307545,-0.037199925394333186
5,0.06071900522321715,-0.03652597558208076
5,0.06358759339712675,-0.035830096049086546
5,0.06645618157103632,-0.03511380781652599
5,0.06932476974494592,-0.03437854871416197
5,0.0721933579188555,-0.03362567951780587
5,0.07506194609276509,-0.0328564895022367
5,0.07793053426667469,-0.03207220147751544
5,0.08079912244058426,-0.031273976367372204
5,0.08366771061449388,-0.030462917380427917
5,0.08653629878840347,-0.029640073818581025
5,0.08940488696231305,-0.02880644456102433
5,0.09227347513622264,-0.027962981257718778
5,0.09514206331013222,-0.027110591261925415
5,0.09801065148404181,-0.0262501403278697
5,0.10087923965795143,-0.025382455096556084
5,0.10374782783186101,-0.024508325390054504
5,0.1066164160057706,-0.023628506332388423
5,0.10948500417968018,-0.02274372031296638
5,0.11235359235358977,-0.021854658806953538
5,0.11522218052749934,-0.02096198406529296
5,0.11809076870140896,-0.02006633068581926
5,0.12095935687531856,-0.01916830707572253
5,0.12382794504922813,-0.018268496814525206
5,0.12669653322313773,-0.01736745992591712
5,0.1295651213970473,-0.016465734065849575
5,0.1324337095709569,-0.01556383563368572
5,0.13530229774486652,-0.014662260812493621
5,0.13817088591877608,-0.013761486544016438
5,0.14103947409268566,-0.012861971443336234
5,0.14390806226659525,-0.011964156657803753
5,0.14677665044050484,-0.011068466674404054
5,0.14964523861441442,-0.010175310079304048
5,0.15251382678832404,-0.00928508027311943
5,0.15538241496223362,-0.008398156144979891
5,0.1582510031361432,-0.007514902708360562
5,0.1611195913100528,-0.006635671701292007
5,0.16398817948396238,-0.005760802153405025
5,0.16685676765787197,-0.004890620922052034
5,0.16972535583178158,-0.0040254431995557635
5,0.17259394400569117,-0.0031655729934952906
5,0.17546253217960076,-0.0023113035817709368
5,0.17833112035351034,-0.0014629179440751598
5,0.18119970852741993,-0.0006206891712385655
5,0.18406829670132951,0.0002151191461268603
5,0.18693688487523913,0.0010442525484386834
5,0.18980547304914872,0.00186646535624276
5,0.1926740612230583,0.002681520336422385
5,0.1955426493969679,0.003489188384601748
5,0.19841123757087747,0.0042892482227048015
5,0.20127982574478706,0.005081486110821907
5,0.20414841391869668,0.00586569557259348
5,0.20701700209260626,0.006641677133286293
5,0.20988559026651585,0.007409238069874387
5,0.21275417844042546,0.008168192172474121
5,0.21562276661433505,0.008918359516485837
5,0.2184913547882446,0.009659566244877928
5,0.22135994296215422,0.010391644360039202
5,0.2242285311360638,0.011114431524741984
5,0.2270971193099734,0.011827770871680177
5,0.22996570748388295,0.012531510821170927
5,0.23283429565779257,0.013225504906601066
5,0.23570288383170213,0.013909611607198844
5,0.23857147200561174,0.01458369418777913
5,0.2414400601795213,0.015247620545114192
5,0.24430864835343089,0.015901263060602053
5,0.24717723652734047,0.01654449845890454
5,0.25004582470125014,0.017177207672308587
5,0.2529144128751597,0.017799275710480695
5,0.2557830010490693,0.01841059153541952
5,0.2586515892229789,0.019011047941286878
5,0.2615201773968885,0.01960054143898324
5,0.26438876557079805,0.020178972145162104
5,0.2672573537447076,0.020746243675523923
5,0.2701259419186172,0.021302263042212534
5,0.27299453009252683,0.021846940555054727
5,0.2758631182664364,0.022380189726586976
5,0.27873170644034595,0.022901927180591055
5,0.28160029461425556,0.023412072564050486
5,0.2844688827881652,0.023910548462374642
5,0.2873374709620748,0.02439728031771134
5,0.2902060591359844,0.02487219635028081
5,0.29307464730989397,0.025335227482535985
5,0.2959432354838035,0.025786307266077124
5,0.29881182365771314,0.02622537181120238
5,0.3016804118316227,0.026652359718957522
5,0.3045490000055323,0.027067212015627343
5,0.30741758817944187,0.02746987208952446
5,0.3102861763533515,0.027860285630021058
5,0.31315476452726104,0.028238400568728138
5,0.31602335270117066,0.028604167022701504
5,0.31889194087508027,0.028957537239658465
5,0.3217605290489899,0.0292984655450879
5,0.32462911722289944,0.029626908291169783
5,0.32749770539680906,0.02994282380748167
5,0.3303662935707186,0.030246172353390388
5,0.33323488174462823,0.03053691607206287
5,0.3361034699185378,0.03081501894607749
5,0.3389720580924474,0.031080446754527747
5,0.34184064626635696,0.03133316703159132
5,0.3447092344402666,0.031573149026524076
5,0.34757782261417614,0.03180036366499602
5,0.35044641078808575,0.032014783511743555
5,0.35331499896199536,0.03221638273449968
5,0.356183587135905,0.03240513706914023
5,0.35905217530981454,0.03258102378600951
5,0.36192076348372415,0.03274402165739191
5,0.3647893516576337,0.0328941109261016
5,0.36765793983154327,0.033031273275126304
5,0.3705265280054529,0.033155491798301025
5,0.3733951161793625,0.03326675097200172
5,0.37626370435327205,0.03336503662780605
5,0.3791322925271816,0.03345033592607754
5,0.3820008807010912,0.03352263733047342
5,0.38486946887500084,0.03358193058333816
5,0.38773805704891046,0.03362820668194274
5,0.39060664522282,0.033661457855570724
5,0.39347523339672963,0.033681677543385025
5,0.3963438215706392,0.03368886037310875
5,0.3992124097445488,0.03368300214044996
5,0.40208099791845836,0.03366409978925674
5,0.404949586092368,0.0336321513924224
5,0.40781817426627753,0.033587156133450896
5,0.41068676244018715,0.03352911428874028
5,0.4135553506140967,0.03345802721049634
5,0.4164239387880063,0.03337389731031865
5,0.4192925269619159,0.0332767280433978
5,0.42216111513582555,0.033166523893331905
5,0.4250297033097351,0.03304329035754747
5,0.4278982914836447,0.032907033933282856
5,0.4307668796575543,0.03275776210417888
5,0.4336354678314639,0.0325954833273868
5,0.43650405600537345,0.03242020702124416
5,0.43937264417928307,0.03223194355347259
5,0.4422412323531926,0.03203070422990741
5,0.44510982052710224,0.031816501283718115
5,0.4479784087010118,0.031589347865159684
5,0.4508469968749214,0.03134925803176124
5,0.45371558504883097,0.031096246739061282
5,0.45658417322274064,0.030830329831747216
5,0.4594527613966502,0.030551524035318512
5,0.4623213495705598,0.030259846948144473
5,0.4651899377444694,0.029955317034015935
5,0.468058525918379,0.029637953615118083
5,0.47092711409228855,0.029307776865421693
5,0.4737957022661982,0.028964807804525997
5,0.4766642904401078,0.028609068291899326
5,0.4795328786140174,0.028240581021545974
5,0.48240146678792695,0.027859369517075638
5,0.4852700549618365,0.02746545812717845
5,0.4881386431357461,0.02705887202149754
5,0.4910072313096557,0.02663963718689431
5,0.4938758194835653,0.02620778042409669
5,0.49674440765747485,0.025763329344754404
5,0.49961299583138447,0.0253063123688543
5,0.5024815840052941,0.024836758722532208
5,0.5053501721792036,0.02435469843624034
5,0.5082187603531132,0.023860162343313174
5,0.5110873485270228,0.023353182078893166
5,0.5139559367009324,0.02283379007922098
5,0.516824524874842,0.022302019581313483
5,0.5196931130487515,0.021757904622971436
5,0.5225617012226611,0.02120148004321521
5,0.5254302893965708,0.020632781483008233
5,0.5282988775704804,0.020051845386419992
5,0.5311674657443899,0.019458709002093122
5,0.5340360539182996,0.018853410385115767
5,0.5369046420922091,0.01823598839924076
5,0.5397732302661188,0.017606482719477373
5,0.5426418184400282,0.016964933835040483
5,0.5455104066139379,0.016311383052681726
5,0.5483789947878476,0.015645872500374004
5,0.5512475829617571,0.014968445131393648
5,0.5541161711356667,0.0142791447287316
5,0.5569847593095762,0.013578015909936186
5,0.5598533474834859,0.012865104132287671
5,0.5627219356573955,0.012140455698378167
5,0.565590523831305,0.011404117762077287
5,0.5684591120052146,0.010656138334872712
5,0.5713277001791243,0.009896566292617747
5,0.5741962883530338,0.00912545138266324
5,0.5770648765269434,0.008342844231403515
5,0.579933464700853,0.007548796352223572
5,0.5828020528747626,0.0067433601538554894
5,0.5856706410486723,0.00592658894914855
5,0.5885392292225817,0.005098536964283222
5,0.5914078173964914,0.004259259348388933
5,0.5942764055704008,0.003408812183616795
5,0.5971449937443106,0.002547252495646881
5,0.6000135819182201,0.0016746382646492866
5,0.6028821700921297,0.0007910284367092453
5,0.6057507582660392,-0.00010351706428504913
5,0.608619346439949,-0.0010089373242779304
5,0.6114879346138584,-0.0019251704261920679
5,0.6143565227877681,-0.002852153436588563
5,0.6172251109616776,-0.003789822391806425
5,0.6200936991355873,-0.00473811228359432
5,0.6229622873094969,-0.005696957044215113
5,0.6258308754834064,-0.006666289531011478
5,0.628699463657316,-0.00764604151041163
5,0.6315680518312257,-0.008636143641382779
5,0.6344366400051352,-0.009636525458299273
5,0.6373052281790448,-0.010647115353214978
5,0.6401738163529543,-0.011667840557535804
5,0.643042404526864,-0.01269862712306645
5,0.6459109927007736,-0.01373939990243113
5,0.6487795808746832,-0.014790082528811845
5,0.6516481690485927,-0.015850597395045143
5,0.6545167572225025,-0.016920865632003127
5,0.6573853453964119,-0.018000807086291534
5,0.6602539335703216,-0.01909034029717676
5,0.663122521744231,-0.020189382472824483
5,0.6659911099181408,-0.02129784946569504
5,0.6688596980920503,-0.022415655747204274
5,0.6717282862659599,-0.023542714381529002
5,0.6745968744398694,-0.02467893699858259
5,0.6774654626137792,-0.025824233766129624
5,0.6803340507876886,-0.02697851336098598
5,0.6832026389615983,-0.02814168293930686
5,0.6860712271355078,-0.02931364810592819
5,0.6889398153094175,-0.030494312882714522
5,0.6918084034833271,-0.03168357967588631
5,0.6946769916572366,-0.032881349242314166
5,0.6975455798311462,-0.03408752065471381
5,0.7004141680050557,-0.03530199126573538
5,0.7032827561789654,-0.036524656670876066
5,0.706151344352875,-0.03775541067020743
5,0.7090199325267845,-0.038994145228864005
5,0.7118885207006941,-0.040240750436239626
5,0.7147571088746038,-0.041495114463857063
5,0.7176256970485134,-0.0427571235218557
5,0.7204942852224229,-0.04402666181407331
5,0.7233628733963325,-0.0453036114916135
5,0.7262314615702421,-0.04658785260491066
5,0.7291000497441518,-0.04787926305418387
5,0.7319686379180612,-0.049177718538240676
5,0.7348372260919709,-0.05048309250158628
5,0.7377058142658804,-0.05179525607971066
5,0.7405744024397901,-0.053114078042579116
5,0.7434429906136996,-0.054439424736142265
5,0.7463115787876092,-0.05577116002188193
5,0.7491801669615188,-0.05710914521429304
5,0.7520487551354285,-0.058453239016142126
5,0.754917343309338,-0.05980329745153504
5,0.7577859314832476,-0.061159173796601865
5,0.7606545196571572,-0.062520718507759
5,0.7635231078310668,-0.0638877791474132
5,0.7663916960049764,-0.06526020030701307
5,0.7692602841788859,-0.06663782352734474
5,0.7721288723527956,-0.06802048721592288
5,0.7749974605267052,-0.06940802656138767
5,0.7778660487006147,-0.07080027344472925
5,0.7807346368745243,-0.07219705634725135
5,0.7836032250484339,-0.07359820025508564
5,0.7864718132223436,-0.07500352656011854
5,0.789340401396253,-0.07641285295716253
5,0.7922089895701627,-0.07782599333719006
5,0.7950775777440722,-0.07924275767646932
5,0.797946165917982,-0.0806629519213803
5,0.8008147540918914,-0.08208637786871475
5,0.8036833422658011,-0.08351283304123955
5,0.8065519304397105,-0.08494211055832519
5,0.8094205186136203,-0.08637399900132743
5,0.8122891067875297,-0.08780828227352519
5,0.8151576949614394,-0.0892447394543245
5,0.8180262831353489,-0.09068314464739237
5,0.8208948713092586,-0.09212326682249801
5,0.8237634594831682,-0.09356486965063099
5,0.8266320476570778,-0.09500771133214866
5,0.8295006358309873,-0.09645154441746445
5,0.832369224004897,-0.09789611562001908
5,0.8352378121788065,-0.09934116562096648
5,0.8381064003527161,-0.10078642886524879
5,0.8409749885266257,-0.10223163334849289
5,0.8438435767005353,-0.10367650039427183
5,0.8467121648744449,-0.1051207444211417
5,0.8495807530483545,-0.1065640726988952
5,0.852449341222264,-0.10800618509340765
5,0.8553179293961738,-0.10944677379937588
5,0.8581865175700832,-0.11088552306026646
5,0.8610551057439929,-0.11232210887466708
5,0.8639236939179024,-0.113756198688259
5,0.8667922820918121,-0.11518745107047001
5,0.8696608702657216,-0.11661551537489566
5,0.8725294584396313,-0.11804003138243596
5,0.8753980466135407,-0.11946062892604993
5,0.8782666347874505,-0.12087692749594074
5,0.8811352229613599,-0.12228853582385979
5,0.8840038111352696,-0.12369505144518993
5,0.886872399309179,-0.12509606023722
5,0.8897409874830888,-0.12649113593209996
5,0.8926095756569984,-0.12787983960257962
5,0.895478163830908,-0.12926171911875126
5,0.8983467520048175,-0.13063630857362418
5,0.9012153401787271,-0.1320031276753167
5,0.9040839283526367,-0.13336168110342056
5,0.9069525165265463,-0.13471145782681035
5,0.9098211047004559,-0.13605193038006333
5,0.9126896928743654,-0.13738255409522043
5,0.9155582810482751,-0.13870276628545072
5,0.9184268692221846,-0.1400119853767794
5,0.9212954573960942,-0.14130960998371453
5,0.9241640455700039,-0.142595017924137
5,0.9270326337439134,-0.1438675651684135
5,0.9299012219178231,-0.14512658471717862
5,0.9327698100917325,-0.1463713854015876
5,0.9356383982656422,-0.14760125059926274
5,0.9385069864395518,-0.14881543685841792
5,0.9413755746134614,-0.15001317242178694
5,0.9442441627873709,-0.1511936556410907
5,0.9471127509612806,-0.15235605327170887
5,0.9499813391351901,-0.15349949863603207
5,0.9528499273090998,-0.15462308964260713
5,0.9557185154830092,-0.1557258866466816
5,0.9585871036569189,-0.15680691013592593
5,0.9614556918308286,-0.1578651382231176
5,0.9643242800047381,-0.15889950392525815
5,0.9671928681786477,-0.15990889220590196
5,0.9700614563525572,-0.16089213675433844
5,0.9729300445264669,-0.16184801647176658
5,0.9757986327003765,-0.1627752516303254
5,0.978667220874286,-0.16367249966603814
5,0.9815358090481956,-0.16453835056099436
5,0.9844043972221053,-0.16537132176340125
5,0.9872729853960148,-0.1661698525862051
5,0.9901415735699244,-0.166932298015646
5,0.993010161743834,-0.1676569218499434
5,0.9958787499177436,-0.16834188907500441
5,0.9987473380916532,-0.16898525736808928
5,1.0016159262655628,-0.1695849676010901
5,1.0044845144394723,-0.17013883319165676
5,1.007353102613382,-0.17064452812211767
5,1.0102216907872914,-0.1710995734109552
5,1.013090278961201,-0.1715013217787929
5,1.0159588671351107,-0.17184694019718494
5,1.0188274553090204,-0.1721333899417123
5,1.0216960434829299,-0.17235740368667712
5,1.0245646316568395,-0.1725154590715977
5,1.0274332198307492,-0.172603748032967
5,1.0303018080046586,-0.17261814101752807
5,1.0331703961785683,-0.1725541449625083
5,1.0360389843524778,-0.17240685362352848
5,1.0389075725263877,-0.1721708884245202
5,1.041776160700297,-0.17184032745479005
5,1.0446447488742068,-0.1714086194864268
5,1.0475133370481162,-0.17086847883953835
5,1.050381925222026,-0.17021175544526224
5,1.0532505133959353,-0.1694292723292154
5,1.056119101569845,-0.16851061961364122
5,1.0589876897437545,-0.16744388944085936
5,1.0618562779176643,-0.1662153289805999
5,1.0647248660915738,-0.164808877189111
5,1.0675934542654835,-0.16320553211529334
5,1.070462042439393,-0.16138246332955636
5,1.0733306306133026,-0.15931172646061165
5,1.076199218787212,-0.15695832806946433
5,1.0790678069611217,-0.15427716946076803
5,1.0819363951350311,-0.15120791561550226
5,1.084804983308941,-0.14766565381854027
5,1.0876735714828505,-0.14352184920308778
5,1.0905421596567602,-0.13855823235983186
5,1.0934107478306696,-0.13231516174965532
5,1.0962793360045793,-0.12263002933416774
6,-0.05155393053016453,-0.0013918121941066523
6,-0.04865422741468832,-0.010409555455506795
6,-0.045754524299212104,-0.0161378299817926
6,-0.04285482118373589,-0.02064061595598238
6,-0.03995511806825968,-0.02436054504789249
6,-0.03705541495278347,-0.02750892505899138
6,-0.03415571183730726,-0.03021064967413148
6,-0.03125600872183104,-0.032548440551409985
6,-0.028356305606354826,-0.034581182715809636
6,-0.02545660249087862,-0.03635294510079584
6,-0.022556899375402402,-0.03789794824767869
6,-0.019657196259926187,-0.03924352986655443
6,-0.016757493144449978,-0.040412026286300085
6,-0.01385779002897377,-0.041422024434768154
6,-0.010958086913497554,-0.04228922762216723
6,-0.008058383798021339,-0.04302707355061962
6,-0.00515868068254513,-0.043647187359598986
6,-0.002258977567068915,-0.044159721357011454
6,0.0006407255484072935,-0.04457361480791443
6,0.003540428663883516,-0.0448967960062344
6,0.006440131779359717,-0.04513634182567925
6,0.009339834894835933,-0.045298605381921424
6,0.012239538010312148,-0.04538931939822677
6,0.015139241125788364,-0.045413680794951825
6,0.018038944241264572,-0.0453764205828559
6,0.020938647356740787,-0.04528186212027379
6,0.023838350472217003,-0.04513397005965926
6,0.02673805358769321,-0.044936391772666846
6,0.02963775670316942,-0.044692492645388035
6,0.032537459818645635,-0.044405386337343755
6,0.03543716293412185,-0.044077960871692
6,0.03833686604959806,-0.043712901250742654
6,0.04123656916507427,-0.043312709156575285
6,0.04413627228055049,-0.04287972019177114
6,0.0470359753960267,-0.042416119032473325
6,0.049935678511502914,-0.041923952800515106
6,0.052835381626979115,-0.041405142908677035
6,0.05573508474245534,-0.04086149559093486
6,0.058634787857931546,-0.04029471129515577
6,0.06153449097340776,-0.03970639308779212
6,0.06443419408888397,-0.03909805419704943
6,0.06733389720436019,-0.03847112480209941
6,0.0702336003198364,-0.03782695816020281
6,0.0731333034353126,-0.03716683615044665
6,0.07603300655078883,-0.03649197430186642
6,0.07893270966626503,-0.03580352636445836
6,0.08183241278174125,-0.035102588473847014
6,0.08473211589721746,-0.03439020295369925
6,0.08763181901269367,-0.033667361794392725
6,0.0905315221281699,-0.032935009841622814
6,0.09343122524364611,-0.032194047724514306
6,0.09633092835912231,-0.03144533454926541
6,0.09923063147459853,-0.030689690381274223
6,0.10213033459007473,-0.02992789853608545
6,0.10503003770555094,-0.02916070769715328
6,0.10792974082102717,-0.028388833876457607
6,0.11082944393650337,-0.027612962232243608
6,0.11372914705197959,-0.026833748756617357
6,0.1166288501674558,-0.026051821844410725
6,0.119528553282932,-0.025267783753565812
6,0.12242825639840824,-0.024482211966175397
6,0.12532795951388442,-0.02369566045849396
6,0.12822766262936064,-0.022908660887354753
6,0.13112736574483685,-0.022121723699735113
6,0.13402706886031307,-0.021335339171566978
6,0.13692677197578929,-0.020549978381312416
6,0.1398264750912655,-0.019766094123300364
6,0.14272617820674172,-0.018984121765453967
6,0.14562588132221793,-0.018204480055441133
6,0.14852558443769415,-0.017427571879161947
6,0.15142528755317033,-0.01665378497493785
6,0.15432499066864658,-0.015883492606582984
6,0.15722469378412277,-0.015117054198306851
6,0.16012439689959898,-0.014354815934009956
6,0.16302410001507522,-0.013597111323469465
6,0.1659238031305514,-0.01284426173764188
6,0.16882350624602763,-0.01209657691513216
6,0.17172320936150384,-0.01135435544173079
6,0.17462291247698003,-0.010617885204738371
6,0.17752261559245627,-0.009887443823769057
6,0.18042231870793246,-0.009163299059423173
6,0.18332202182340868,-0.008445709201283975
6,0.1862217249388849,-0.0077349234364982025
6,0.1891214280543611,-0.007031182200083077
6,0.19202113116983732,-0.006334717508133793
6,0.19492083428531354,-0.005645753274883104
6,0.19782053740078975,-0.004964505614595943
6,0.20072024051626597,-0.004291183129163228
6,0.20361994363174218,-0.003625987182251524
6,0.20651964674721837,-0.0029691121607161902
6,0.20941934986269461,-0.002320745724043944
6,0.21231905297817083,-0.0016810690424634456
6,0.21521875609364702,-0.001050257024348375
6,0.2181184592091232,-0.0004284785335099856
6,0.22101816232459948,0.0001841034031038947
6,0.22391786544007566,0.0007873313967596505
6,0.22681756855555185,0.0013810535069102572
6,0.22971727167102812,0.0019651230592720535
6,0.2326169747865043,0.0025393984716632306
6,0.2355166779019805,0.0031037430871464315
6,0.23841638101745674,0.003658025014168688
6,0.24131608413293293,0.004202116973257636
6,0.24421578724840914,0.0047358961500707205
6,0.24711549036388533,0.005259244054369004
6,0.2500151934793616,0.005772046384722794
6,0.2529148965948378,0.006274192898603076
6,0.25581459971031395,0.006765577287642371
6,0.2587143028257902,0.007246097057824464
6,0.26161400594126644,0.007715653414328491
6,0.2645137090567426,0.008174151150893894
6,0.26741341217221887,0.008621498543401702
6,0.2703131152876951,0.009057607247563612
6,0.27321281840317124,0.0094823922004795
6,0.2761125215186475,0.009895771525932155
6,0.2790122246341237,0.010297666443216608
6,0.2819119277495999,0.010688001179392496
6,0.28481163086507616,0.01106670288475138
6,0.2877113339805523,0.011433701551446978
6,0.29061103709602853,0.011788929935058765
6,0.2935107402115048,0.0121323234790429
6,0.29641044332698097,0.012463820241901513
6,0.2993101464424572,0.012783360826995533
6,0.3022098495579334,0.013090888314838796
6,0.3051095526734096,0.01338634819785642
6,0.3080092557888858,0.01366968831741384
6,0.310908958904362,0.013940858803098992
6,0.31380866201983826,0.014199812014136861
6,0.3167083651353145,0.01444650248284621
6,0.31960806825079063,0.014680886860091056
6,0.3225077713662669,0.014902923862618546
6,0.3254074744817431,0.015112574222216346
6,0.3283071775972193,0.015309800636652082
6,0.33120688071269555,0.015494567722282715
6,0.3341065838281717,0.015666841968302387
6,0.3370062869436479,0.015826591692562193
6,0.3399059900591242,0.015973786998904983
6,0.3428056931746004,0.016108399735953606
6,0.34570539629007657,0.01623040345730591
6,0.34860509940555284,0.01633977338310527
6,0.351504802521029,0.016436486362887765
6,0.3544045056365052,0.01652052083973277
6,0.35730420875198143,0.01659185681560706
6,0.36020391186745765,0.016650475817909946
6,0.36310361498293386,0.016696360867137737
6,0.36600331809841,0.01672949644568176
6,0.3689030212138863,0.016749868467667645
6,0.3718027243293625,0.016757464249832012
6,0.3747024274448387,0.016752272483422943
6,0.37760213056031494,0.016734283207027904
6,0.38050183367579116,0.0167034877803828
6,0.3834015367912673,0.016659878859065218
6,0.3863012399067436,0.016603450370061845
6,0.3892009430222198,0.01653419748821684
6,0.39210064613769596,0.016452116613497592
6,0.39500034925317223,0.016357205349057647
6,0.39790005236864845,0.0162494624800805
6,0.4007997554841246,0.01612888795341421
6,0.4036994585996009,0.015995482857901932
6,0.40659916171507704,0.01584924940545298
6,0.40949886483055326,0.015690190912817703
6,0.41239856794602947,0.015518311784014275
6,0.4152982710615057,0.015333617493455139
6,0.4181979741769819,0.015136114569691475
6,0.4210976772924581,0.014925810579783505
6,0.42399738040793433,0.014702714114307505
6,0.42689708352341055,0.014466834772920887
6,0.4297967866388867,0.014218183150567084
6,0.432696489754363,0.0139567708241794
6,0.4355961928698392,0.013682610339994796
6,0.43849589598531535,0.013395715201399205
6,0.4413955991007916,0.01309609985728529
6,0.44429530221626784,0.012783779690941344
6,0.447195005331744,0.012458771009461833
6,0.45009470844722027,0.012121091033629652
6,0.4529944115626965,0.011770757888316217
6,0.45589411467817265,0.011407790593325398
6,0.4587938177936489,0.01103220905475475
6,0.4616935209091251,0.010644034056758185
6,0.4645932240246013,0.010243287253825478
6,0.4674929271400775,0.009829991163454848
6,0.4703926302555537,0.009404169159297064
6,0.47329233337102994,0.008965845464707701
6,0.4761920364865062,0.00851504514674747
6,0.4790917396019823,0.008051794110576884
6,0.4819914427174586,0.007576119094289979
6,0.4848911458329348,0.0070880476641240675
6,0.48779084894841096,0.006587608210103131
6,0.49069055206388723,0.006074829942058495
6,0.49359025517936345,0.005549742886044996
6,0.4964899582948396,0.005012377881166003
6,0.4993896614103159,0.004462766576745847
6,0.5022893645257921,0.0039009414299276133
6,0.5051890676412683,0.003326935703608775
6,0.5080887707567445,0.0027407834647922716
6,0.5109884738722208,0.0021425195832810253
6,0.5138881769876968,0.0015321797307489185
6,0.5167878801031731,0.0009098003802053769
6,0.5196875832186494,0.00027541880579103517
6,0.5225872863341255,-0.00037092691702740214
6,0.5254869894496018,-0.0010291979109244476
6,0.528386692565078,-0.0016993544957924944
6,0.5312863956805542,-0.0023813561874714262
6,0.5341860987960304,-0.0030751616961106967
6,0.5370858019115067,-0.003780728924165322
6,0.5399855050269828,-0.004498014964019743
6,0.5428852081424591,-0.005226976095257325
6,0.5457849112579352,-0.00596756778157568
6,0.5486846143734115,-0.006719744667286194
6,0.5515843174888877,-0.007483460573505837
6,0.554484020604364,-0.008258668493932995
6,0.5573837237198401,-0.00904532059026849
6,0.5602834268353163,-0.009843368187266726
6,0.5631831299507924,-0.010652761767380881
6,0.5660828330662688,-0.01147345096507014
6,0.568982536181745,-0.012305384560677616
6,0.5718822392972213,-0.013148510473945883
6,0.5747819424126974,-0.014002775757139159
6,0.5776816455281736,-0.014868126587757843
6,0.5805813486436497,-0.015744508260864654
6,0.5834810517591261,-0.01663186518098173
6,0.5863807548746023,-0.017530140853612337
6,0.5892804579900786,-0.018439277876304932
6,0.5921801611055546,-0.019359217929328234
6,0.5950798642210309,-0.020289901765892578
6,0.597979567336507,-0.021231269201952525
6,0.6008792704519834,-0.022183259105547037
6,0.6037789735674596,-0.02314580938570128
6,0.6066786766829358,-0.024118856980872697
6,0.6095783797984119,-0.02510233784691847
6,0.6124780829138882,-0.026096186944586586
6,0.6153777860293643,-0.027100338226538494
6,0.6182774891448406,-0.028114724623846555
6,0.6211771922603169,-0.02913927803202074
6,0.624076895375793,-0.03017392929648839
6,0.6269765984912692,-0.031218608197557812
6,0.6298763016067455,-0.03227324343486249
6,0.6327760047222216,-0.03333776261120856
6,0.6356757078376979,-0.034412092215903085
6,0.6385754109531742,-0.03549615760747996
6,0.6414751140686503,-0.03658988299583423
6,0.6443748171841265,-0.03769319142376307
6,0.6472745202996028,-0.03880600474787473
6,0.6501742234150789,-0.039928243618849314
6,0.6530739265305552,-0.041059827461082325
6,0.6559736296460312,-0.04220067445159537
6,0.6588733327615076,-0.04335070149831961
6,0.6617730358769838,-0.04450982421762734
6,0.66467273899246,-0.04567795691114985
6,0.6675724421079362,-0.04685501254184515
6,0.6704721452234125,-0.048040902709284745
6,0.6733718483388885,-0.04923553762415881
6,0.6762715514543649,-0.05043882608194656
6,0.6791712545698411,-0.051650675435768525
6,0.6820709576853173,-0.052870991568334226
6,0.6849706608007935,-0.05409967886303834
6,0.6878703639162697,-0.055336640174090464
6,0.6907700670317458,-0.05658177679570725
6,0.6936697701472222,-0.0578349884303512
6,0.6965694732626984,-0.059096173155895326
6,0.6994691763781746,-0.06036522739179081
6,0.7023688794936507,-0.06164204586411652
6,0.705268582609127,-0.06292652156952654
6,0.7081682857246031,-0.06421854573803638
6,0.7110679888400795,-0.06551800779460246
6,0.7139676919555557,-0.06682479531946997
6,0.7168673950710319,-0.06813879400722413
6,0.719767098186508,-0.06945988762452907
6,0.7226668013019842,-0.07078795796647604
6,0.7255665044174604,-0.07212288481151308
6,0.7284662075329367,-0.07346454587488191
6,0.7313659106484129,-0.07481281676053593
6,0.7342656137638892,-0.07616757091144997
6,0.7371653168793653,-0.07752867955830059
6,0.7400650199948415,-0.07889601166640185
6,0.7429647231103177,-0.0802694338808752
6,0.745864426225794,-0.0816488104699795
6,0.7487641293412702,-0.08303400326649638
6,0.7516638324567464,-0.08442487160712435
6,0.7545635355722226,-0.08582127226979806
6,0.7574632386876988,-0.08722305940883317
6,0.760362941803175,-0.08863008448782532
6,0.7632626449186513,-0.09004219621020554
6,0.7661623480341273,-0.09145924044734738
6,0.7690620511496037,-0.09288106016411538
6,0.7719617542650798,-0.09430749534179937
6,0.7748614573805561,-0.09573838289822817
6,0.7777611604960323,-0.09717355660503736
6,0.7806608636115085,-0.09861284700189635
6,0.7835605667269846,-0.10005608130761329
6,0.786460269842461,-0.10150308332791926
6,0.7893599729579371,-0.10295367335984631
6,0.7922596760734134,-0.1044076680924999
6,0.7951593791888896,-0.10586488050408215
6,0.7980590823043657,-0.10732511975497275
6,0.8009587854198419,-0.1087881910767075
6,0.8038584885353183,-0.11025389565663926
6,0.8067581916507944,-0.11172203051809254
6,0.8096578947662707,-0.11319238839577017
6,0.8125575978817468,-0.11466475760620841
6,0.815457300997223,-0.11613892191302792
6,0.8183570041126992,-0.11761466038669413
6,0.8212567072281756,-0.11909174725856335
6,0.8241564103436517,-0.12056995176887426
6,0.827056113459128,-0.12204903800840361
6,0.829955816574604,-0.12352876475344714
6,0.8328555196900803,-0.1250088852937795
6,0.8357552228055565,-0.12648914725320914
6,0.8386549259210327,-0.12796929240234284
6,0.841554629036509,-0.1294490564631508
6,0.8444543321519853,-0.130928168904844
6,0.8473540352674613,-0.13240635273061155
6,0.8502537383829376,-0.13388332425470725
6,0.8531534414984138,-0.13535879286931596
6,0.85605314461389,-0.13683246080065245
6,0.8589528477293663,-0.13830402285360563
6,0.8618525508448425,-0.1397731661443097
6,0.8647522539603186,-0.14123956981992297
6,0.8676519570757949,-0.1427029047648012
6,0.8705516601912711,-0.14416283329227206
6,0.8734513633067473,-0.14561900882111914
6,0.8763510664222234,-0.14707107553581267
6,0.8792507695376998,-0.14851866802946426
6,0.8821504726531759,-0.14996141092838206
6,0.8850501757686522,-0.15139891849707687
6,0.8879498788841284,-0.15283079422236212
6,0.8908495819996046,-0.15425663037523538
6,0.8937492851150807,-0.15567600754897915
6,0.896648988230557,-0.15708849417187068
6,0.8995486913460332,-0.15849364599276625
6,0.9024483944615095,-0.15989100553759478
6,0.9053480975769856,-0.16128010153473432
6,0.9082478006924618,-0.162660448306996
6,0.911147503807938,-0.16403154512775217
6,0.9140472069234143,-0.16539287553854384
6,0.9169469100388905,-0.1667439066252565
6,0.9198466131543668,-0.16808408824964632
6,0.9227463162698429,-0.1694128522327792
6,0.9256460193853191,-0.1707296114865179
6,0.9285457225007953,-0.17203375908888877
6,0.9314454256162716,-0.17332466729871218
6,0.9343451287317478,-0.17460168650448793
6,0.9372448318472241,-0.1758641441018672
6,0.9401445349627001,-0.1771113432936606
6,0.9430442380781764,-0.1783425618054856
6,0.9459439411936525,-0.17955705050960533
6,0.9488436443091288,-0.18075403194855708
6,0.9517433474246051,-0.18193269874930065
6,0.9546430505400814,-0.18309221191757336
6,0.9575427536555574,-0.1842316990009014
6,0.9604424567710337,-0.18535025210740183
6,0.9633421598865098,-0.1864469257659686
6,0.9662418630019861,-0.18752073461160235
6,0.9691415661174624,-0.18857065087770084
6,0.9720412692329385,-0.1895956016747753
6,0.9749409723484147,-0.19059446603232263
6,0.977840675463891,-0.1915660716775613
6,0.9807403785793671,-0.19250919152111148
6,0.9836400816948434,-0.19342253981551313
6,0.9865397848103195,-0.19430476794762852
6,0.9894394879257958,-0.19515445982023202
6,0.992339191041272,-0.1959701267714335
6,0.9952388941567484,-0.19675020197264811
6,0.9981385972722244,-0.19749303423641962
6,1.0010383003877006,-0.19819688115432074
6,1.0039380035031769,-0.19885990147184057
6,1.0068377066186531,-0.19948014659111277
6,1.0097374097341292,-0.2000555510731837
6,1.0126371128496054,-0.2005839219880709
6,1.0155368159650817,-0.20106292693242647
6,1.018436519080558,-0.2014900804997016
6,1.0213362221960343,-0.20186272894461588
6,1.0242359253115105,-0.20217803273027563
6,1.0271356284269864,-0.2024329465793824
6,1.0300353315424626,-0.2026241965667975
6,1.032935034657939,-0.2027482536835955
6,1.0358347377734152,-0.202801303166058
6,1.0387344408888914,-0.2027792087057314
6,1.0416341440043677,-0.20267747042592504
6,1.0445338471198438,-0.20249117520528012
6,1.04743355023532,-0.20221493752251277
6,1.0503332533507963,-0.20184282844739562
6,1.0532329564662726,-0.20136828965076278
6,1.0561326595817488,-0.20078402826084457
6,1.059032362697225,-0.20008188691529807
6,1.061932065812701,-0.19925268123101944
6,1.0648317689281772,-0.19828599378909606
6,1.0677314720436535,-0.19716990903625306
6,1.0706311751591298,-0.19589066626348145
6,1.073530878274606,-0.19443219632701786
6,1.0764305813900823,-0.19277548890257992
6,1.0793302845055583,-0.19089770484168572
6,1.0822299876210346,-0.18877089060372168
6,1.0851296907365109,-0.18636004297277983
6,1.0880293938519872,-0.1836200526215485
6,1.0909290969674632,-0.1804905726296554
6,1.0938288000829395,-0.17688667635901073
6,1.0967285031984155,-0.17267981146870967
6,1.0996282063138918,-0.1676516838307861
6,1.102527909429368,-0.16134260783168095
6,1.1054276125448443,-0.15158979574845063
7,-0.04591836734693878,-0.0132990286794233
7,-0.04306482370695289,-0.01831587629007528
7,-0.04021128006696698,-0.02234795541194779
7,-0.03735773642698108,-0.025748405920428732
7,-0.03450419278699519,-0.028669782135528187
7,-0.0316506491470093,-0.03120676594445467
7,-0.02879710550702339,-0.0334246551148758
7,-0.02594356186703749,-0.03537138816446205
7,-0.0230900182270516,-0.03708370747036165
7,-0.020236474587065706,-0.03859068685378795
7,-0.0173829309470798,-0.03991590819876847
7,-0.0145293873070939,-0.04107888136578588
7,-0.011675843667108006,-0.042096011533980765
7,-0.008822300027122115,-0.042981281672345176
7,-0.005968756387136211,-0.04374674814436842
7,-0.003115212747150313,-0.044402909474175634
7,-0.00026166910716442227,-0.044958986501322545
7,0.0025918745328214754,-0.045423139082409726
7,0.00544541817280738,-0.04580263637118899
7,0.008298961812793278,-0.046103992493566434
7,0.011152505452779168,-0.04633307599433197
7,0.014006049092765073,-0.04649519910840325
7,0.01685959273275097,-0.046595191305273356
7,0.019713136372736875,-0.0466374604267325
7,0.022566680012722766,-0.04662604393021364
7,0.025420223652708664,-0.04656465216282319
7,0.02827376729269456,-0.04645670515818805
7,0.03112731093268046,-0.046305364124879816
7,0.03398085457266635,-0.04611355855070677
7,0.03683439821265225,-0.04588400966050275
7,0.039687941852638145,-0.04561925082082417
7,0.04254148549262404,-0.04532164537267599
7,0.04539502913260993,-0.044993402285236274
7,0.048248572772595845,-0.04463658995344991
7,0.05110211641258174,-0.044253148406736074
7,0.05395566005256764,-0.04384490015106618
7,0.05680920369255353,-0.04341355983038996
7,0.05966274733253943,-0.042960742863792936
7,0.06251629097252533,-0.042487973190600804
7,0.06536983461251122,-0.04199669023560668
7,0.06822337825249711,-0.04148825519013156
7,0.07107692189248302,-0.04096395669083184
7,0.07393046553246893,-0.04042501596670188
7,0.07678400917245481,-0.03987259151505931
7,0.07963755281244071,-0.03930778335907767
7,0.08249109645242661,-0.03873163693265716
7,0.08534464009241252,-0.03814514663244818
7,0.08819818373239842,-0.03754925907187545
7,0.09105172737238432,-0.036944876067730975
7,0.0939052710123702,-0.03633285738620571
7,0.09675881465235611,-0.035714023272054335
7,0.099612358292342,-0.03508915678184298
7,0.1024659019323279,-0.03445900593984007
7,0.10531944557231379,-0.0338242857330616
7,0.10817298921229969,-0.03318567996013292
7,0.11102653285228559,-0.03254384294711397
7,0.11388007649227147,-0.03189940114194697
7,0.11673362013225738,-0.031252954598105356
7,0.11958716377224327,-0.030605078356814867
7,0.12244070741222918,-0.029956323736354207
7,0.12529425105221506,-0.02930721953609834
7,0.12814779469220094,-0.028658273162177443
7,0.13100133833218686,-0.02800997168101538
7,0.13385488197217277,-0.027362782806398447
7,0.13670842561215865,-0.026717155825210913
7,0.13956196925214456,-0.02607352246649779
7,0.14241551289213047,-0.025432297718087846
7,0.14526905653211636,-0.024793880594688702
7,0.14812260017210227,-0.024158654860922044
7,0.15097614381208815,-0.023526989712582085
7,0.15382968745207404,-0.02289924041904233
7,0.15668323109205995,-0.0222757489295214
7,0.15953677473204583,-0.021656844445712222
7,0.16239031837203174,-0.021042843963014563
7,0.16524386201201763,-0.020434052782534726
7,0.16809740565200354,-0.019830764995691013
7,0.17095094929198942,-0.019233263943306343
7,0.1738044929319753,-0.0186418226507769
7,0.17665803657196122,-0.01805670424082682
7,0.17951158021194713,-0.017478162325292014
7,0.18236512385193301,-0.016906441377207395
7,0.1852186674919189,-0.01634177708440641
7,0.1880722111319048,-0.01578439668574398
7,0.19092575477189072,-0.015234519291009227
7,0.19377929841187663,-0.0146923561854504
7,0.19663284205186252,-0.01415811111983356
7,0.1994863856918484,-0.013631980586864038
7,0.2023399293318343,-0.013114154084768912
7,0.20519347297182022,-0.012604814368699459
7,0.2080470166118061,-0.012104137690719547
7,0.210900560251792,-0.01161229402894234
7,0.2137541038917779,-0.01112944730643597
7,0.21660764753176381,-0.010655755600447951
7,0.21946119117174973,-0.01019137134244122
7,0.2223147348117356,-0.009736441509489338
7,0.2251682784517215,-0.009291107807390092
7,0.2280218220917074,-0.008855506845997037
7,0.2308753657316933,-0.008429770307153051
7,0.2337289093716792,-0.008014025105569906
7,0.23658245301166508,-0.007608393543048986
7,0.239435996651651,-0.007212993456341339
7,0.24228954029163688,-0.0068279383589725405
7,0.24514308393162276,-0.006453337577325482
7,0.24799662757160867,-0.006089296381266815
7,0.2508501712115946,-0.005735916109542044
7,0.25370371485158044,-0.005393294290243712
7,0.25655725849156635,-0.005061524756519076
7,0.25941080213155226,-0.0047406977577949625
7,0.2622643457715382,-0.004430900066685486
7,0.26511788941152403,-0.004132215081783411
7,0.26797143305150994,-0.0038447229265603736
7,0.27082497669149586,-0.003568500544492918
7,0.27367852033148177,-0.003303621790605692
7,0.2765320639714676,-0.003050157519611789
7,0.27938560761145353,-0.002808175670759289
7,0.28223915125143945,-0.0025777413495437812
7,0.2850926948914253,-0.0023589169064171258
7,0.2879462385314112,-0.0021517620126336487
7,0.2907997821713971,-0.0019563337333236125
7,0.29365332581138304,-0.0017726865979346164
7,0.2965068694513689,-0.0016008726681415073
7,0.2993604130913548,-0.0014409416033153777
7,0.3022139567313407,-0.0012929407236817396
7,0.30506750037132657,-0.0011569150712080192
7,0.3079210440113125,-0.0010329074683764425
7,0.3107745876512984,-0.0009209585748593609
7,0.3136281312912843,-0.0008211069422308045
7,0.31648167493127016,-0.0007333890667592806
7,0.3193352185712561,-0.0006578394403666169
7,0.32218876221124204,-0.0005944905998100454
7,0.3250423058512279,-0.0005433731741790949
7,0.3278958494912138,-0.0005045159307472542
7,0.3307493931311997,-0.00047794581924462685
7,0.3336029367711856,-0.00046368801460416745
7,0.3364564804111715,-0.0004617659582675674
7,0.3393100240511574,-0.0004722013980397816
7,0.3421635676911433,-0.000495014426613895
7,0.34501711133112917,-0.0005302235187589323
7,0.3478706549711151,-0.0005778455672621763
7,0.350724198611101,-0.0006378959176003751
7,0.3535777422510869,-0.0007103884014853533
7,0.35643128589107276,-0.0007953353692202448
7,0.35928482953105867,-0.0008927477209629669
7,0.3621383731710446,-0.0010026349369219255
7,0.3649919168110305,-0.0011250051065214792
7,0.36784546045101635,-0.001259864956542304
7,0.37069900409100226,-0.0014072198783235366
7,0.37355254773098817,-0.0015670739539981877
7,0.376406091370974,-0.0017394299818367914
7,0.37925963501095994,-0.0019242895006976683
7,0.38211317865094585,-0.0021216528136256624
7,0.38496672229093176,-0.002331519010614777
7,0.3878202659309176,-0.002553885990579996
7,0.39067380957090353,-0.0027887504825354053
7,0.39352735321088944,-0.003036108066013438
7,0.3963808968508753,-0.0032959531907410266
7,0.3992344404908612,-0.0035682791956264345
7,0.4020879841308471,-0.003853078327010844
7,0.40494152777083303,-0.004150341756266528
7,0.4077950714108189,-0.0044600595967213925
7,0.4106486150508048,-0.004782220919955186
7,0.4135021586907907,-0.0051168137714591565
7,0.41635570233077657,-0.005463825185681533
7,0.4192092459707625,-0.005823241200491945
7,0.4220627896107484,-0.006195046871053945
7,0.42491633325073436,-0.006579226283130723
7,0.4277698768907202,-0.006975762565851336
7,0.4306234205307061,-0.007384637903908869
7,0.43347696417069204,-0.007805833549269633
7,0.4363305078106779,-0.008239329832334049
7,0.4391840514506638,-0.008685106172596473
7,0.4420375950906497,-0.009143141088829975
7,0.4448911387306356,-0.009613412208757423
7,0.4477446823706215,-0.010095896278275748
7,0.4505982260106074,-0.010590569170194313
7,0.4534517696505933,-0.011097405892519514
7,0.4563053132905792,-0.011616380596307702
7,0.4591588569305651,-0.012147466583051247
7,0.462012400570551,-0.012690636311638803
7,0.4648659442105369,-0.013245861404914834
7,0.46771948785052275,-0.01381311265578068
7,0.47057303149050866,-0.01439236003290788
7,0.4734265751304946,-0.014983572686024153
7,0.47628011877048054,-0.01558671895083204
7,0.4791336624104664,-0.016201766353487367
7,0.4819872060504523,-0.016828681614728256
7,0.4848407496904382,-0.017467430653571255
7,0.4876942933304241,-0.018117978590671355
7,0.49054783697041,-0.018780289751281008
7,0.4934013806103959,-0.019454327667817135
7,0.4962549242503818,-0.020140055082098637
7,0.49910846789036767,-0.02083743394716995
7,0.5019620115303536,-0.021546425428793824
7,0.5048155551703395,-0.022266989906558787
7,0.5076690988103254,-0.022999086974638018
7,0.5105226424503113,-0.023742675442178073
7,0.5133761860902971,-0.024497713333344096
7,0.516229729730283,-0.025264157886986112
7,0.5190832733702689,-0.026041965555973247
7,0.5219368170102548,-0.026831092006164296
7,0.5247903606502408,-0.027631492115010776
7,0.5276439042902267,-0.028443119969827246
7,0.5304974479302126,-0.02926592886569845
7,0.5333509915701984,-0.030099871303023416
7,0.5362045352101843,-0.030944898984719565
7,0.5390580788501702,-0.03180096281304979
7,0.5419116224901561,-0.032668012886122366
7,0.544765166130142,-0.03354599849400488
7,0.5476187097701279,-0.03443486811448419
7,0.5504722534101139,-0.03533456940846863
7,0.5533257970500998,-0.036245049215034485
7,0.5561793406900856,-0.037166253546073495
7,0.5590328843300715,-0.038098127580606655
7,0.5618864279700574,-0.03904061565869839
7,0.5647399716100433,-0.03999366127500233
7,0.5675935152500292,-0.040957207071935
7,0.5704470588900151,-0.04193119483245287
7,0.5733006025300011,-0.042915565472420154
7,0.5761541461699868,-0.04391025903264822
7,0.5790076898099729,-0.0449152146704483
7,0.5818612334499587,-0.04593037065084975
7,0.5847147770899447,-0.04695566433736429
7,0.5875683207299305,-0.047991032182370545
7,0.5904218643699165,-0.04903640971702936
7,0.5932754080099023,-0.05009173154080714
7,0.5961289516498882,-0.05115693131055383
7,0.598982495289874,-0.05223194172911018
7,0.60183603892986,-0.053316694533510164
7,0.6046895825698458,-0.05441112048267202
7,0.6075431262098319,-0.05551514934463987
7,0.6103966698498177,-0.056628709883363625
7,0.6132502134898037,-0.057751729844958695
7,0.6161037571297894,-0.058884135943476974
7,0.6189573007697754,-0.060025853846178694
7,0.6218108444097612,-0.061176808158257996
7,0.6246643880497472,-0.06233692240707358
7,0.627517931689733,-0.0635061190257776
7,0.630371475329719,-0.06468431933644066
7,0.6332250189697048,-0.06587144353257723
7,0.6360785626096908,-0.0670674106610701
7,0.6389321062496766,-0.0682721386035444
7,0.6417856498896626,-0.06948554405705802
7,0.6446391935296484,-0.07070754251421461
7,0.6474927371696344,-0.07193804824260269
7,0.6503462808096202,-0.07317697426357353
7,0.6531998244496062,-0.0744242323303171
7,0.6560533680895919,-0.07567973290526386
7,0.6589069117295779,-0.07694338513675353
7,0.6617604553695637,-0.07821509683492889
7,0.6646139990095498,-0.07949477444690536
7,0.6674675426495356,-0.08078232303113624
7,0.6703210862895216,-0.08207764623094396
7,0.6731746299295074,-0.0833806462472556
7,0.6760281735694933,-0.08469122381043334
7,0.6788817172094791,-0.0860092781512435
7,0.6817352608494651,-0.08733470697089998
7,0.6845888044894509,-0.08866740641015143
7,0.6874423481294369,-0.09000727101740774
7,0.6902958917694229,-0.09135419371584275
7,0.6931494354094088,-0.09270806576945545
7,0.6960029790493946,-0.09406877674806875
7,0.6988565226893805,-0.09543621449118726
7,0.7017100663293664,-0.09681026507073257
7,0.7045636099693523,-0.09819081275256454
7,0.7074171536093382,-0.09957773995677978
7,0.7102706972493241,-0.10097092721672687
7,0.71312424088931,-0.10237025313670563
7,0.715977784529296,-0.10377559434829477
7,0.7188313281692817,-0.10518682546525715
7,0.7216848718092677,-0.10660381903696713
7,0.7245384154492536,-0.10802644550033112
7,0.7273919590892395,-0.1094545731301021
7,0.7302455027292254,-0.11088806798756289
7,0.7330990463692113,-0.11232679386749574
7,0.7359525900091972,-0.11377061224339202
7,0.738806133649183,-0.11521938221080616
7,0.7416596772891689,-0.11667296042879562
7,0.7445132209291548,-0.11813120105939263
7,0.7473667645691408,-0.11959395570497051
7,0.7502203082091267,-0.12106107334349002
7,0.7530738518491126,-0.1225324002614821
7,0.7559273954890985,-0.1240077799847077
7,0.7587809391290843,-0.12548705320637787
7,0.7616344827690702,-0.12697005771285524
7,0.7644880264090561,-0.12845662830668733
7,0.767341570049042,-0.1299465967269089
7,0.7701951136890279,-0.13143979156646077
7,0.7730486573290138,-0.1329360381866141
7,0.7759022009689998,-0.1344351586282494
7,0.7787557446089856,-0.13593697151987277
7,0.7816092882489715,-0.13744129198222468
7,0.7844628318889575,-0.1389479315292792
7,0.7873163755289433,-0.14045669796554605
7,0.7901699191689293,-0.14196739527943114
7,0.7930234628089151,-0.14347982353250294
7,0.7958770064489011,-0.14499377874449657
7,0.7987305500888868,-0.1465090527737838
7,0.8015840937288728,-0.14802543319315953
7,0.8044376373688586,-0.14954270316068827
7,0.8072911810088447,-0.15106064128533322
7,0.8101447246488305,-0.152579021487199
7,0.8129982682888165,-0.15409761285200005
7,0.8158518119288023,-0.15561617947955164
7,0.8187053555687882,-0.15713448032595684
7,0.821558899208774,-0.1586522690391239
7,0.82441244284876,-0.1601692937872956
7,0.8272659864887458,-0.16168529708024817
7,0.8301195301287319,-0.1632000155826794
7,0.8329730737687177,-0.16471317991947576
7,0.8358266174087037,-0.16622451447230407
7,0.8386801610486894,-0.16773373716712234
7,0.8415337046886754,-0.16924055925208856
7,0.8443872483286612,-0.170744685065279
7,0.8472407919686472,-0.1722458117916782
7,0.850094335608633,-0.17374362920879716
7,0.852947879248619,-0.17523781942028152
7,0.8558014228886048,-0.17672805657672094
7,0.8586549665285907,-0.17821400658297304
7,0.8615085101685765,-0.17969532679114122
7,0.8643620538085626,-0.18117166567834092
7,0.8672155974485484,-0.18264266250823524
7,0.8700691410885344,-0.1841079469754474
7,0.8729226847285202,-0.1855671388316047
7,0.8757762283685062,-0.18701984749192632
7,0.8786297720084919,-0.18846567162103353
7,0.8814833156484779,-0.18990419869660646
7,0.8843368592884637,-0.1913350045493785
7,0.8871904029284498,-0.19275765287786442
7,0.8900439465684356,-0.1941716947360755
7,0.8928974902084216,-0.1955766679922753
7,0.8957510338484075,-0.19697209675676866
7,0.8986045774883934,-0.19835749077644937
7,0.9014581211283792,-0.19973234479362378
7,0.9043116647683651,-0.20109613786654637
7,0.907165208408351,-0.20244833264864828
7,0.9100187520483369,-0.20378837462337623
7,0.9128722956883228,-0.20511569129111507
7,0.9157258393283088,-0.2064296913044137
7,0.9185793829682947,-0.20772976354735864
7,0.9214329266082805,-0.20901527615445845
7,0.9242864702482664,-0.2102855754641043
7,0.9271400138882523,-0.21153998490092543
7,0.9299935575282382,-0.21277780378103153
7,0.9328471011682241,-0.21399830603330697
7,0.93570064480821,-0.21520073882926172
7,0.9385541884481959,-0.21638432111316977
7,0.9414077320881817,-0.21754824202319537
7,0.9442612757281676,-0.21869165919329028
7,0.9471148193681536,-0.21981369692432193
7,0.9499683630081395,-0.22091344421167533
7,0.9528219066481254,-0.2219899526149052
7,0.9556754502881113,-0.223042233953393
7,0.9585289939280972,-0.22406925780979586
7,0.961382537568083,-0.22506994882088197
7,0.9642360812080689,-0.22604318373262106
7,0.9670896248480548,-0.22698778819332946
7,0.9699431684880407,-0.22790253325507123
7,0.9727967121280267,-0.22878613154938923
7,0.9756502557680126,-0.22963723309857095
7,0.9785037994079985,-0.23045442071798514
7,0.9813573430479843,-0.23123620495833122
7,0.9842108866879702,-0.2319810185287871
7,0.9870644303279561,-0.2326872101327032
7,0.9899179739679421,-0.23335303763640722
7,0.9927715176079279,-0.23397666047844165
7,0.995625061247914,-0.23455613121059946
7,0.9984786048878999,-0.23508938604304422
7,1.0013321485278857,-0.23557423424241913
7,1.0041856921678716,-0.23600834620361671
7,1.0070392358078575,-0.23638923998103725
7,1.0098927794478434,-0.23671426602236292
7,1.0127463230878293,-0.23698058979453848
7,1.0155998667278152,-0.23718517192519253
7,1.0184534103678011,-0.23732474539873077
7,1.021306954007787,-0.23739578924001806
7,1.024160497647773,-0.23739449798207318
7,1.0270140412877589,-0.2373167460380596
7,1.0298675849277448,-0.23715804586795194
7,1.0327211285677305,-0.2369134985268827
7,1.0355746722077164,-0.23657773477762942
7,1.0384282158477023,-0.2361448444029751
7,1.0412817594876882,-0.23560829060491198
7,1.044135303127674,-0.23496080533691074
7,1.04698884676766,-0.2341942599441373
7,1.049842390407646,-0.23329950336893257
7,1.0526959340476318,-0.23226615706826345
7,1.0555494776876178,-0.2310823511150366
7,1.0584030213276037,-0.22973437874737296
7,1.0612565649675896,-0.2282062351862896
7,1.0641101086075755,-0.22647898775346567
7,1.0669636522475614,-0.22452989224442066
7,1.0698171958875473,-0.2223311131777662
7,1.072670739527533,-0.21984779726857234
7,1.075524283167519,-0.21703503082056877
7,1.0783778268075048,-0.21383273145919662
7,1.0812313704474907,-0.21015634826693605
7,1.0840849140874766,-0.2058779019472127
7,1.0869384577274626,-0.2007800773141215
7,1.0897920013674485,-0.19440525940936945
7,1.0926455450074344,-0.18460043232240636
8,-0.05100182149362477,-0.00143127411687744
8,-0.04811413009586098,-0.00995652051437292
8,-0.045226438698097185,-0.01570847386115497
8,-0.042338747300333386,-0.020267676973810617
8,-0.03945105590256959,-0.02405484760378412
8,-0.036563364504805795,-0.027275622039787843
8,-0.033675673107042,-0.030052753192441772
8,-0.030787981709278205,-0.032467975018400444
8,-0.027900290311514413,-0.03457965391097083
8,-0.025012598913750624,-0.03643156009784919
8,-0.022124907515986825,-0.03805772944136966
8,-0.01923721611822303,-0.039485378729879034
8,-0.01634952472045923,-0.04073676118579269
8,-0.01346183332269544,-0.041830404149775395
8,-0.010574141924931647,-0.042781966556308657
8,-0.0076864505271678485,-0.043604851898746654
8,-0.004798759129404057,-0.044310658096633156
8,-0.0019110677316402647,-0.044909515160393355
8,0.0009766236661235272,-0.04541034359950095
8,0.003864315063887333,-0.045821055549727804
8,0.006752006461651125,-0.04614871366420439
8,0.009639697859414917,-0.04639965830611619
8,0.012527389257178709,-0.04657961057458171
8,0.015415080654942515,-0.04669375664467379
8,0.0183027720527063,-0.0467468174751033
8,0.02119046345047009,-0.04674310692546435
8,0.024078154848233897,-0.046686580596221015
8,0.02696584624599769,-0.04658087717176299
8,0.029853537643761474,-0.04642935365190539
8,0.03274122904152527,-0.04623511556093261
8,0.035628920439289065,-0.04600104299834233
8,0.03851661183705287,-0.04572981322293379
8,0.041404303234816656,-0.04542392032822921
8,0.04429199463258045,-0.04508569246286243
8,0.04717968603034425,-0.044717306967130985
8,0.050067377428108045,-0.04432080373160824
8,0.05295506882587183,-0.043898097031298294
8,0.05584276022363563,-0.043450986046703215
8,0.05873045162139942,-0.04298116424890248
8,0.06161814301916323,-0.042490227797859395
8,0.06450583441692702,-0.041979683080215976
8,0.0673935258146908,-0.04145095349401152
8,0.07028121721245462,-0.04090538557194564
8,0.07316890861021841,-0.040344254521838444
8,0.07605660000798219,-0.03976876925194009
8,0.07894429140574599,-0.039180076939517805
8,0.08183198280350978,-0.03857926719342841
8,0.08471967420127358,-0.03796737585467983
8,0.08760736559903737,-0.03734538847351108
8,0.09049505699680117,-0.03671424349656276
8,0.09338274839456495,-0.036074835193747316
8,0.09627043979232876,-0.03542801635076628
8,0.09915813119009256,-0.03477460075022133
8,0.10204582258785633,-0.03411536546166012
8,0.10493351398562013,-0.03345105295851678
8,0.10782120538338394,-0.03278237307797215
8,0.11070889678114772,-0.032110004837992374
8,0.11359658817891152,-0.031434598124292445
8,0.11648427957667531,-0.030756775258616524
8,0.1193719709744391,-0.0300771324585441
8,0.1222596623722029,-0.029396241198032438
8,0.12514735376996672,-0.028714649476910676
8,0.1280350451677305,-0.02803288300686063
8,0.1309227365654943,-0.027351446320518325
8,0.1338104279632581,-0.026670823809854187
8,0.13669811936102189,-0.02599148069935542
8,0.13958581075878568,-0.025313863958974402
8,0.14247350215654947,-0.02463840316145243
8,0.14536119355431326,-0.023965511288133443
8,0.14824888495207705,-0.02329558548706644
8,0.15113657634984085,-0.022629007786861766
8,0.15402426774760467,-0.02196614576943327
8,0.15691195914536843,-0.021307353204537752
8,0.15979965054313222,-0.020652970648770908
8,0.16268734194089604,-0.020003326011423926
8,0.1655750333386598,-0.01935873508948092
8,0.1684627247364236,-0.01871950207376783
8,0.17135041613418742,-0.018085920028177938
8,0.17423810753195124,-0.017458271343728807
8,0.177125798929715,-0.016836828169027845
8,0.1800134903274788,-0.01622185281868185
8,0.1829011817252426,-0.015613598160991329
8,0.18578887312300638,-0.015012307986245964
8,0.1886765645207702,-0.014418217356755367
8,0.191564255918534,-0.013831552939759757
8,0.19445194731629775,-0.013252533324229565
8,0.19733963871406157,-0.012681369322469833
8,0.20022733011182536,-0.012118264257454783
8,0.20311502150958916,-0.01156341423668704
8,0.20600271290735295,-0.01101700841336694
8,0.20889040430511674,-0.010479229235544636
8,0.21177809570288053,-0.009950252683978953
8,0.21466578710064435,-0.00943024849927627
8,0.21755347849840811,-0.008919380398918248
8,0.2204411698961719,-0.008417806284711485
8,0.22332886129393575,-0.007925678441154046
8,0.22621655269169952,-0.007443143725252381
8,0.22910424408946328,-0.006970343748150423
8,0.23199193548722713,-0.0065074150490510305
8,0.2348796268849909,-0.006054489261832071
8,0.23776731828275466,-0.0056116932746587585
8,0.2406550096805185,-0.005179149383015979
8,0.24354270107828227,-0.004756975436450563
8,0.24643039247604606,-0.0043452849793222765
8,0.24931808387380988,-0.003944187385873111
8,0.2522057752715737,-0.0035537879899010714
8,0.2550934666693374,-0.003174188209240446
8,0.25798115806710126,-0.0028054856653523656
8,0.26086884946486505,-0.0024477742982256384
8,0.2637565408626288,-0.0021011444768078177
8,0.26664423226039263,-0.0017656831051603172
8,0.2695319236581564,-0.00144147372455959
8,0.2724196150559202,-0.0011285966116986444
8,0.275307306453684,-0.000827128873167465
8,0.2781949978514478,-0.0005371445363920506
8,0.2810826892492116,-0.00025871463716874144
8,0.28397038064697544,8.092696040532223e-6
8,0.2868580720447392,0.00026321216095194326
8,0.28974576344250297,0.0005065812032548923
8,0.2926334548402668,0.000738139941264697
8,0.29552114623803055,0.0009578310933341077
8,0.2984088376357944,0.0011655999078565725
8,0.3012965290335582,0.0013613940958090186
8,0.304184220431322,0.0015451637656867408
8,0.3070719118290858,0.0017168613607708558
8,0.30995960322684957,0.0018764415986242153
8,0.31284729462461336,0.0020238614126957956
8,0.31573498602237715,0.002159079896006678
8,0.31862267742014094,0.0022820582467983556
8,0.32151036881790473,0.002392759716077878
8,0.3243980602156685,0.0024911495569919853
8,0.3272857516134323,0.0025771949759497677
8,0.3301734430111961,0.0026508650854544205
8,0.3330611344089599,0.0027121308585408956
8,0.3359488258067237,0.0027609650848040212
8,0.3388365172044875,0.0027973423279252507
8,0.34172420860225133,0.002821238884662859
8,0.34461190000001507,0.0028326327452442403
8,0.34749959139777886,0.0028315035551253953
8,0.3503872827955427,0.00281783257804733
8,0.35327497419330645,0.0027916026603617633
8,0.35616266559107024,0.0027527981965857224
8,0.3590503569888341,0.00270140509611214
8,0.3619380483865979,0.0026374107510994554
8,0.3648257397843616,0.002560804005428078
8,0.36771343118212546,0.002471575124737527
8,0.37060112257988925,0.0023697157674966935
8,0.373488813977653,0.0022552189570837792
8,0.37637650537541684,0.0021280790547964245
8,0.37926419677318063,0.001988291733848146
8,0.38215188817094436,0.0018358539542390345
8,0.3850395795687082,0.0016707639385118995
8,0.387927270966472,0.0014930211483853832
8,0.39081496236423574,0.0013026262621725635
8,0.3937026537619996,0.0010995811530564988
8,0.3965903451597634,0.000883888868094518
8,0.3994780365575272,0.0006555536080252325
8,0.40236572795529096,0.0004145807077840867
8,0.40525341935305476,0.00016097661774467858
8,0.4081411107508186,-0.00010525111433823846
8,0.4110288021485824,-0.00038409386070933064
8,0.41391649354634613,-0.0006755419303381271
8,0.41680418494411,-0.0009795845849975401
8,0.41969187634187377,-0.0012962100547101688
8,0.4225795677396375,-0.001625405552584395
8,0.42546725913740135,-0.0019671572890792486
8,0.42835495053516515,-0.0023214504856379557
8,0.43124264193292894,-0.0026882693878022153
8,0.43413033333069273,-0.0030675972777325124
8,0.4370180247284565,-0.003459416486228103
8,0.4399057161262203,-0.0038637084041675566
8,0.4427934075239841,-0.004280453493475768
8,0.4456810989217479,-0.004709631297552845
8,0.4485687903195117,-0.005151220451216919
8,0.4514564817172755,-0.005605198690159179
8,0.4543441731150393,-0.006071542859919685
8,0.45723186451280307,-0.006550228924394428
8,0.46011955591056686,-0.007041231973881135
8,0.46300724730833065,-0.0075445262326722835
8,0.46589493870609444,-0.008060085066202559
8,0.4687826301038583,-0.008587880987763816
8,0.471670321501622,-0.009127885664787026
8,0.4745580128993858,-0.009680069924690471
8,0.4774457042971496,-0.010244403760327477
8,0.48033339569491346,-0.010820856335008615
8,0.48322108709267725,-0.01140939598712984
8,0.48610877849044104,-0.012009990234371408
8,0.48899646988820483,-0.012622605777539613
8,0.49188416128596857,-0.013247208503990412
8,0.49477185268373236,-0.013883763490660058
8,0.49765954408149626,-0.014532235006728384
8,0.50054723547926,-0.015192586515892746
8,0.5034349268770238,-0.015864780678263576
8,0.5063226182747875,-0.016548779351881423
8,0.5092103096725513,-0.017244543593863394
8,0.5120980010703151,-0.017952033661189724
8,0.514985692468079,-0.018671209011090237
8,0.5178733838658428,-0.019402028301112133
8,0.5207610752636066,-0.02014444938876414
8,0.5236487666613704,-0.02089842933084942
8,0.5265364580591341,-0.021663924382398773
8,0.529424149456898,-0.022440889995252566
8,0.5323118408546618,-0.023229280816274966
8,0.5351995322524256,-0.02402905068521911
8,0.5380872236501894,-0.0248401526321968
8,0.5409749150479533,-0.02566253887482197
8,0.5438626064457168,-0.026496160814957218
8,0.5467502978434807,-0.027340969035100745
8,0.5496379892412445,-0.02819691329442355
8,0.5525256806390083,-0.029063942524411635
8,0.5554133720367721,-0.02994200482413738
8,0.558301063434536,-0.030831047455180238
8,0.5611887548322997,-0.03173101683613929
8,0.5640764462300635,-0.03264185853677659
8,0.5669641376278273,-0.033563517271791334
8,0.5698518290255911,-0.03449593689417811
8,0.5727395204233549,-0.035439060388205455
8,0.5756272118211188,-0.03639282986201879
8,0.5785149032188824,-0.03735718653979396
8,0.5814025946166463,-0.038332070753547706
8,0.58429028601441,-0.03931742193446684
8,0.5871779774121738,-0.04031317860389053
8,0.5900656688099376,-0.04131927836381021
8,0.5929533602077015,-0.04233565788697964
8,0.5958410516054652,-0.04336225290656795
8,0.5987287430032291,-0.04439899820538568
8,0.6016164344009929,-0.04544582760463484
8,0.6045041257987566,-0.04650267395222447
8,0.6073918171965204,-0.04756946911062086
8,0.6102795085942843,-0.04864614394418398
8,0.6131671999920479,-0.04973262830606825
8,0.6160548913898118,-0.05082885102459903
8,0.6189425827875756,-0.05193473988914632
8,0.6218302741853394,-0.05305022163548475
8,0.6247179655831031,-0.05417522193063242
8,0.627605656980867,-0.05530966535714398
8,0.6304933483786307,-0.056453475396855565
8,0.6333810397763946,-0.05760657441405541
8,0.6362687311741584,-0.05876888363809317
8,0.6391564225719223,-0.05994032314539476
8,0.6420441139696859,-0.06112081184084421
8,0.6449318053674498,-0.06231026743859123
8,0.6478194967652136,-0.06350860644217568
8,0.6507071881629773,-0.06471574412402364
8,0.6535948795607411,-0.06593159450426489
8,0.656482570958505,-0.06715607032885453
8,0.6593702623562687,-0.06838908304699765
8,0.6622579537540325,-0.06963054278782166
8,0.6651456451517963,-0.07088035833633306
8,0.6680333365495601,-0.07213843710856083
8,0.6709210279473239,-0.0734046851259558
8,0.6738087193450878,-0.07467900698890784
8,0.6766964107428515,-0.0759613058494842
8,0.6795841021406154,-0.0772514833832639
8,0.6824717935383791,-0.07854943976026918
8,0.6853594849361428,-0.07985507361500685
8,0.6882471763339066,-0.08116828201552173
8,0.6911348677316705,-0.0824889604314927
8,0.6940225591294342,-0.08381700270130223
8,0.6969102505271981,-0.08515230099804179
8,0.6997979419249618,-0.08649474579447368
8,0.7026856333227256,-0.08784422582682308
8,0.7055733247204894,-0.08920062805744934
8,0.7084610161182533,-0.09056383763630478
8,0.711348707516017,-0.0919337378611464
8,0.7142363989137809,-0.09331021013647646
8,0.7171240903115447,-0.0946931339311426
8,0.7200117817093084,-0.09608238673457087
8,0.7228994731070721,-0.09747784401156462
8,0.725787164504836,-0.09887937915561767
8,0.7286748559025997,-0.1002868634407121
8,0.7315625473003636,-0.10170016597150516
8,0.7344502386981274,-0.10311915363186934
8,0.7373379300958912,-0.10454369103172358
8,0.7402256214936549,-0.10597364045207901
8,0.7431133128914188,-0.10740886178823093
8,0.7460010042891825,-0.1088492124910233
8,0.7488886956869464,-0.11029454750613416
8,0.7517763870847102,-0.11174471921125281
8,0.754664078482474,-0.11319957735111642
8,0.7575517698802378,-0.11465896897028123
8,0.7604394612780015,-0.11612273834355107
8,0.7633271526757652,-0.11759072690395676
8,0.7662148440735291,-0.11906277316821322
8,0.7691025354712929,-0.12053871265948443
8,0.7719902268690567,-0.12201837782741093
8,0.7748779182668205,-0.12350159796524444
8,0.7777656096645844,-0.12498819912395218
8,0.780653301062348,-0.1264780040231963
8,0.7835409924601119,-0.1279708319590031
8,0.7864286838578757,-0.12946649870802843
8,0.7893163752556395,-0.13096481642818864
8,0.7922040666534033,-0.13246559355557183
8,0.7950917580511672,-0.1339686346974173
8,0.7979794494489307,-0.1354737405209381
8,0.8008671408466946,-0.1369807076378951
8,0.8037548322444584,-0.13848932848461304
8,0.8066425236422223,-0.13999939119728064
8,0.809530215039986,-0.1415106794822697
8,0.8124179064377499,-0.14302297248128792
8,0.8153055978355136,-0.14453604463100853
8,0.8181932892332774,-0.14604966551700718
8,0.8210809806310412,-0.1475635997216251
8,0.8239686720288051,-0.1490776066655193
8,0.8268563634265688,-0.15059144044252645
8,0.8297440548243327,-0.1521048496474937
8,0.8326317462220963,-0.1536175771967368
8,0.8355194376198603,-0.15512936014069006
8,0.8384071290176239,-0.15663992946833333
8,0.8412948204153878,-0.15814900990298436
8,0.8441825118131515,-0.15965631968891103
8,0.8470702032109154,-0.16116157036831175
8,0.8499578946086792,-0.16266446654807012
8,0.852845586006443,-0.16416470565573119
8,0.8557332774042068,-0.16566197768405863
8,0.8586209688019706,-0.1671559649234929
8,0.8615086601997343,-0.1686463416818065
8,0.8643963515974982,-0.17013277399019094
8,0.867284042995262,-0.17161491929492584
8,0.8701717343930258,-0.17309242613374862
8,0.8730594257907895,-0.17456493379599886
8,0.8759471171885534,-0.17603207196545914
8,0.878834808586317,-0.1774934603448317
8,0.8817224999840809,-0.17894870826062317
8,0.8846101913818447,-0.18039741424717123
8,0.8874978827796085,-0.18183916560843597
8,0.8903855741773723,-0.18327353795598822
8,0.8932732655751362,-0.18470009472166368
8,0.8961609569728998,-0.18611838664303434
8,0.8990486483706637,-0.18752795121984414
8,0.9019363397684275,-0.1889283121392927
8,0.9048240311661913,-0.1903189786679491
8,0.907711722563955,-0.1916994450078099
8,0.910599413961719,-0.19306918961384076
8,0.9134871053594826,-0.1944276744700766
8,0.9163747967572464,-0.19577434432111204
8,0.9192624881550102,-0.19710862585547007
8,0.922150179552774,-0.1984299268370479
8,0.9250378709505378,-0.19973763518043072
8,0.9279255623483017,-0.20103111796550757
8,0.9308132537460654,-0.20230972038630624
8,0.9337009451438293,-0.20357276462845597
8,0.936588636541593,-0.2048195486691775
8,0.9394763279393568,-0.20604934499293576
8,0.9423640193371206,-0.20726139921526526
8,0.9452517107348845,-0.2084549286064301
8,0.9481394021326481,-0.2096291205056031
8,0.951027093530412,-0.21078313061524886
8,0.9539147849281757,-0.2119160811641904
8,0.9568024763259395,-0.21302705892649695
8,0.9596901677237033,-0.21411511308173914
8,0.9625778591214672,-0.21517925290044185
8,0.9654655505192309,-0.2162184452364881
8,0.9683532419169948,-0.21723161180599385
8,0.9712409333147586,-0.21821762622935187
8,0.9741286247125223,-0.21917531081017896
8,0.977016316110286,-0.22010343302121485
8,0.97990400750805,-0.22100070166314603
8,0.9827916989058136,-0.2218657626572717
8,0.9856793903035775,-0.22269719442749694
8,0.9885670817013413,-0.22349350282014183
8,0.9914547730991051,-0.22425311550236368
8,0.9943424644968688,-0.2249743757705254
8,0.9972301558946327,-0.2256555356886911
8,1.0001178472923964,-0.22629474846419073
8,1.0030055386901604,-0.22689005995113012
8,1.005893230087924,-0.22743939915354486
8,1.0087809214856878,-0.22794056757647385
8,1.0116686128834518,-0.22839122724476704
8,1.0145563042812153,-0.22878888717458454
8,1.0174439956789794,-0.2291308880393748
8,1.0203316870767432,-0.2294143847187516
8,1.0232193784745067,-0.22963632635171774
8,1.0261070698722707,-0.2297934334315333
8,1.0289947612700343,-0.22988217137255793
8,1.0318824526677983,-0.22989871984234178
8,1.034770144065562,-0.22983893697545185
8,1.037657835463326,-0.22969831735434834
8,1.0405455268610895,-0.2294719423381768
8,1.0434332182588533,-0.2291544209137436
8,1.0463209096566173,-0.2287398186939846
8,1.0492086010543809,-0.2282215719370958
8,1.0520962924521449,-0.22759238241400961
8,1.0549839838499087,-0.2268440874742213
8,1.0578716752476724,-0.2259674975328756
8,1.0607593666454362,-0.22495219007762646
8,1.0636470580431998,-0.22378624459824165
8,1.0665347494409638,-0.2224558956021221
8,1.0694224408387274,-0.22094506938448485
8,1.0723101322364914,-0.21923475134972417
8,1.075197823634255,-0.2173020984618396
8,1.078085515032019,-0.2151191538125734
8,1.0809732064297828,-0.2126509115428747
8,1.0838608978275464,-0.2098522607293752
8,1.0867485892253104,-0.2066628544435258
8,1.0896362806230742,-0.20299776860969032
8,1.092523972020838,-0.19872845801995087
8,1.0954116634186017,-0.1936366450828233
8,1.0982993548163655,-0.1872626859841961
8,1.1011870462141293,-0.17744401244974328
9,-0.051785495152779484,-0.00037250472760360395
9,-0.048910831449836094,-0.009599005868867394
9,-0.0460361677468927,-0.015491000287368936
9,-0.043161504043949306,-0.020136404374663592
9,-0.04028684034100592,-0.023987477218414245
9,-0.03741217663806253,-0.02725990257278667
9,-0.03453751293511914,-0.030080941998253806
9,-0.03166284923217575,-0.03253474542289236
9,-0.02878818552923236,-0.034681125904375366
9,-0.025913521826288973,-0.03656478896159433
9,-0.02303885812334558,-0.03822041017543593
9,-0.020164194420402185,-0.03967566320284358
9,-0.017289530717458798,-0.04095313890074045
9,-0.014414867014515408,-0.042071621149791995
9,-0.011540203311572017,-0.043046968336014846
9,-0.008665539608628627,-0.04389274204341246
9,-0.005790875905685236,-0.044620667577225125
9,-0.0029162122027418524,-0.045240979057716374
9,-4.1548499798454985e-5,-0.04576268313691464
9,0.0028331152031449355,-0.04619376400144617
9,0.005707778906088326,-0.04654134514694091
9,0.00858244260903171,-0.04681181875195592
9,0.011457106311975107,-0.04701095037878065
9,0.014331770014918498,-0.04714396461693927
9,0.01720643371786188,-0.04721561581761791
9,0.020081097420805265,-0.04723024702860357
9,0.02295576112374867,-0.04719183949204384
9,0.02583042482669206,-0.04710405452147605
9,0.028705088529635443,-0.04697026917047362
9,0.03157975223257884,-0.046793606802388386
9,0.03445441593552223,-0.04657696344080347
9,0.03732907963846562,-0.046323030604365024
9,0.04020374334140902,-0.04603431519327032
9,0.0430784070443524,-0.045713156888349295
9,0.045953070747295786,-0.045361743439723476
9,0.04882773445023918,-0.044982124155555595
9,0.051702398153182574,-0.044576221848080626
9,0.05457706185612596,-0.04414584345126698
9,0.05745172555906935,-0.04369268948965145
9,0.06032638926201275,-0.04321836254957183
9,0.06320105296495614,-0.042724374880681364
9,0.06607571666789952,-0.04221215523654182
9,0.06895038037084292,-0.04168305504707509
9,0.07182504407378631,-0.04113835400240418
9,0.07469970777672968,-0.040579265116614714
9,0.07757437147967308,-0.040006939330462496
9,0.08044903518261648,-0.0394224697043254
9,0.08332369888555985,-0.03882689524592016
9,0.08619836258850325,-0.038221204411638024
9,0.08907302629144664,-0.03760633831552343
9,0.09194768999439003,-0.03698319367572789
9,0.09482235369733344,-0.036352625524671216
9,0.09769701740027684,-0.03571544970612295
9,0.1005716811032202,-0.035072445179664194
9,0.1034463448061636,-0.03442435615070747
9,0.106321008509107,-0.03377189404224691
9,0.10919567221205037,-0.033115739322710724
9,0.11207033591499377,-0.032456543202796645
9,0.11494499961793717,-0.03179492921273124
9,0.11781966332088055,-0.031131494670320434
9,0.12069432702382395,-0.03046681204902777
9,0.12356899072676734,-0.029801430254407537
9,0.12644365442971073,-0.029135875816388823
9,0.12931831813265413,-0.028470654004270055
9,0.13219298183559752,-0.027806249870459484
9,0.1350676455385409,-0.027143129228627362
9,0.1379423092414843,-0.026481739571225297
9,0.14081697294442766,-0.025822510931067827
9,0.14369163664737106,-0.025165856691047782
9,0.14656630035031445,-0.024512174345890956
9,0.14944096405325785,-0.023861846219367364
9,0.15231562775620122,-0.02321524014016561
9,0.15519029145914465,-0.02257271007935712
9,0.15806495516208802,-0.02193459675207445
9,0.16093961886503141,-0.02130122818590192
9,0.1638142825679748,-0.020672920258226812
9,0.16668894627091818,-0.020049977204559585
9,0.16956360997386158,-0.01943269209983122
9,0.17243827367680498,-0.018821347314341198
9,0.17531293737974835,-0.018216214946024836
9,0.17818760108269177,-0.01761755723052458
9,0.18106226478563514,-0.01702562693047691
9,0.1839369284885785,-0.016440667705235855
9,0.18681159219152194,-0.015862914462319435
9,0.1896862558944653,-0.015292593691607478
9,0.1925609195974087,-0.014729923783333241
9,0.1954355833003521,-0.014175115330860735
9,0.19831024700329547,-0.013628371419073625
9,0.20118491070623887,-0.013089887899260895
9,0.20405957440918226,-0.012559853651215364
9,0.20693423811212563,-0.012038450833307594
9,0.20980890181506906,-0.011525855121182019
9,0.21268356551801243,-0.011022235935677976
9,0.21555822922095585,-0.010527756660635983
9,0.2184328929238992,-0.01004257485103347
9,0.2213075566268426,-0.009566842432046939
9,0.224182220329786,-0.009100705889478283
9,0.2270568840327294,-0.00864430645199648
9,0.2299315477356728,-0.00819778026563315
9,0.23280621143861618,-0.00776125856091408
9,0.23568087514155953,-0.007334867812998588
9,0.23855553884450292,-0.006918729895190163
9,0.24143020254744635,-0.006512962226121502
9,0.24430486625038975,-0.006117677910953196
9,0.24717952995333314,-0.005732985876848653
9,0.2500541936562765,-0.005358991003020164
9,0.2529288573592199,-0.004995794245599479
9,0.2558035210621633,-0.004643492757569188
9,0.2586781847651067,-0.004302180003996861
9,0.2615528484680501,-0.003971945872765978
9,0.2644275121709935,-0.003652876781063573
9,0.26730217587393684,-0.003345055777726709
9,0.2701768395768802,-0.003048562641738266
9,0.27305150327982364,-0.002763473976962623
9,0.275926166982767,-0.0024898633033196135
9,0.27880083068571043,-0.0022278011445618427
9,0.2816754943886538,-0.001977355112762272
9,0.28455015809159717,-0.0017385899897263257
9,0.2874248217945406,-0.0015115678053628072
9,0.29029948549748397,-0.0012963479132235424
9,0.2931741492004274,-0.0010929870632849237
9,0.29604881290337076,-0.0009015394721081114
9,0.2989234766063142,-0.0007220568904627864
9,0.3017981403092575,-0.0005545886685443627
9,0.3046728040122009,-0.0003991818188517772
9,0.3075474677151443,-0.000255881076850532
9,0.3104221314180877,-0.00012472895948116385
9,0.31329679512103115,-5.765821605877672e-6
9,0.3161714588239745,0.00010097008950669676
9,0.3190461225269179,0.00019544258162263104
9,0.32192078622986126,0.0002776174668037959
9,0.3247954499328047,0.0003474625124235254
9,0.32767011363574805,0.0004049473939031985
9,0.3305447773386915,0.00045004364904280595
9,0.3334194410416348,0.00048272463397951523
9,0.3362941047445782,0.00050296548060914
9,0.33916876844752164,0.0005107430555017298
9,0.342043432150465,0.000506035920221336
9,0.34491809585340844,0.0004888242930037655
9,0.3477927595563518,0.0004590900117444169
9,0.3506674232592952,0.00041681649826056706
9,0.35354208696223854,0.00036198872377596255
9,0.35641675066518197,0.0002945931755855876
9,0.35929141436812534,0.00021461782486731837
9,0.36216607807106876,0.00012205209560041009
9,0.36504074177401213,1.6886834538852595e-5
9,0.3679154054769555,-0.00010088571774461734
9,0.3707900691798989,-0.00023127195486220782
9,0.3736647328828423,-0.0003742769316070762
9,0.3765393965857857,-0.0005299043900215759
9,0.3794140602887291,-0.0006981567845608398
9,0.38228872399167246,-0.0008790353063607216
9,0.38516338769461583,-0.0010725399066663893
9,0.38803805139755926,-0.0012786693194157964
9,0.39091271510050263,-0.0014974210830269263
9,0.39378737880344605,-0.0017287915613886302
9,0.3966620425063895,-0.001972775964112706
9,0.3995367062093328,-0.0022293683660284495
9,0.4024113699122762,-0.0024985617259610945
9,0.4052860336152196,-0.002780347904820382
9,0.408160697318163,-0.0030747176830055855
9,0.4110353610211064,-0.003381660777143673
9,0.4139100247240498,-0.0037011658561819016
9,0.4167846884269931,-0.004033220556861544
9,0.41965935212993655,-0.0043778114985752814
9,0.4225340158328799,-0.004734924297617624
9,0.42540867953582334,-0.005104543580866822
9,0.42828334323876677,-0.00548665299888615
9,0.4311580069417101,-0.005881235238483551
9,0.4340326706446535,-0.0062882720346999574
9,0.4369073343475969,-0.006707744182299453
9,0.4397819980505403,-0.007139631546723291
9,0.44265666175348367,-0.0075839130745287055
9,0.4455313254564271,-0.008040566803347334
9,0.4484059891593704,-0.008509569871331583
9,0.45128065286231384,-0.008990898526150745
9,0.4541553165652572,-0.009484528133486873
9,0.45702998026820063,-0.009990433185093206
9,0.45990464397114406,-0.010508587306387922
9,0.4627793076740874,-0.011038963263606717
9,0.4656539713770308,-0.01158153297051138
9,0.46852863507997417,-0.012136267494671822
9,0.4714032987829176,-0.012703137063325272
9,0.4742779624858609,-0.013282111068812379
9,0.4771526261888044,-0.013873158073604735
9,0.4800272898917477,-0.014476245814915965
9,0.4829019535946912,-0.015091341208926344
9,0.48577661729763455,-0.01571841035459704
9,0.48865128100057786,-0.016357418537093087
9,0.4915259447035213,-0.01700833023082115
9,0.49440060840646466,-0.017671109102081813
9,0.49727527210940814,-0.0183457180113334
9,0.5001499358123515,-0.019032119015091612
9,0.5030245995152949,-0.01973027336742968
9,0.5058992632182383,-0.02044014152113256
9,0.5087739269211816,-0.02116168312845447
9,0.511648590624125,-0.02189485704153061
9,0.5145232543270684,-0.02263962131240171
9,0.5173979180300119,-0.023395933192676997
9,0.5202725817329552,-0.024163749132843672
9,0.5231472454358985,-0.024943024781197826
9,0.5260219091388421,-0.025733714982414432
9,0.5288965728417854,-0.026535773775755896
9,0.5317712365447288,-0.02734915439292225
9,0.5346459002476721,-0.02817380925551374
9,0.5375205639506156,-0.02900968997216388
9,0.540395227653559,-0.029856747335266904
9,0.5432698913565024,-0.030714931317381094
9,0.5461445550594457,-0.03158419106721356
9,0.5490192187623892,-0.03246447490528259
9,0.5518938824653326,-0.03335573031916662
9,0.554768546168276,-0.034257903958407526
9,0.5576432098712193,-0.035170941629017606
9,0.5605178735741627,-0.03609478828762047
9,0.563392537277106,-0.03702938803518099
9,0.5662672009800495,-0.03797468411038039
9,0.5691418646829929,-0.03893061888257819
9,0.5720165283859363,-0.039897133844374766
9,0.5748911920888796,-0.04087416960378769
9,0.5777658557918232,-0.041861665876015336
9,0.5806405194947665,-0.04285956147478377
9,0.5835151831977099,-0.04386779430328918
9,0.5863898469006531,-0.04488630134468747
9,0.5892645106035966,-0.045915018652198256
9,0.59213917430654,-0.046953881338737874
9,0.5950138380094834,-0.04800282356612558
9,0.5978885017124267,-0.04906177853382848
9,0.6007631654153702,-0.05013067846725667
9,0.6036378291183135,-0.05120945460557932
9,0.606512492821257,-0.052298037189077065
9,0.6093871565242004,-0.05339635544600746
9,0.6122618202271438,-0.05450433757896554
9,0.6151364839300871,-0.05562191075073977
9,0.6180111476330306,-0.056749001069666
9,0.6208858113359739,-0.05788553357443245
9,0.6237604750389173,-0.059031432218369484
9,0.6266351387418606,-0.06018661985316625
9,0.629509802444804,-0.06135101821203517
9,0.6323844661477475,-0.0625245478922911
9,0.6352591298506909,-0.06370712833735394
9,0.6381337935536342,-0.0648986778181149
9,0.6410084572565777,-0.06609911341371492
9,0.643883120959521,-0.06730835099166552
9,0.6467577846624645,-0.06852630518731102
9,0.6496324483654078,-0.06975288938263427
9,0.6525071120683513,-0.07098801568436446
9,0.6553817757712945,-0.07223159490135887
9,0.658256439474238,-0.07348353652129128
9,0.6611311031771814,-0.07474374868655273
9,0.6640057668801248,-0.07601213816940677
9,0.6668804305830681,-0.07728861034633568
9,0.6697550942860115,-0.07857306917156542
9,0.672629757988955,-0.07986541714976761
9,0.6755044216918984,-0.08116555530787034
9,0.6783790853948417,-0.08247338316598468
9,0.6812537490977851,-0.08378879870740392
9,0.6841284128007286,-0.08511169834765021
9,0.6870030765036719,-0.08644197690254637
9,0.6898777402066152,-0.08777952755524594
9,0.6927524039095587,-0.08912424182224189
9,0.695627067612502,-0.09047600951828426
9,0.6985017313154455,-0.09183471872017009
9,0.7013763950183888,-0.09320025572936615
9,0.7042510587213323,-0.09457250503346251
9,0.7071257224242756,-0.09595134926634726
9,0.710000386127219,-0.09733666916713875
9,0.7128750498301624,-0.0987283435377467
9,0.7157497135331059,-0.10012624919908333
9,0.7186243772360491,-0.10153026094584236
9,0.7214990409389925,-0.10294025149978552
9,0.724373704641936,-0.10435609146150229
9,0.7272483683448794,-0.10577764926058632
9,0.7301230320478227,-0.10720479110413773
9,0.7329976957507661,-0.10863738092357865
9,0.7358723594537095,-0.11007528031965354
9,0.738747023156653,-0.11151834850561114
9,0.7416216868595963,-0.11296644224843515
9,0.7444963505625397,-0.11441941580808626
9,0.7473710142654831,-0.11587712087467911
9,0.7502456779684266,-0.11733940650346088
9,0.7531203416713698,-0.11880611904756934
9,0.7559950053743133,-0.12027710208842204
9,0.7588696690772566,-0.12175219636367238
9,0.7617443327802,-0.12323123969261895
9,0.7646189964831434,-0.12471406689896128
9,0.7674936601860869,-0.1262005097307817
9,0.7703683238890302,-0.12769039677763622
9,0.7732429875919736,-0.1291835533846533
9,0.7761176512949169,-0.1306798015634393
9,0.7789923149978605,-0.13217895989975348
9,0.7818669787008038,-0.1336808434577017
9,0.7847416424037471,-0.13518526368035225
9,0.7876163061066905,-0.13669202828661195
9,0.790490969809634,-0.13820094116413872
9,0.7933656335125773,-0.13971180225816235
9,0.7962402972155207,-0.1412244074559867
9,0.7991149609184641,-0.14273854846698314
9,0.8019896246214075,-0.1442540126978424
9,0.8048642883243509,-0.14577058312286023
9,0.8077389520272944,-0.14728803814902244
9,0.8106136157302377,-0.14880615147561105
9,0.8134882794331811,-0.1503246919480839
9,0.8163629431361243,-0.15184342340589616
9,0.8192376068390679,-0.15336210452400148
9,0.8221122705420112,-0.15488048864765666
9,0.8249869342449546,-0.15639832362021144
9,0.8278615979478979,-0.15791535160350684
9,0.8307362616508415,-0.15943130889047447
9,0.8336109253537848,-0.16094592570950045
9,0.8364855890567282,-0.16245892602016804
9,0.8393602527596716,-0.1639700272998097
9,0.8422349164626151,-0.1654789403204111
9,0.8451095801655584,-0.16698536891531993
9,0.8479842438685018,-0.1684890097351507
9,0.8508589075714451,-0.1699895519922674
9,0.8537335712743885,-0.17148667719317584
9,0.8566082349773319,-0.17298005885810758
9,0.8594828986802753,-0.17446936222702572
9,0.8623575623832187,-0.1759542439512215
9,0.8652322260861621,-0.17743435176959887
9,0.8681068897891054,-0.17890932416872288
9,0.870981553492049,-0.18037879002560384
9,0.8738562171949923,-0.1818423682320446
9,0.8767308808979357,-0.18329966729945227
9,0.879605544600879,-0.18475028494276302
9,0.8824802083038226,-0.18619380764211702
9,0.8853548720067658,-0.1876298101807546
9,0.8882295357097092,-0.1890578551575439
9,0.8911041994126525,-0.19047749247234197
9,0.893978863115596,-0.19188825878229485
9,0.8968535268185394,-0.19328967692700388
9,0.8997281905214828,-0.19468125532029507
9,0.9026028542244262,-0.19606248730612458
9,0.9054775179273696,-0.19743285047598888
9,0.908352181630313,-0.19879180594485046
9,0.9112268453332564,-0.2001387975824609
9,0.9141015090361997,-0.2014732511965572
9,0.9169761727391431,-0.20279457366411272
9,0.9198508364420864,-0.20410215200645748
9,0.92272550014503,-0.2053953524036844
9,0.9256001638479733,-0.20667351914325943
9,0.9284748275509167,-0.20793597349724874
9,0.93134949125386,-0.20918201252204155
9,0.9342241549568036,-0.21041090777376392
9,0.9370988186597469,-0.2116219039317985
9,0.9399734823626903,-0.2128142173221389
9,0.9428481460656336,-0.21398703433125163
9,0.9457228097685771,-0.2151395097000925
9,0.9485974734715203,-0.2162707646868253
9,0.9514721371744638,-0.21737988508528602
9,0.9543468008774072,-0.21846591908481117
9,0.9572214645803506,-0.21952787495520754
9,0.9600961282832939,-0.22056471853869541
9,0.9629707919862374,-0.22157537052818313
9,0.9658454556891808,-0.22255870350876172
9,0.9687201193921242,-0.2235135387359853
9,0.9715947830950675,-0.22443864262109045
9,0.974469446798011,-0.22533272288903752
9,0.9773441105009544,-0.22619442437037388
9,0.9802187742038978,-0.22702232438227798
9,0.983093437906841,-0.22781492764740144
9,0.9859681016097845,-0.22857066069118262
9,0.9888427653127279,-0.22928786564898537
9,0.9917174290156713,-0.2299647934032752
9,0.9945920927186146,-0.23059959595767612
9,0.9974667564215581,-0.2311903179388311
9,1.0003414201245013,-0.23173488709770468
9,1.0032160838274449,-0.23223110365858668
9,1.0060907475303882,-0.2326766283355719
9,1.0089654112333317,-0.2330689688014207
9,1.011840074936275,-0.23340546435058956
9,1.0147147386392183,-0.23368326844469775
9,1.0175894023421619,-0.23389932876190872
9,1.0204640660451052,-0.23405036428737777
9,1.0233387297480485,-0.23413283887494699
9,1.026213393450992,-0.2341429305733611
9,1.0290880571539351,-0.23407649583314183
9,1.0319627208568787,-0.233929027479398
9,1.0348373845598222,-0.23369560503099504
9,1.0377120482627655,-0.23337083554017396
9,1.0405867119657088,-0.23294878257729104
9,1.0434613756686524,-0.23242288023342403
9,1.0463360393715957,-0.2317858279675774
9,1.0492107030745392,-0.2310294606474901
9,1.0520853667774823,-0.23014458600544557
9,1.0549600304804259,-0.22912077860547117
9,1.0578346941833694,-0.22794611472193893
9,1.0607093578863127,-0.22660682528830484
9,1.063584021589256,-0.22508683257815498
9,1.0664586852921996,-0.22336711740485043
9,1.0693333489951427,-0.22142483140118088
9,1.0722080126980862,-0.21923201134024314
9,1.0750826764010297,-0.21675364368458594
9,1.077957340103973,-0.21394460788484498
9,1.0808320038069164,-0.2107445444518187
9,1.0837066675098597,-0.20706851201766616
9,1.0865813312128032,-0.2027879396873668
9,1.0894559949157467,-0.19768450691737377
9,1.0923306586186898,-0.19129848050803167
9,1.0952053223216334,-0.18146687521852367
