tie_id,t,gibbs_e_mix_RT
1,-0.05267958950969213,1.2991127682743538e-7
1,-0.04982181794280456,-0.009037297295960523
1,-0.04696404637591698,-0.014647828518597706
1,-0.04410627480902941,-0.01899443194942463
1,-0.04124850324214183,-0.02253673351246491
1,-0.03839073167525427,-0.025492934315647996
1,-0.03553296010836669,-0.02799148175190633
1,-0.03267518854147912,-0.03011719207727373
1,-0.02981741697459155,-0.03193029907029349
1,-0.026959645407703983,-0.03347579746345204
1,-0.024101873840816405,-0.03478857513887668
1,-0.02124410227392883,-0.03589646998669557
1,-0.018386330707041258,-0.03682220545303491
1,-0.015528559140153692,-0.037584676281649736
1,-0.012670787573266111,-0.03819983627554299
1,-0.009813016006378537,-0.03868133112506122
1,-0.006955244439490964,-0.03904096174556257
1,-0.004097472872603397,-0.039289031341222656
1,-0.0012397013057158304,-0.03943461053466043
1,0.0016180702611717501,-0.03948574340485651
1,0.004475841828059317,-0.03944961003416604
1,0.00733361339494689,-0.03933265646866007
1,0.010191384961834464,-0.03914069987076063
1,0.013049156528722038,-0.03887901451553263
1,0.01590692809560961,-0.03855240280403165
1,0.018764699662497185,-0.038165254421248226
1,0.02162247122938475,-0.03772159601395889
1,0.024480242796272332,-0.03722513321464865
1,0.027338014363159906,-0.03667928643100729
1,0.030195785930047465,-0.03608722151590336
1,0.03305355749693504,-0.035451876201655484
1,0.03591132906382262,-0.034775983005426905
1,0.03876910063071019,-0.03406208917555894
1,0.04162687219759775,-0.033312574141706096
1,0.044484643764485333,-0.032529664847366656
1,0.047342415331372914,-0.03171544927650134
1,0.050200186898260474,-0.030871888432487286
1,0.05305795846514805,-0.030000826984521126
1,0.05591573003203563,-0.029104002761691897
1,0.058773501598923195,-0.028183055246490767
1,0.06163127316581076,-0.027239533196089266
1,0.06448904473269834,-0.026274901500528886
1,0.06734681629958592,-0.025290547370902805
1,0.07020458786647349,-0.02428778593740007
1,0.07306235943336106,-0.023267865325813743
1,0.07592013100024864,-0.02223197127186229
1,0.0787779025671362,-0.02118123132468142
1,0.08163567413402378,-0.02011671868419029
1,0.08449344570091136,-0.019039455711258733
1,0.08735121726779893,-0.017950417144836892
1,0.0902089888346865,-0.016850533055921196
1,0.09306676040157405,-0.015740691564699285
1,0.09592453196846162,-0.014621741344092378
1,0.0987823035353492,-0.01349449393029316
1,0.10164007510223677,-0.012359725858424767
1,0.10449784666912436,-0.011218180639622329
1,0.10735561823601193,-0.010070570593880586
1,0.1102133898028995,-0.008917578551596559
1,0.11307116136978707,-0.007759859435318075
1,0.11592893293667464,-0.006598041732026911
1,0.11878670450356221,-0.005432728865229127
1,0.12164447607044979,-0.0042645004752465574
1,0.12450224763733736,-0.0030939136151683683
1,0.12736001920422493,-0.0019215038693457572
1,0.1302177907711125,-0.0007477864005061567
1,0.13307556233800005,0.0004267430688657256
1,0.13593333390488765,0.0016016073358945929
1,0.13879110547177523,0.002776346852729306
1,0.1416488770386628,0.003950518913940238
1,0.14450664860555038,0.005123696891954476
1,0.14736442017243795,0.00629546951714111
1,0.1502221917393255,0.007465440199298715
1,0.15307996330621307,0.008633226387656753
1,0.15593773487310064,0.009798458966690054
1,0.15879550643998824,0.010960781685333617
1,0.1616532780068758,0.012119850617280476
1,0.1645110495737634,0.013275333650359555
1,0.16736882114065094,0.014426910003010442
1,0.1702265927075385,0.015574269766144766
1,0.17308436427442608,0.016717113468744237
1,0.17594213584131366,0.017855151665698548
1,0.17879990740820123,0.018988104546486192
1,0.1816576789750888,0.020115701563417365
1,0.18451545054197638,0.021237681078248798
1,0.18737322210886398,0.022353790026051774
1,0.19023099367575153,0.02346378359531817
1,0.19308876524263907,0.024567424923339652
1,0.19594653680952667,0.025664484805977498
1,0.19880430837641425,0.02675474142100477
1,0.20166207994330182,0.027837980064206635
1,0.2045198515101894,0.028913992897607488
1,0.20737762307707697,0.029982578709046512
1,0.2102353946439645,0.031043542682560148
1,0.21309316621085211,0.0320966961789481
1,0.21595093777773966,0.03314185652597523
1,0.21880870934462723,0.034178846817714416
1,0.22166648091151483,0.035207495722525024
1,0.22452425247840238,0.03622763729924513
1,0.22738202404528998,0.03723911082114997
1,0.23023979561217753,0.03824176060729055
1,0.23309756717906513,0.03923543586085906
1,0.23595533874595268,0.04021999051417862
1,0.23881311031284022,0.04119528308005465
1,0.24167088187972785,0.0421611765091345
1,0.2445286534466154,0.043117538052978466
1,0.247386425013503,0.04406423913261504
1,0.25024419658039054,0.04500115521226191
1,0.25310196814727814,0.04592816567801258
1,0.2559597397141657,0.04684515372124098
1,0.25881751128105324,0.047752006226494
1,0.26167528284794084,0.04864861366370293
1,0.2645330544148284,0.0495348699844735
1,0.267390825981716,0.05041067252230926
1,0.27024859754860353,0.051275921896562944
1,0.27310636911549113,0.052130521919992
1,0.2759641406823787,0.0529743795097073
1,0.2788219122492662,0.05380740460141443
1,0.2816796838161538,0.0546295100667829
1,0.2845374553830414,0.05544061163383286
1,0.28739522694992903,0.05624062781017245
1,0.2902529985168165,0.05702947980900623
1,0.2931107700837041,0.057807091477795586
1,0.2959685416505917,0.05857338922942742
1,0.29882631321747927,0.05932830197584769
1,0.30168408478436687,0.060071761064000646
1,0.3045418563512544,0.0608037002140188
1,0.307399627918142,0.0615240554595893
1,0.31025739948502956,0.062232765090356704
1,0.31311517105191716,0.06292976959632646
1,0.3159729426188047,0.06361501161419464
1,0.31883071418569225,0.06428843587550769
1,0.32168848575257986,0.06494998915659428
1,0.3245462573194674,0.06559962023020416
1,0.327404028886355,0.06623727981878265
1,0.33026180045324255,0.06686292054935664
1,0.3331195720201301,0.06747649690990754
1,0.3359773435870177,0.06807796520723676
1,0.33883511515390524,0.06866728352625827
1,0.3416928867207929,0.069244411690633
1,0.34455065828768044,0.06980931122475444
1,0.34740842985456805,0.07036194531699122
1,0.3502662014214556,0.07090227878416447
1,0.35312397298834314,0.07143027803723315
1,0.35598174455523074,0.07194591104810516
1,0.3588395161221183,0.0724491473175766
1,0.3616972876890059,0.0729399578443495
1,0.36455505925589343,0.07341831509508837
1,0.36741283082278103,0.0738841929754841
1,0.3702706023896686,0.0743375668023013
1,0.3731283739565561,0.07477841327635687
1,0.3759861455234437,0.07520671045643697
1,0.3788439170903313,0.0756224377340989
1,0.3817016886572189,0.07602557580931914
1,0.3845594602241064,0.0764161066669959
1,0.387417231790994,0.07679401355426045
1,0.39027500335788157,0.07715928095857995
1,0.3931327749247691,0.07751189458662044
1,0.3959905464916567,0.07785184134385677
1,0.39884831805854426,0.07817910931491935
1,0.4017060896254319,0.07849368774462738
1,0.40456386119231946,0.07879556701972183
1,0.40742163275920706,0.07908473865125971
1,0.4102794043260946,0.07936119525767482
1,0.41313717589298216,0.07962493054843255
1,0.41599494745986976,0.07987593930836157
1,0.4188527190267573,0.0801142173825316
1,0.4217104905936449,0.08033976166176657
1,0.42456826216053245,0.08055257006869945
1,0.42742603372742005,0.08075264154440027
1,0.4302838052943076,0.08093997603556545
1,0.43314157686119514,0.08111457448221822
1,0.43599934842808274,0.08127643880596021
1,0.4388571199949703,0.08142557189871799
1,0.4417148915618579,0.08156197761200185
1,0.44457266312874544,0.08168566074666114
1,0.44743043469563304,0.08179662704310774
1,0.4502882062625206,0.08189488317204541
1,0.45314597782940813,0.08198043672562759
1,0.4560037493962958,0.082053296209101
1,0.45886152096318333,0.08211347103288669
1,0.46171929253007093,0.08216097150511013
1,0.4645770640969585,0.08219580882455978
1,0.4674348356638461,0.08221799507408481
1,0.47029260723073363,0.08222754321441528
1,0.4731503787976212,0.08222446707837845
1,0.4760081503645088,0.08220878136555539
1,0.4788659219313964,0.0821805016373329
1,0.48172369349828387,0.0821396443123518
1,0.48458146506517147,0.0820862266623626
1,0.48743923663205907,0.08202026680845682
1,0.49029700819894656,0.08194178371771588
1,0.49315477976583416,0.08185079720021618
1,0.49601255133272176,0.08174732790644697
1,0.49887032289960936,0.08163139732506526
1,0.5017280944664969,0.08150302778108388
1,0.5045858660333845,0.08136224243438836
1,0.5074436376002721,0.0812090652786442
1,0.5103014091671596,0.08104352114058545
1,0.5131591807340472,0.08086563567964128
1,0.5160169523009348,0.08067543538799128
1,0.5188747238678224,0.08047294759090708
1,0.52173249543471,0.08025820044753755
1,0.5245902670015975,0.08003122295201495
1,0.5274480385684851,0.07979204493495241
1,0.5303058101353726,0.0795406970652877
1,0.5331635817022603,0.07927721085251833
1,0.5360213532691478,0.0790016186492974
1,0.5388791248360354,0.07871395365438495
1,0.5417368964029229,0.07841424991600415
1,0.5445946679698106,0.07810254233553267
1,0.5474524395366981,0.07777886667160777
1,0.5503102111035857,0.07744325954458238
1,0.5531679826704732,0.077095758441375
1,0.5560257542373608,0.0767364017206954
1,0.5588835258042484,0.07636522861866911
1,0.561741297371136,0.07598227925485053
1,0.5645990689380235,0.0755875946386235
1,0.5674568405049111,0.07518121667599813
1,0.5703146120717986,0.07476318817683364
1,0.5731723836386863,0.07433355286244032
1,0.5760301552055738,0.07389235537362598
1,0.5788879267724614,0.07343964127913423
1,0.5817456983393489,0.07297545708452592
1,0.5846034699062366,0.07249985024149216
1,0.5874612414731241,0.07201286915759342
1,0.5903190130400118,0.07151456320645863
1,0.5931767846068992,0.07100498273842955
1,0.5960345561737869,0.07048417909167433
1,0.5988923277406745,0.06995220460376123
1,0.6017500993075621,0.06940911262371086
1,0.6046078708744496,0.0688549575245561
1,0.6074656424413372,0.06828979471636558
1,0.6103234140082247,0.06771368065981248
1,0.6131811855751124,0.0671266728802219
1,0.6160389571419999,0.06652882998219324
1,0.6188967287088875,0.06592021166471189
1,0.621754500275775,0.06530087873687072
1,0.6246122718426627,0.06467089313410562
1,0.6274700434095501,0.0640303179350488
1,0.6303278149764378,0.06337921737894998
1,0.6331855865433252,0.06271765688373601
1,0.6360433581102128,0.06204570306464897
1,0.6389011296771004,0.06136342375358169
1,0.641758901243988,0.06067088801901375
1,0.6446166728108755,0.05996816618666254
1,0.6474744443777631,0.059255329860803854
1,0.6503322159446506,0.058532451946313784
1,0.6531899875115383,0.05779960667143912
1,0.6560477590784258,0.057056869611313996
1,0.6589055306453134,0.05630431771226664
1,0.6617633022122009,0.05554202931690444
1,0.6646210737790885,0.05477008419002247
1,0.6674788453459761,0.05398856354536482
1,0.6703366169128637,0.053197550073254225
1,0.6731943884797512,0.052397127969107754
1,0.6760521600466388,0.05158738296289115
1,0.6789099316135264,0.050768402349522394
1,0.681767703180414,0.049940275020254436
1,0.6846254747473015,0.04910309149508734
1,0.6874832463141891,0.048256943956225595
1,0.6903410178810766,0.047401926282607525
1,0.6931987894479643,0.04653813408558346
1,0.6960565610148518,0.045665664745730604
1,0.6989143325817395,0.04478461745087852
1,0.7017721041486269,0.0438950932353749
1,0.7046298757155146,0.0429971950206301
1,0.7074876472824022,0.04209102765701132
1,0.7103454188492898,0.04117669796708805
1,0.7132031904161773,0.04025431479033138
1,0.7160609619830649,0.0393239890292733
1,0.7189187335499524,0.038385833697221435
1,0.7217765051168401,0.037439963967554314
1,0.7246342766837276,0.03648649722466881
1,0.7274920482506152,0.03552555311665429
1,0.7303498198175027,0.03455725360973959
1,0.7332075913843904,0.033581723044598145
1,0.7360653629512779,0.032599088194571454
1,0.7389231345181655,0.031609478325902614
1,0.741780906085053,0.03061302526004087
1,0.7446386776519406,0.029609863438116682
1,0.7474964492188282,0.0286001299876703
1,0.7503542207857158,0.027583964791727606
1,0.7532119923526033,0.026561510560321897
1,0.7560697639194909,0.025532912904546116
1,0.7589275354863784,0.024498320413297404
1,0.7617853070532661,0.02345788473274305
1,0.7646430786201536,0.022411760648713818
1,0.7675008501870412,0.02136010617210053
1,0.7703586217539287,0.02030308262738246
1,0.7732163933208164,0.019240854744470032
1,0.7760741648877039,0.018173590753966153
1,0.7789319364545915,0.01710146248602934
1,0.781789708021479,0.01602464547298854
1,0.7846474795883666,0.014943319055892024
1,0.7875052511552542,0.013857666495165745
1,0.7903630227221418,0.012767875085599888
1,0.7932207942890293,0.011674136275831823
1,0.7960785658559169,0.010576645792566883
1,0.7989363374228043,0.009475603769776249
1,0.8017941089896921,0.008371214883087768
1,0.8046518805565795,0.007263688489660079
1,0.8075096521234671,0.006153238773792856
1,0.8103674236903546,0.005040084898560658
1,0.8132251952572425,0.0039244511638204535
1,0.81608296682413,0.0028065671708725538
1,0.8189407383910176,0.0016866679941427234
1,0.821798509957905,0.0005649943602823682
1,0.8246562815247926,-0.0005582071649589169
1,0.8275140530916802,-0.0016826839816304826
1,0.8303718246585678,-0.002808177251811511
1,0.8332295962254553,-0.003934421686709178
1,0.8360873677923429,-0.005061145324068872
1,0.8389451393592304,-0.006188069295418646
1,0.8418029109261181,-0.007314907582462034
1,0.8446606824930056,-0.008441366762108753
1,0.8475184540598932,-0.009567145739372214
1,0.8503762256267807,-0.010691935467475698
1,0.8532339971936684,-0.011815418654380499
1,0.8560917687605559,-0.01293726945488474
1,0.8589495403274435,-0.014057153147446568
1,0.861807311894331,-0.015174725794744088
1,0.8646650834612186,-0.016289633886963154
1,0.8675228550281062,-0.01740151396668125
1,0.8703806265949938,-0.018509992234192335
1,0.8732383981618813,-0.019614684131936372
1,0.8760961697287689,-0.020715193906703778
1,0.8789539412956564,-0.021811114148045627
1,0.8818117128625441,-0.022902025301307107
1,0.8846694844294316,-0.023987495153513387
1,0.8875272559963192,-0.025067078290188134
1,0.8903850275632067,-0.026140315521017983
1,0.8932427991300944,-0.027206733272146278
1,0.8961005706969819,-0.02826584294259061
1,0.8989583422638695,-0.029317140222155588
1,0.901816113830757,-0.03036010436787534
1,0.9046738853976446,-0.031394197435844554
1,0.9075316569645322,-0.03241886346492011
1,0.9103894285314198,-0.03343352760847064
1,0.9132472000983073,-0.03443759521001981
1,0.9161049716651949,-0.03543045081813421
1,0.9189627432320824,-0.03641145713553409
1,0.9218205147989702,-0.03737995389683071
1,0.9246782863658577,-0.038335256668738805
1,0.9275360579327453,-0.03927665556596178
1,0.9303938294996328,-0.040203413875223505
1,0.9332516010665205,-0.04111476657910223
1,0.936109372633408,-0.042009918770346995
1,0.9389671442002956,-0.042888043946400924
1,0.9418249157671831,-0.043748282172568154
1,0.9446826873340707,-0.044589738100937346
1,0.9475404589009583,-0.04541147883067424
1,0.9503982304678459,-0.04621253159344639
1,0.9532560020347334,-0.04699188124577201
1,0.956113773601621,-0.0477484675477663
1,0.9589715451685085,-0.04848118220501555
1,0.9618293167353962,-0.049188865647285814
1,0.9646870883022837,-0.04987030351413022
1,0.9675448598691713,-0.050524222813293204
1,0.9704026314360588,-0.05114928771293953
1,0.9732604030029464,-0.051744094923045776
1,0.976118174569834,-0.052307168614535354
1,0.9789759461367216,-0.052836954816894835
1,0.981833717703609,-0.05333181522557342
1,0.9846914892704967,-0.0537900203393745
1,0.9875492608373843,-0.054209741834700086
1,0.9904070324042719,-0.054589044067559545
1,0.9932648039711593,-0.05492587457496063
1,0.9961225755380471,-0.055218053423928805
1,0.9989803471049344,-0.05546326122797143
1,1.0018381186718222,-0.05565902561580705
1,1.0046958902387098,-0.05580270589417298
1,1.0075536618055974,-0.055891475592984394
1,1.010411433372485,-0.055922302514257706
1,1.0132692049393726,-0.05589192582192542
1,1.01612697650626,-0.05579682960276519
1,1.0189847480731475,-0.055633212191567624
1,1.0218425196400351,-0.055396950376731334
1,1.0247002912069227,-0.05508355737144423
1,1.0275580627738103,-0.05468813313082712
1,1.030415834340698,-0.0542053051890064
1,1.0332736059075853,-0.05362915764071485
1,1.0361313774744731,-0.05295314513990306
1,1.0389891490413605,-0.05216998774198507
1,1.0418469206082481,-0.05127154093833182
1,1.0447046921751357,-0.050248633104044545
1,1.0475624637420233,-0.049090859454773705
1,1.050420235308911,-0.04778631691181923
1,1.0532780068757985,-0.046321257032987104
1,1.056135778442686,-0.044679622669515105
1,1.0589935500095735,-0.04284241513259263
1,1.0618513215764611,-0.04078680642624489
1,1.0647090931433487,-0.03848485350020238
1,1.0675668647102363,-0.03590156269635285
1,1.070424636277124,-0.03299183288476391
1,1.0732824078440113,-0.029695323262352087
1,1.0761401794108991,-0.0259271099157438
1,1.0789979509777865,-0.021558637156125816
1,1.081855722544674,-0.01637159493536928
1,1.0847134941115617,-0.009906247739074808
1,1.0875712656784493,4.828719639556228e-7
2,-0.057193396226415096,-0.003488627678094984
2,-0.05428118313928661,-0.012565477247498366
2,-0.05136897005215811,-0.01826531536134288
2,-0.048456756965029615,-0.022719475405353705
2,-0.04554454387790113,-0.026380893071457877
2,-0.04263233079077264,-0.029464611731816925
2,-0.03972011770364414,-0.0320972324165936
2,-0.036807904616515646,-0.03436236117294357
2,-0.033895691529387165,-0.03631937901018948
2,-0.03098347844225867,-0.03801264873165636
2,-0.028071265355130173,-0.03947657218119602
2,-0.02515905226800168,-0.0407386025231804
2,-0.02224683918087319,-0.04182115161326479
2,-0.019334626093744707,-0.04274285706093406
2,-0.01642241300661621,-0.04351945712451276
2,-0.013510199919487716,-0.04416441439203183
2,-0.01059798683235922,-0.04468937244154584
2,-0.007685773745230738,-0.045104497919588246
2,-0.0047735606581022424,-0.04541874187580062
2,-0.0018613475709737468,-0.04564004286286732
2,0.001050865516154742,-0.04577548717498971
2,0.003963078603283238,-0.04583143697034826
2,0.0068752916904117264,-0.04581363394325606
2,0.009787504777540229,-0.04572728411531882
2,0.012699717864668718,-0.04557712785838753
2,0.015611930951797193,-0.04536749823150843
2,0.01852414403892569,-0.0451023699729318
2,0.021436357126054184,-0.04478540094681395
2,0.02434857021318268,-0.04441996744383169
2,0.02726078330031117,-0.04400919443441839
2,0.030172996387439664,-0.043555981645908216
2,0.03308520947456816,-0.04306302616016517
2,0.03599742256169665,-0.042532842093479226
2,0.038909635648825144,-0.041967777814910595
2,0.041821848735953626,-0.04137003107636973
2,0.04473406182308212,-0.04074166236166226
2,0.04764627491021061,-0.0400846067091116
2,0.0505584879973391,-0.03940068421984419
2,0.053470701084467595,-0.03869160942942737
2,0.05638291417159609,-0.03795899969248696
2,0.059295127258724586,-0.03720438270686824
2,0.062207340345853075,-0.03642920328494576
2,0.06511955343298156,-0.03563482946388224
2,0.06803176652011006,-0.034822558033581724
2,0.07094397960723854,-0.03399361955004062
2,0.07385619269436702,-0.03314918289258545
2,0.07676840578149555,-0.032290359415643684
2,0.07968061886862403,-0.03141820673921119
2,0.08259283195575254,-0.030533732216345047
2,0.085505045042881,-0.02963789611139367
2,0.08841725813000949,-0.028731614518469974
2,0.091329471217138,-0.027815762046123325
2,0.09424168430426648,-0.026891174291136796
2,0.09715389739139499,-0.02595865012173449
2,0.10006611047852346,-0.02501895378816384
2,0.10297832356565198,-0.024072816876652584
2,0.10589053665278045,-0.023120940120935532
2,0.10880274973990894,-0.022163995084121337
2,0.11171496282703744,-0.021202625722240222
2,0.11462717591416592,-0.020237449839661754
2,0.11753938900129443,-0.01926906044557036
2,0.1204516020884229,-0.01829802701971482
2,0.12336381517555141,-0.017324896694902937
2,0.1262760282626799,-0.016350195362898834
2,0.12918824134980839,-0.015374428709872122
2,0.13210045443693688,-0.014398083186826765
2,0.13501266752406538,-0.013421626920072384
2,0.13792488061119387,-0.012445510566234844
2,0.14083709369832234,-0.011470168115974625
2,0.14374930678545084,-0.010496017650154272
2,0.14666151987257933,-0.009523462051950673
2,0.14957373295970783,-0.008552889677963879
2,0.15248594604683632,-0.007584674991329293
2,0.15539815913396482,-0.006619179159386921
2,0.1583103722210933,-0.005656750618336647
2,0.1612225853082218,-0.004697725607167934
2,0.16413479839535028,-0.00374242867285213
2,0.1670470114824788,-0.0027911731487171927
2,0.16995922456960727,-0.001844261607736263
2,0.17287143765673577,-0.0009019862923403941
2,0.17578365074386426,3.537047775552124e-5
2,0.17869586383099273,0.0009675359183493356
2,0.18160807691812125,0.0018942464128953044
2,0.18452029000524972,0.002815247162799121
2,0.18743250309237824,0.0037302918548161607
2,0.1903447161795067,0.0046391423444626535
2,0.19325692926663524,0.00554156835457285
2,0.1961691423537637,0.006437347188083387
2,0.19908135544089217,0.007326263454228836
2,0.2019935685280207,0.008208108807388863
2,0.20490578161514916,0.009082681697893379
2,0.2078179947022777,0.009949787134097667
2,0.21073020778940618,0.010809236455125685
2,0.21364242087653462,0.011660847113693992
2,0.21655463396366315,0.012504442468470652
2,0.21946684705079167,0.013339851585494852
2,0.22237906013792016,0.014166909048112136
2,0.2252912732250486,0.014985454775077298
2,0.22820348631217713,0.015795333846305572
2,0.23111569939930562,0.016596396335964467
2,0.23402791248643406,0.01738849715247935
2,0.2369401255735626,0.01817149588514672
2,0.23985233866069108,0.0189452566570037
2,0.2427645517478196,0.01970964798364732
2,0.24567676483494805,0.020464542637754605
2,0.24858897792207654,0.021209817518957907
2,0.2515011910092051,0.021945353528899442
2,0.2544134040963335,0.02267103545117933
2,0.25732561718346203,0.02338675183595411
2,0.26023783027059055,0.024092394889016516
2,0.263150043357719,0.024787860365117646
2,0.2660622564448475,0.025473047465353744
2,0.268974469531976,0.026147858738435288
2,0.2718866826191045,0.026812199985656076
2,0.274798895706233,0.02746598016941133
2,0.27771110879336147,0.02810911132510018
2,0.28062332188049,0.028741508476284636
2,0.28353553496761846,0.029363089552943256
2,0.28644774805474693,0.02997377531269307
2,0.28935996114187545,0.03057348926487182
2,0.2922721742290039,0.031162157597350183
2,0.29518438731613245,0.031739709105956915
2,0.2980966004032609,0.03230607512640693
2,0.30100881349038944,0.03286118946865972
2,0.3039210265775179,0.033404988353574944
2,0.30683323966464643,0.03393741035178831
2,0.3097454527517749,0.03445839632473399
2,0.31265766583890336,0.03496788936771015
2,0.3155698789260319,0.035465834754905154
2,0.31848209201316036,0.03595217988634124
2,0.3213943051002889,0.03642687423663028
2,0.32430651818741735,0.03688986930548097
2,0.32721873127454587,0.03734111856991864
2,0.33013094436167434,0.037780577438087784
2,0.3330431574488028,0.03820820320467873
2,0.33595537053593133,0.038623955007836705
2,0.3388675836230598,0.03902779378751947
2,0.34177979671018827,0.039419682245294185
2,0.3446920097973168,0.03979958480544674
2,0.3476042228844453,0.040167467577450565
2,0.3505164359715738,0.0405232983196641
2,0.35342864905870225,0.040867046404262065
2,0.3563408621458308,0.04119868278335144
2,0.3592530752329593,0.041518179956220855
2,0.3621652883200877,0.04182551193770179
2,0.36507750140721623,0.042120654227590565
2,0.36798971449434476,0.04240358378111013
2,0.3709019275814732,0.04267427898036809
2,0.3738141406686017,0.042932719606775915
2,0.3767263537557302,0.04317888681443788
2,0.37963856684285874,0.0434127631044014
2,0.38255077992998715,0.043634332299838464
2,0.3854629930171157,0.04384357952203931
2,0.3883752061042442,0.04404049116728364
2,0.39128741919137267,0.04422505488446491
2,0.39419963227850113,0.044397259553549215
2,0.39711184536562966,0.04455709526475346
2,0.4000240584527581,0.044704553298488464
2,0.4029362715398866,0.04483962610601015
2,0.4058484846270151,0.044962307290778214
2,0.40876069771414364,0.04507259159048258
2,0.4116729108012721,0.04517047485974395
2,0.4145851238884006,0.04525595405346121
2,0.4174973369755291,0.0453290272107797
2,0.42040955006265757,0.04538969343967175
2,0.42332176314978603,0.04543795290213046
2,0.42623397623691456,0.0454738067999421
2,0.4291461893240431,0.04549725736100937
2,0.43205840241117155,0.045508307826262286
2,0.4349706154983,0.045506962437089536
2,0.43788282858542854,0.04549322642332678
2,0.440795041672557,0.0454671059917347
2,0.44370725475968553,0.04542860831502787
2,0.446619467846814,0.045377741521355285
2,0.4495316809339425,0.045314514684312586
2,0.452443894021071,0.045238937813415286
2,0.45535610710819946,0.04515102184505644
2,0.458268320195328,0.045050778633900314
2,0.46118053328245645,0.044938220944763206
2,0.464092746369585,0.04481336244492049
2,0.46700495945671344,0.044676217696863196
2,0.469917172543842,0.04452680215148713
2,0.47282938563097043,0.04436513214170769
2,0.4757415987180989,0.044191224876481625
2,0.4786538118052275,0.04400509843527397
2,0.4815660248923559,0.04380677176289973
2,0.48447823797948436,0.043596264664794174
2,0.48739045106661294,0.04337359780267934
2,0.49030266415374135,0.04313879269060829
2,0.4932148772408698,0.042891871691414
2,0.4961270903279984,0.042632858013561745
2,0.49903930341512687,0.04236177570834183
2,0.5019515165022554,0.04207864966748748
2,0.5048637295893839,0.04178350562114714
2,0.5077759426765123,0.04147637013623155
2,0.5106881557636409,0.04115727061514814
2,0.5136003688507693,0.04082623529488995
2,0.5165125819378977,0.04048329324650714
2,0.5194247950250264,0.04012847437493768
2,0.5223370081121548,0.039761809419221084
2,0.5252492211992832,0.03938332995305095
2,0.5281614342864118,0.038993068385720586
2,0.5310736473735402,0.038591057963417184
2,0.5339858604606689,0.03817733277090055
2,0.5368980735477973,0.03775192773352222
2,0.5398102866349258,0.03731487861963286
2,0.5427224997220543,0.03686622204334743
2,0.5456347128091827,0.03640599546769075
2,0.5485469258963112,0.0359342372080982
2,0.5514591389834398,0.035450986436294164
2,0.5543713520705682,0.034956283184566075
2,0.5572835651576967,0.03445016835037303
2,0.5601957782448252,0.033932683701373055
2,0.5631079913319538,0.033403871880822646
2,0.5660202044190821,0.032863776413354445
2,0.5689324175062107,0.03231244171114445
2,0.5718446305933391,0.03174991308048623
2,0.5747568436804678,0.031176236728754667
2,0.5776690567675962,0.03059145977177473
2,0.5805812698547247,0.029995630241587558
2,0.5834934829418532,0.02938879709465415
2,0.5864056960289817,0.028771010220449977
2,0.58931790911611,0.028142320450499587
2,0.5922301222032387,0.027502779567849918
2,0.5951423352903671,0.02685244031696317
2,0.5980545483774956,0.026191356414050567
2,0.6009667614646241,0.02551958255789895
2,0.6038789745517527,0.02483717444111001
2,0.6067911876388811,0.02414418876183734
2,0.6097034007260096,0.023440683235980656
2,0.612615613813138,0.02272671660989428
2,0.6155278269002666,0.02200234867356635
2,0.618440039987395,0.02126764027432597
2,0.6213522530745236,0.02052265333103839
2,0.6242644661616521,0.019767450848867277
2,0.6271766792487806,0.01900209693454793
2,0.6300888923359089,0.018226656812223584
2,0.6330011054230376,0.017441196839858238
2,0.635913318510166,0.016645784526198196
2,0.6388255315972945,0.015840488548360933
2,0.641737744684423,0.015025378770008925
2,0.6446499577715515,0.014200526260161418
2,0.64756217085868,0.013366003312632177
2,0.6504743839458086,0.012521883466125872
2,0.6533865970329369,0.011668241525027457
2,0.6562988101200654,0.010805153580840861
2,0.6592110232071939,0.00993269703438771
2,0.6621232362943225,0.009050950618701113
2,0.665035449381451,0.008159994422675388
2,0.6679476624685795,0.0072599099155136945
2,0.6708598755557079,0.006350779971937632
2,0.6737720886428364,0.0054326888982358665
2,0.6766843017299649,0.004505722459155275
2,0.6795965148170934,0.003569967905652509
2,0.6825087279042219,0.0026255140035423875
2,0.6854209409913504,0.0016724510630935954
2,0.6883331540784788,0.0007108709695424625
2,0.6912453671656075,-0.0002591327853805344
2,0.6941575802527358,-0.0012374650709338643
2,0.6970697933398643,-0.0022240290837568103
2,0.6999820064269928,-0.003218726313235788
2,0.7028942195141213,-0.004221456505684476
2,0.7058064326012498,-0.005232117627425403
2,0.7087186456883784,-0.006250605826633733
2,0.7116308587755068,-0.007276815393943709
2,0.7145430718626353,-0.008310638721783078
2,0.7174552849497637,-0.009351966262385816
2,0.7203674980368923,-0.010400686484389906
2,0.7232797111240208,-0.011456685828058033
2,0.7261919242111493,-0.01251984865896992
2,0.7291041372982777,-0.013590057220211225
2,0.7320163503854064,-0.014667191582970194
2,0.7349285634725347,-0.015751129595454
2,0.7378407765596632,-0.016841746830130688
2,0.7407529896467917,-0.017938916529149515
2,0.7436652027339202,-0.019042509547942076
2,0.7465774158210486,-0.020152394296878227
2,0.7494896289081773,-0.02126843668094724
2,0.7524018419953057,-0.02239050003732548
2,0.7553140550824342,-0.023518445070807678
2,0.7582262681695626,-0.024652129786984455
2,0.7611384812566911,-0.025791409423058156
2,0.7640506943438197,-0.02693613637622344
2,0.7669629074309482,-0.02808616012951531
2,0.7698751205180766,-0.02924132717498471
2,0.7727873336052052,-0.030401480934121913
2,0.7756995466923337,-0.03156646167538687
2,0.7786117597794621,-0.03273610642871461
2,0.7815239728665906,-0.03391024889690664
2,0.7844361859537191,-0.03508871936370271
2,0.7873483990408475,-0.03627134459843632
2,0.7902606121279762,-0.03745794775710009
2,0.7931728252151046,-0.03864834827964301
2,0.7960850383022331,-0.039842361783356386
2,0.7989972513893615,-0.041039799952145024
2,0.80190946447649,-0.042240470421473844
2,0.8048216775636186,-0.04344417665881652
2,0.8077338906507471,-0.044650717839378136
2,0.8106461037378755,-0.045859888716836404
2,0.8135583168250041,-0.04707147948890171
2,0.8164705299121325,-0.048285275657398916
2,0.8193827429992611,-0.049501057882605434
2,0.8222949560863895,-0.05071860183156777
2,0.825207169173518,-0.05193767802008003
2,0.8281193822606464,-0.05315805164797871
2,0.831031595347775,-0.05437948242743374
2,0.8339438084349035,-0.05560172440383397
2,0.836856021522032,-0.05682452576890294
2,0.8397682346091605,-0.05804762866557333
2,0.8426804476962889,-0.059270768984239226
2,0.8455926607834173,-0.06049367614983925
2,0.848504873870546,-0.061716072899300194
2,0.8514170869576744,-0.06293767504876886
2,0.854329300044803,-0.06415819125007695
2,0.8572415131319314,-0.06537732273577583
2,0.8601537262190599,-0.06659476305209724
2,0.8630659393061884,-0.06781019777911203
2,0.8659781523933169,-0.06902330423731948
2,0.8688903654804453,-0.0702337511798417
2,0.8718025785675739,-0.07144119846931615
2,0.8747147916547023,-0.07264529673857559
2,0.8776270047418309,-0.07384568703404813
2,0.8805392178289594,-0.07504200044075757
2,0.8834514309160878,-0.0762338576878149
2,0.8863636440032162,-0.07742086873300495
2,0.8892758570903448,-0.0786026323251669
2,0.8921880701774733,-0.07977873554279241
2,0.8951002832646018,-0.08094875330731227
2,0.8980124963517303,-0.0821122478691813
2,0.9009247094388588,-0.08326876826498812
2,0.9038369225259872,-0.08441784974340329
2,0.9067491356131158,-0.08555901315777345
2,0.9096613487002442,-0.08669176432290919
2,0.9125735617873728,-0.0878155933333414
2,0.9154857748745012,-0.08892997384019398
2,0.9183979879616297,-0.09003436228345434
2,0.9213102010487583,-0.09112819707613654
2,0.9242224141358868,-0.09221089773658897
2,0.9271346272230151,-0.09328186396467315
2,0.9300468403101437,-0.09434047465729924
2,0.9329590533972721,-0.09538608685817151
2,0.9358712664844007,-0.09641803463629843
2,0.9387834795715292,-0.09743562788695233
2,0.9416956926586577,-0.0984381510484396
2,0.9446079057457861,-0.09942486172706683
2,0.9475201188329146,-0.10039498922196821
2,0.9504323319200431,-0.10134773294055469
2,0.9533445450071717,-0.1022822606942118
2,0.9562567580943001,-0.10319770686278334
2,0.9591689711814286,-0.10409317041493048
2,0.9620811842685572,-0.1049677127699639
2,0.9649933973556857,-0.10582035548495751
2,0.967905610442814,-0.10665007774898014
2,0.9708178235299426,-0.10745581366384081
2,0.973730036617071,-0.10823644928818418
2,0.9766422497041995,-0.10899081941866444
2,0.9795544627913281,-0.10971770407817857
2,0.9824666758784566,-0.11041582467725627
2,0.985378888965585,-0.11108383980950343
2,0.9882911020527136,-0.11172034063657432
2,0.991203315139842,-0.1123238458112681
2,0.9941155282269706,-0.11289279587950579
2,0.9970277413140991,-0.11342554709261615
2,0.9999399544012274,-0.11392036455011995
2,1.002852167488356,-0.11437541458001216
2,1.0057643805754846,-0.11478875624752297
2,1.008676593662613,-0.11515833186407033
2,1.0115888067497414,-0.11548195634479075
2,1.01450101983687,-0.11575730523459792
2,1.0174132329239987,-0.11598190118779877
2,1.0203254460111268,-0.1161530986432213
2,1.0232376590982555,-0.11626806638346773
2,1.026149872185384,-0.11632376759995323
2,1.0290620852725123,-0.11631693700129905
2,1.031974298359641,-0.11624405439564159
2,1.0348865114467696,-0.11610131404076053
2,1.0377987245338978,-0.11588458887875369
2,1.0407109376210264,-0.11558938854141974
2,1.0436231507081548,-0.11521080970790136
2,1.0465353637952832,-0.11474347698998308
2,1.0494475768824119,-0.11418147197165786
2,1.0523597899695405,-0.11351824727797509
2,1.0552720030566687,-0.11274652150320848
2,1.0581842161437973,-0.11185814935162486
2,1.061096429230926,-0.11084395921817425
2,1.0640086423180544,-0.10969354731395055
2,1.0669208554051828,-0.1083950127482573
2,1.0698330684923114,-0.1069346107436233
2,1.0727452815794398,-0.10529628967216087
2,1.0756574946665682,-0.1034610587403562
2,1.0785697077536969,-0.101406100949168
2,1.0814819208408255,-0.099103488400161
2,1.0843941339279537,-0.09651824832771647
2,1.0873063470150823,-0.09360530873957944
2,1.0902185601022107,-0.09030437042060002
2,1.0931307731893392,-0.08653057115134191
2,1.0960429862764678,-0.08215545265111278
2,1.0989551993635964,-0.07696087578662036
2,1.1018674124507246,-0.07048747374384784
2,1.1047796255378532,-0.06057393246234382
3,-0.05718665251739182,-0.0026758251332528677
3,-0.054282192360939126,-0.011765560878279268
3,-0.05137773220448642,-0.017485814949369714
3,-0.048473272048033714,-0.02196261332827481
3,-0.04556881189158102,-0.02564783891297164
3,-0.04266435173512832,-0.02875607433126022
3,-0.03975989157867562,-0.03141367392597408
3,-0.03685543142222292,-0.033704097281337164
3,-0.03395097126577022,-0.035686632853203226
3,-0.031046511109317523,-0.037405582540824364
3,-0.028142050952864817,-0.038895307016074965
3,-0.025237590796412114,-0.04018323112049573
3,-0.02233313063995942,-0.04129174703067451
3,-0.019428670483506723,-0.042239478637818774
3,-0.016524210327054013,-0.04304215467143499
3,-0.01361975017060131,-0.04371323117811265
3,-0.010715290014148615,-0.04426434734739711
3,-0.0078108298576959195,-0.04470566700013048
3,-0.004906369701243217,-0.045046139499226236
3,-0.0020019095447905144,-0.04529370254117594
3,0.0009025506116621881,-0.04545544216771813
3,0.0038070107681148838,-0.04553772072000698
3,0.006711470924567586,-0.045546280385037184
3,0.009615931081020296,-0.045486327892342665
3,0.012520391237472984,-0.04536260446571113
3,0.015424851393925687,-0.045179444106331214
3,0.018329311550378383,-0.044940822544078086
3,0.021233771706831092,-0.044650398653523486
3,0.024138231863283795,-0.04431154973141377
3,0.027042692019736483,-0.0439274017326889
3,0.029947152176189193,-0.04350085533483196
3,0.03285161233264189,-0.04303460852625665
3,0.03575607248909459,-0.0425311762795802
3,0.03866053264554728,-0.041992907765486996
3,0.04156499280199999,-0.041422001479895255
3,0.0444694529584527,-0.04082051859135229
3,0.04737391311490539,-0.04019039476296561
3,0.05027837327135809,-0.039533450660709166
3,0.053182833427810786,-0.03885140132569211
3,0.056087293584263495,-0.03814586455976224
3,0.0589917537407162,-0.03741836845101733
3,0.061896213897168886,-0.0366703581466442
3,0.0648006740536216,-0.03590320196493488
3,0.06770513421007429,-0.035118196925013764
3,0.070609594366527,-0.03431657376209441
3,0.0735140545229797,-0.033499501486627344
3,0.0764185146794324,-0.032668091538010265
3,0.0793229748358851,-0.03182340157693112
3,0.08222743499233778,-0.030966438954765044
3,0.08513189514879048,-0.030098163893645797
3,0.0880363553052432,-0.02921949240674495
3,0.09094081546169588,-0.028331298984646897
3,0.09384527561814858,-0.02743441907089558
3,0.0967497357746013,-0.02652965134676725
3,0.09965419593105398,-0.02561775984346386
3,0.1025586560875067,-0.0246994758975483
3,0.1054631162439594,-0.023775499963921892
3,0.10836757640041209,-0.022846503299086666
3,0.1112720365568648,-0.021913129525994487
3,0.11417649671331748,-0.02097599609074364
3,0.1170809568697702,-0.020035695620250517
3,0.1199854170262229,-0.019092797189172766
3,0.12288987718267558,-0.0181478475034818
3,0.12579433733912831,-0.017201372007423228
3,0.128698797495581,-0.016253875919957802
3,0.13160325765203368,-0.015305845206152963
3,0.1345077178084864,-0.014357747488550848
3,0.1374121779649391,-0.013410032903057896
3,0.14031663812139178,-0.0124631349034737
3,0.1432210982778445,-0.011517471018462176
3,0.1461255584342972,-0.010573443564378025
3,0.1490300185907499,-0.009631440317135538
3,0.1519344787472026,-0.008691835145952556
3,0.1548389389036553,-0.007754988611690893
3,0.157743399060108,-0.006821248532122428
3,0.1606478592165607,-0.00589095051644714
3,0.1635523193730134,-0.004964418471030527
3,0.1664567795294661,-0.004041965078323337
3,0.1693612396859188,-0.0031238922506505225
3,0.1722656998423715,-0.0022104915605066578
3,0.1751701599988242,-0.0013020446488382087
3,0.1780746201552769,-0.00039882361268927716
3,0.1809790803117296,0.0004989086265311454
3,0.1838835404681823,0.0013908979729418199
3,0.18678800062463502,0.0022768988232071334
3,0.1896924607810877,0.0031566737495919623
3,0.19259692093754038,0.004029993198187412
3,0.19550138109399312,0.0048966352013434244
3,0.1984058412504458,0.005756385103563554
3,0.20131030140689848,0.0066090353000577565
3,0.20421476156335122,0.0074543849872651426
3,0.20711922171980388,0.008292239924648398
3,0.21002368187625664,0.009122412207188178
3,0.21292814203270932,0.009944720047959594
3,0.215832602189162,0.010758987570256357
3,0.2187370623456147,0.011565044608782974
3,0.2216415225020674,0.012362726519389824
3,0.22454598265852008,0.013151873996949484
3,0.2274504428149728,0.013932332900944332
3,0.23035490297142552,0.01470395408834722
3,0.2332593631278782,0.015466593253471087
3,0.23616382328433091,0.016220110774402358
3,0.2390682834407836,0.016964371565709468
3,0.2419727435972363,0.01769924493712704
3,0.244877203753689,0.018424604457905294
3,0.24778166391014167,0.01914032782656823
3,0.2506861240665944,0.019846296745835493
3,0.25359058422304714,0.020542396802420863
3,0.2564950443794998,0.02122851735153737
3,0.2593995045359525,0.021904551405858466
3,0.2623039646924052,0.022570395528723714
3,0.26520842484885787,0.02322594973142991
3,0.2681128850053106,0.023871117374392844
3,0.27101734516176335,0.024505805072033943
3,0.273921805318216,0.025129922601201
3,0.2768262654746687,0.025743382812997404
3,0.2797307256311214,0.026346101547845432
3,0.2826351857875741,0.026937997553665927
3,0.2855396459440268,0.027518992407052943
3,0.28844410610047955,0.028089010437256375
3,0.29134856625693223,0.02864797865293857
3,0.2942530264133849,0.029195826671541605
3,0.2971574865698376,0.029732486651166023
3,0.30006194672629033,0.03025789322484163
3,0.302966406882743,0.030771983437174757
3,0.3058708670391957,0.031274696683133735
3,0.30877532719564843,0.03176597464905466
3,0.3116797873521011,0.032245761255643976
3,0.31458424750855385,0.032714002602974475
3,0.31748870766500653,0.0331706469173867
3,0.3203931678214592,0.03361564450020226
3,0.3232976279779119,0.03404894767819928
3,0.3262020881343646,0.03447051075579661
3,0.3291065482908173,0.03488028996884544
3,0.33201100844727005,0.03527824344000261
3,0.33491546860372273,0.035664331135620425
3,0.3378199287601754,0.036038514824089686
3,0.3407243889166281,0.036400758035593055
3,0.3436288490730808,0.03675102602321991
3,0.34653330922953357,0.03708928572539357
3,0.34943776938598625,0.03741550572956644
3,0.35234222954243893,0.037729656237114835
3,0.3552466896988916,0.03803170902945655
3,0.3581511498553443,0.03832163743529335
3,0.361055610011797,0.03859941629893141
3,0.3639600701682497,0.0388650219497187
3,0.36686453032470245,0.03911843217248823
3,0.36976899048115514,0.039359626178997305
3,0.3726734506376078,0.03958858458036216
3,0.3755779107940605,0.03980528936041168
3,0.37848237095051324,0.04000972384996483
3,0.3813868311069659,0.04020187270197113
3,0.3842912912634186,0.040381721867541936
3,0.38719575141987134,0.04054925857277751
3,0.390100211576324,0.040704471296427236
3,0.39300467173277676,0.04084734974831691
3,0.39590913188922944,0.04097788484855041
3,0.3988135920456821,0.0410960687074416
3,0.4017180522021348,0.041201894606174315
3,0.4046225123585875,0.04129535697815525
3,0.4075269725150402,0.04137645139104879
3,0.41043143267149296,0.04144517452949364
3,0.41333589282794564,0.0415015241784205
3,0.4162403529843983,0.041545499207074475
3,0.419144813140851,0.04157709955356059
3,0.4220492732973037,0.04159632621006473
3,0.4249537334537564,0.04160318120861821
3,0.42785819361020916,0.041597667607461836
3,0.43076265376666184,0.041579789477924484
3,0.4336671139231145,0.04154955189189356
3,0.4365715740795672,0.04150696090978828
3,0.4394760342360199,0.0414520235690793
3,0.4423804943924726,0.04138474787328874
3,0.44528495454892536,0.041305142781523675
3,0.44818941470537804,0.04121321819847194
3,0.4510938748618307,0.04110898496489846
3,0.4539983350182834,0.04099245484860007
3,0.4569027951747361,0.04086364053583554
3,0.4598072553311888,0.04072255562320631
3,0.4627117154876415,0.04056921460998433
3,0.46561617564409424,0.04040363289086958
3,0.4685206358005469,0.04022582674920786
3,0.47142509595699955,0.040035813350606096
3,0.4743295561134524,0.03983361073699469
3,0.4772340162699051,0.0396192378210738
3,0.48013847642635776,0.03939271438120851
3,0.48304293658281044,0.03915406105668643
3,0.4859473967392631,0.03890329934340865
3,0.48885185689571586,0.03864045158996364
3,0.49175631705216855,0.038365540994083305
3,0.4946607772086212,0.0380785915994995
3,0.4975652373650739,0.03777962829318631
3,0.5004696975215266,0.03746867680296833
3,0.5033741576779793,0.03714576369551707
3,0.506278617834432,0.03681091637472865
3,0.5091830779908847,0.03646416308046193
3,0.5120875381473374,0.036105532887657
3,0.5149919983037902,0.035735055705820716
3,0.5178964584602429,0.0353527622788809
3,0.5208009186166955,0.03495868418541457
3,0.5237053787731483,0.03455285383922135
3,0.526609838929601,0.0341353044902991
3,0.5295142990860536,0.0337060702261417
3,0.5324187592425065,0.03326518597344977
3,0.535323219398959,0.03281268750017343
3,0.5382276795554118,0.03234861141793504
3,0.5411321397118645,0.0318729951848106
3,0.5440365998683172,0.03138587710851285
3,0.5469410600247698,0.030887296349887423
3,0.5498455201812226,0.030377292926854465
3,0.5527499803376752,0.029855907718653457
3,0.5556544404941279,0.0293231824705188
3,0.5585589006505807,0.028779159798704903
3,0.5614633608070334,0.028223883195921434
3,0.564367820963486,0.02765739703711127
3,0.5672722811199388,0.02707974658567565
3,0.5701767412763914,0.0264909780000509
3,0.5730812014328442,0.02589113834068754
3,0.5759856615892969,0.02528027557745667
3,0.5788901217457496,0.024658438597445455
3,0.5817945819022022,0.02402567721316524
3,0.584699042058655,0.023382042171188677
3,0.5876035022151076,0.02272758516120031
3,0.5905079623715604,0.02206235882549385
3,0.5934124225280131,0.021386416768880468
3,0.5963168826844658,0.020699813569088114
3,0.5992213428409184,0.02000260478755378
3,0.6021258029973712,0.019294846980733783
3,0.6050302631538239,0.018576597711839584
3,0.6079347233102765,0.01784791556308547
3,0.6108391834667293,0.017108860148394196
3,0.613743643623182,0.016359492126619163
3,0.6166481037796346,0.015599873215266081
3,0.6195525639360875,0.014830066204731707
3,0.62245702409254,0.014050134973081144
3,0.6253614842489928,0.013260144501341763
3,0.6282659444054454,0.01246016088938682
3,0.6311704045618982,0.011650251372348513
3,0.6340748647183508,0.010830484337638622
3,0.6369793248748036,0.010000929342534432
3,0.6398837850312563,0.00916165713240558
3,0.6427882451877089,0.008312739659534005
3,0.6456927053441617,0.007454250102592339
3,0.6485971655006143,0.006586262886770255
3,0.651501625657067,0.0057088537045800304
3,0.6544060858135199,0.004822099537337705
3,0.6573105459699724,0.003926078677380609
3,0.6602150061264253,0.003020870750996565
3,0.6631194662828778,0.0021065567421161783
3,0.6660239264393306,0.0011832190167538022
3,0.6689283865957832,0.00025094134828640484
3,0.671832846752236,-0.0006901910564889648
3,0.6747373069086887,-0.0016400915304294274
3,0.6776417670651413,-0.0025986719182595143
3,0.6805462272215941,-0.0035658425478867044
3,0.6834506873780468,-0.00454151220079303
3,0.6863551475344994,-0.005525588081469424
3,0.6892596076909523,-0.006517975785874619
3,0.6921640678474048,-0.007518579268861708
3,0.6950685280038577,-0.008527300810566593
3,0.6979729881603103,-0.009544040981714531
3,0.700877448316763,-0.01056869860778833
3,0.7037819084732156,-0.011601170732060143
3,0.7066863686296684,-0.0126413525774034
3,0.709590828786121,-0.013689137506877449
3,0.7124952889425739,-0.01474441698301838
3,0.7153997490990265,-0.01580708052580296
3,0.7183042092554792,-0.016877015669242844
3,0.7212086694119318,-0.01795410791653513
3,0.7241131295683846,-0.01903824069373846
3,0.7270175897248372,-0.020129295301926305
3,0.7299220498812901,-0.02122715086772857
3,0.7328265100377427,-0.022331684292227524
3,0.7357309701941954,-0.023442770198152493
3,0.738635430350648,-0.02456028087527038
3,0.7415398905071008,-0.025684086223930876
3,0.7444443506635534,-0.026814053696703862
3,0.7473488108200063,-0.027950048237999188
3,0.7502532709764589,-0.029091932221610613
3,0.7531577311329116,-0.03023956538609332
3,0.7560621912893642,-0.031392804767904424
3,0.758966651445817,-0.03255150463217755
3,0.7618711116022697,-0.03371551640105235
3,0.7647755717587224,-0.03488468857949782
3,0.7676800319151751,-0.03605886667841326
3,0.7705844920716278,-0.03723789313503091
3,0.7734889522280805,-0.038421607230383265
3,0.7763934123845333,-0.039609845003780245
3,0.7792978725409858,-0.040802439164130795
3,0.7822023326974387,-0.041999218997984464
3,0.7851067928538912,-0.04320001027412192
3,0.788011253010344,-0.04440463514457941
3,0.7909157131667968,-0.04561291204189481
3,0.7938201733232494,-0.04682465557243558
3,0.7967246334797021,-0.048039676405612346
3,0.7996290936361548,-0.049257781158784375
3,0.8025335537926075,-0.05047877227764239
3,0.8054380139490602,-0.05170244791187635
3,0.8083424741055129,-0.05292860178585481
3,0.8112469342619657,-0.05415702306413211
3,0.8141513944184182,-0.0553874962114589
3,0.8170558545748711,-0.05661980084706816
3,0.8199603147313236,-0.057853711592927105
3,0.8228647748877764,-0.059088997915634565
3,0.825769235044229,-0.060325423961669844
3,0.8286736952006818,-0.06156274838559847
3,0.8315781553571345,-0.06280072417089361
3,0.8344826155135872,-0.06403909844297498
3,0.8373870756700399,-0.06527761227401783
3,0.8402915358264926,-0.06651600047911436
3,0.8431959959829453,-0.06775399140328076
3,0.8461004561393981,-0.06899130669882814
3,0.8490049162958506,-0.07022766109250364
3,0.8519093764523035,-0.07146276214186582
3,0.8548138366087561,-0.07269630998022798
3,0.8577182967652088,-0.07392799704953583
3,0.8606227569216615,-0.07515750782042277
3,0.8635272170781142,-0.07638451849870045
3,0.8664316772345668,-0.07760869671744575
3,0.8693361373910197,-0.07882970121380128
3,0.8722405975474723,-0.08004718148953134
3,0.875145057703925,-0.08126077745430152
3,0.8780495178603777,-0.08247011905058621
3,0.8809539780168304,-0.08367482585900853
3,0.883858438173283,-0.08487450668281059
3,0.8867628983297359,-0.08606875911008736
3,0.8896673584861885,-0.08725716905227708
3,0.8925718186426412,-0.08843931025725099
3,0.8954762787990939,-0.08961474379529517
3,0.8983807389555466,-0.09078301751602341
3,0.9012851991119992,-0.09194366547418187
3,0.9041896592684521,-0.09309620732205308
3,0.9070941194249047,-0.09424014766606219
3,0.9099985795813574,-0.09537497538484253
3,0.9129030397378101,-0.09650016290591579
3,0.9158074998942628,-0.09761516543771429
3,0.9187119600507155,-0.09871942015356354
3,0.9216164202071682,-0.09981234532371522
3,0.9245208803636209,-0.10089333939129559
3,0.9274253405200736,-0.10196177998755654
3,0.9303298006765263,-0.10301702288136942
3,0.9332342608329791,-0.10405840085739472
3,0.9361387209894316,-0.10508522251675646
3,0.9390431811458845,-0.1060967709934736
3,0.941947641302337,-0.10709230257903604
3,0.9448521014587898,-0.1080710452468885
3,0.9477565616152426,-0.10903219706743834
3,0.9506610217716952,-0.10997492450333891
3,0.9535654819281479,-0.1108983605734875
3,0.9564699420846006,-0.11180160287287928
3,0.9593744022410533,-0.11268371143391688
3,0.962278862397506,-0.1135437064129243
3,0.9651833225539587,-0.11438056558374989
3,0.9680877827104115,-0.11519322161782936
3,0.970992242866864,-0.11598055912757065
3,0.9738967030233169,-0.11674141144668819
3,0.9768011631797694,-0.11747455711759848
3,0.9797056233362222,-0.11817871605184317
3,0.9826100834926749,-0.11885254532452726
3,0.9855145436491276,-0.11949463455812427
3,0.9884190038055803,-0.12010350084435381
3,0.991323463962033,-0.12067758314479496
3,0.9942279241184857,-0.12121523610165995
3,0.9971323842749386,-0.1217147231789092
3,1.000036844431391,-0.12217420904070692
3,1.002941304587844,-0.12259175105811075
3,1.0058457647442967,-0.12296528981574231
3,1.0087502249007494,-0.12329263846676099
3,1.011654685057202,-0.12357147075603046
3,1.0145591452136546,-0.12379930749649658
3,1.0174636053701074,-0.12397350124064138
3,1.0203680655265601,-0.12409121883555464
3,1.0232725256830126,-0.12414942148319959
3,1.0261769858394654,-0.12414484184333871
3,1.029081445995918,-0.1240739576095376
3,1.0319859061523708,-0.12393296085197558
3,1.0348903663088236,-0.12371772224358628
3,1.037794826465276,-0.1234237490554464
3,1.0406992866217288,-0.12304613550258295
3,1.0436037467781816,-0.1225795036152115
3,1.0465082069346343,-0.12201793226140974
3,1.049412667091087,-0.12135487119553463
3,1.0523171272475396,-0.120583035961423
3,1.0552215874039923,-0.11969427800225743
3,1.058126047560445,-0.11867942220271288
3,1.0610305077168978,-0.11752806096546463
3,1.0639349678733505,-0.11622828923037777
3,1.0668394280298032,-0.11476635760712625
3,1.0697438881862558,-0.1131262093016398
3,1.0726483483427087,-0.1112888476507653
3,1.0755528084991612,-0.1092314488717672
3,1.0784572686556142,-0.10692607706348296
3,1.0813617288120665,-0.10433774977945652
3,1.0842661889685195,-0.10142138294342082
3,1.0871706491249722,-0.09811666163583288
3,1.090075109281425,-0.09433870209646167
3,1.0929795694378777,-0.08995901414965707
3,1.0958840295943302,-0.08475940547416815
3,1.098788489750783,-0.07828039880348557
3,1.1016929499072357,-0.06836016564046433
4,-0.057482299291971684,-0.0023985398069297937
4,-0.054555511207791646,-0.011517156733785049
4,-0.05162872312361161,-0.017295388543829344
4,-0.04870193503943157,-0.021839036993876442
4,-0.04577514695525153,-0.025596037201323918
4,-0.042848358871071496,-0.02877925639625285
4,-0.03992157078689145,-0.03151412861282411
4,-0.03699478270271141,-0.033883560283361695
4,-0.034067994618531376,-0.03594648204777528
4,-0.031141206534351342,-0.03774695186645797
4,-0.0282144184501713,-0.039319157303032246
4,-0.02528763036599126,-0.04069039634441292
4,-0.022360842281811226,-0.04188296569145103
4,-0.01943405419763119,-0.042915415714165836
4,-0.016507266113451144,-0.043803417379157335
4,-0.013580478029271106,-0.044560380527629076
4,-0.010653689945091069,-0.045197906778809784
4,-0.007726901860911038,-0.045726128939543115
4,-0.004800113776730994,-0.046153970407767496
4,-0.0018733256925509562,-0.04648934685250502
4,0.0010534623916290814,-0.04673932539354724
4,0.003980250475809112,-0.046910251924516415
4,0.0069070385599891634,-0.047007854174793064
4,0.009833826644169201,-0.047037326030251625
4,0.012760614728349239,-0.04700339719031828
4,0.015687402812529276,-0.046910391218135374
4,0.018614190896709307,-0.04676227430606762
4,0.02154097898088935,-0.0465626965424787
4,0.02446776706506939,-0.046315027068483214
4,0.027394555149249426,-0.0460223842156444
4,0.030321343233429457,-0.04568766148978818
4,0.03324813131760951,-0.045313550093031126
4,0.036174919401789546,-0.0449025585421112
4,0.03910170748596958,-0.04445702983649643
4,0.042028495570149614,-0.0439791565472979
4,0.04495528365432966,-0.043470994132555306
4,0.047882071738509696,-0.042934472732064584
4,0.050808859822689734,-0.042371407652744136
4,0.053735647906869764,-0.04178350872139617
4,0.05666243599104981,-0.04117238865368699
4,0.05958922407522985,-0.04053957056543523
4,0.06251601215940988,-0.039886494733222304
4,0.06544280024358992,-0.03921452469585776
4,0.06836958832776996,-0.03852495277505845
4,0.07129637641195,-0.03781900508280524
4,0.07422316449613003,-0.03709784607363841
4,0.07714995258031007,-0.03636258269240922
4,0.08007674066449014,-0.03561426816142586
4,0.08300352874867016,-0.0348539054452725
4,0.08593031683285018,-0.0340824504268849
4,0.08885710491703025,-0.033300814824291314
4,0.09178389300121027,-0.03250986887389615
4,0.0947106810853903,-0.03171044380324843
4,0.09763746916957035,-0.030903334113399586
4,0.10056425725375037,-0.030089299688909416
4,0.10349104533793044,-0.02926906775134545
4,0.10641783342211046,-0.028443334670557863
4,0.10934462150629048,-0.027612767646366092
4,0.11227140959047055,-0.026778006272034926
4,0.11519819767465059,-0.025939663989722375
4,0.1181249857588306,-0.025098329447018782
4,0.12105177384301066,-0.02425456776285736
4,0.12397856192719069,-0.023408921710147346
4,0.1269053500113707,-0.022561912821917267
4,0.12983213809555078,-0.021714042426967454
4,0.13275892617973079,-0.020865792620572806
4,0.13568571426391085,-0.02001762717520751
4,0.1386125023480909,-0.019169992395837922
4,0.14153929043227093,-0.018323317923912927
4,0.14446607851645096,-0.01747801749383192
4,0.147392866600631,-0.016634489645296253
4,0.150319654684811,-0.015793118394754706
4,0.15324644276899108,-0.014954273868741009
4,0.15617323085317109,-0.014118312901825195
4,0.15910001893735115,-0.013285579601539449
4,0.1620268070215312,-0.012456405882545084
4,0.16495359510571123,-0.01163111197206962
4,0.16788038318989126,-0.010810006888523125
4,0.1708071712740713,-0.00999338889499664
4,0.17373395935825134,-0.009181545929303668
4,0.17666074744243138,-0.008374756011992284
4,0.1795875355266114,-0.007573287633741766
4,0.18251432361079145,-0.006777400123414903
4,0.18544111169497152,-0.005987343997918735
4,0.18836789977915153,-0.00520336129497652
4,0.1912946878633316,-0.004425685889861971
4,0.1942214759475116,-0.0036545437969713597
4,0.19714826403169164,-0.002890153457193778
4,0.20007505211587168,-0.0021327260118154784
4,0.20300184020005171,-0.0013824655637944582
4,0.20592862828423178,-0.0006395694270435321
4,0.20885541636841176,9.577163552897127e-5
4,0.21178220445259183,0.0008233731846968839
4,0.2147089925367719,0.001543056887655475
4,0.21763578062095196,0.00225465031032879
4,0.22056256870513194,0.0029579867186944036
4,0.223489356789312,0.0036529048887069975
4,0.22641614487349204,0.004339248924326181
4,0.22934293295767205,0.00501686808324721
4,0.23226972104185212,0.005685616609942316
4,0.23519650912603218,0.0063453535756711815
4,0.23812329721021216,0.006995942725050775
4,0.24105008529439223,0.007637252328917921
4,0.24397687337857227,0.0082691550431445
4,0.24690366146275228,0.008891527773154608
4,0.24983044954693234,0.009504251543817012
4,0.2527572376311124,0.010107211374489548
4,0.25568402571529236,0.010700296158986435
4,0.2586108137994724,0.011283398550202823
4,0.2615376018836525,0.011856414849214089
4,0.26446438996783256,0.012419244898631084
4,0.26739117805201257,0.012971791980012349
4,0.27031796613619263,0.013513962715162078
4,0.27324475422037264,0.014045666971159004
4,0.27617154230455265,0.01456681776890553
4,0.2790983303887327,0.015077331195078241
4,0.2820251184729128,0.015577126317335818
4,0.2849519065570928,0.016066125102625946
4,0.28787869464127286,0.016544252338473196
4,0.2908054827254529,0.01701143555711519
4,0.2937322708096329,0.01746760496236925
4,0.29665905889381294,0.01791269335912718
4,0.299585846977993,0.01834663608536513
4,0.302512635062173,0.018769370946546352
4,0.3054394231463531,0.019180838152368238
4,0.3083662112305331,0.019580980255709257
4,0.3112929993147131,0.01996974209372543
4,0.31421978739889317,0.02034707073098607
4,0.31714657548307323,0.020712915404600386
4,0.3200733635672533,0.021067227471229518
4,0.32300015165143325,0.02140996035592328
4,0.3259269397356133,0.02174106950273127
4,0.3288537278197934,0.022060512326981658
4,0.3317805159039734,0.022368248169207294
4,0.33470730398815346,0.022664238250633694
4,0.3376340920723335,0.022948445630193198
4,0.34056088015651353,0.023220835162980326
4,0.34348766824069354,0.02348137346011717
4,0.3464144563248736,0.023730028850003828
4,0.3493412444090536,0.02396677134084079
4,0.3522680324932337,0.024191572584446028
4,0.3551948205774137,0.024404405841276306
4,0.3581216086615937,0.024605245946652813
4,0.36104839674577377,0.02479406927810195
4,0.36397518482995384,0.02497085372382093
4,0.3669019729141339,0.025135578652210062
4,0.3698287609983139,0.02528822488241588
4,0.372755549082494,0.025428774655917096
4,0.375682337166674,0.025557211609048683
4,0.378609125250854,0.025673520746467015
4,0.38153591333503406,0.025777688415539558
4,0.3844627014192141,0.02586970228161612
4,0.38738948950339414,0.02594955130413644
4,0.39031627758757415,0.026017225713597852
4,0.3932430656717542,0.026072716989307906
4,0.3961698537559342,0.026116017837926223
4,0.3990966418401143,0.0261471221727808
4,0.40202342992429435,0.0261660250938974
4,0.40495021800847436,0.026172722868769465
4,0.4078770060926544,0.026167212913828484
4,0.41080379417683444,0.026149493776582156
4,0.4137305822610145,0.02611956511842622
4,0.4166573703451945,0.026077427698095318
4,0.4195841584293746,0.026023083355752912
4,0.42251094651355464,0.025956534997681982
4,0.4254377345977346,0.0258777865815938
4,0.42836452268191466,0.025786843102493174
4,0.4312913107660947,0.025683710579147635
4,0.43421809885027474,0.02556839604108672
4,0.4371448869344548,0.025440907516162493
4,0.44007167501863487,0.025301254018631293
4,0.4429984631028149,0.025149445537770456
4,0.4459252511869949,0.02498549302699288
4,0.44885203927117495,0.024809408393474272
4,0.45177882735535496,0.024621204488259767
4,0.454705615439535,0.02442089509685007
4,0.45763240352371504,0.024208494930273647
4,0.46055919160789505,0.023984019616611816
4,0.4634859796920751,0.02374748569297957
4,0.4664127677762552,0.023498910597941545
4,0.46933955586043524,0.02323831266441415
4,0.4722663439446153,0.02296571111292294
4,0.4751931320287952,0.02268112604538047
4,0.47811992011297527,0.022384578439185194
4,0.48104670819715534,0.022076090141829895
4,0.4839734962813354,0.02175568386585016
4,0.48690028436551547,0.02142338318420777
4,0.48982707244969553,0.021079212526066683
4,0.49275386053387554,0.02072319717297475
4,0.4956806486180555,0.020355363255410045
4,0.49860743670223556,0.019975737749747237
4,0.5015342247864156,0.019584348475583258
4,0.5044610128705956,0.019181224093455275
4,0.5073878009547758,0.018766394102935614
4,0.5103145890389558,0.018339888841098228
4,0.5132413771231358,0.01790173948136266
4,0.5161681652073158,0.01745197803270313
4,0.5190949532914958,0.016990637339227174
4,0.5220217413756759,0.016517751080152847
4,0.5249485294598559,0.01603335377009418
4,0.527875317544036,0.015537480759763862
4,0.5308021056282161,0.015030168237020223
4,0.5337288937123961,0.014511453228295303
4,0.5366556817965762,0.013981373600356593
4,0.5395824698807561,0.013439968062483081
4,0.5425092579649362,0.012887276168957542
4,0.5454360460491162,0.012323338321970913
4,0.5483628341332963,0.0117481957748677
4,0.5512896222174762,0.011161890635772132
4,0.5542164103016564,0.010564465871593967
4,0.5571431983858364,0.009955965312385545
4,0.5600699864700164,0.009336433656115193
4,0.5629967745541965,0.00870591647377324
4,0.5659235626383765,0.008064460214905613
4,0.5688503507225564,0.007412112213506036
4,0.5717771388067366,0.006748920694304002
4,0.5747039268909165,0.006074934779447827
4,0.5776307149750968,0.005390204495598647
4,0.5805575030592767,0.004694780781404763
4,0.5834842911434568,0.003988715495397542
4,0.5864110792276368,0.0032720614243003186
4,0.5893378673118168,0.0025448722917468334
4,0.5922646553959968,0.001807202767449453
4,0.5951914434801769,0.00105910847675652
4,0.598118231564357,0.000300646010691207
4,0.601045019648537,-0.00046812706358947796
4,0.603971807732717,-0.0012471521918840447
4,0.6068985958168971,-0.0020363698215586177
4,0.609825383901077,-0.002835719389697002
4,0.6127521719852572,-0.0036451393107962164
4,0.6156789600694371,-0.004464566963921895
4,0.6186057481536172,-0.005293938679429655
4,0.6215325362377973,-0.006133189725130893
4,0.6244593243219773,-0.006982254291959228
4,0.6273861124061573,-0.007841065479118737
4,0.6303129004903374,-0.008709555278664226
4,0.6332396885745174,-0.009587654559566764
4,0.6361664766586974,-0.010475293051160933
4,0.6390932647428774,-0.011372399326075642
4,0.6420200528270575,-0.012278900782509442
4,0.6449468409112374,-0.01319472362594714
4,0.6478736289954177,-0.014119792850233188
4,0.6508004170795976,-0.015054032217990105
4,0.6537272051637777,-0.01599736424041017
4,0.6566539932479577,-0.01694971015635726
4,0.6595807813321377,-0.017910989910782677
4,0.6625075694163177,-0.01888112213241552
4,0.6654343575004978,-0.019860024110749195
4,0.6683611455846779,-0.02084761177224877
4,0.671287933668858,-0.021843799655802243
4,0.6742147217530379,-0.022848500887377665
4,0.677141509837218,-0.023861627153844864
4,0.6800682979213979,-0.02488308867596088
4,0.6829950860055781,-0.025912794180501842
4,0.685921874089758,-0.026950650871469056
4,0.6888486621739381,-0.02799656440039064
4,0.6917754502581182,-0.029050438835667047
4,0.6947022383422982,-0.03011217663091699
4,0.6976290264264783,-0.03118167859233271
4,0.7005558145106583,-0.03225884384495762
4,0.7034826025948382,-0.03334356979789709
4,0.7064093906790184,-0.03443575210840252
4,0.7093361787631983,-0.035535284644790506
4,0.7122629668473784,-0.03664205944818237
4,0.7151897549315585,-0.03775596669295449
4,0.7181165430157386,-0.038876894645977704
4,0.7210433310999185,-0.04000472962445989
4,0.7239701191840986,-0.04113935595243331
4,0.7268969072682786,-0.042280655915831786
4,0.7298236953524586,-0.043428509716063046
4,0.7327504834366387,-0.044582795422047385
4,0.7356772715208187,-0.045743388920683296
4,0.7386040596049986,-0.046910163865641244
4,0.7415308476891789,-0.04808299162444286
4,0.7444576357733588,-0.049261741223773095
4,0.7473844238575389,-0.0504462792929153
4,0.7503112119417189,-0.05163647000529857
4,0.753238000025899,-0.05283217501800312
4,0.7561647881100789,-0.05403325340922525
4,0.759091576194259,-0.05523956161353271
4,0.762018364278439,-0.056450953354924
4,0.7649451523626192,-0.057667279577481856
4,0.7678719404467992,-0.05888838837362974
4,0.7707987285309792,-0.06011412490981594
4,0.7737255166151591,-0.06134433134955356
4,0.7766523046993393,-0.06257884677368732
4,0.7795790927835192,-0.06381750709778054
4,0.7825058808676995,-0.0650601449864715
4,0.7854326689518794,-0.06630658976470963
4,0.7883594570360595,-0.06755666732567239
4,0.7912862451202395,-0.06881020003527104
4,0.7942130332044195,-0.07006700663305836
4,0.7971398212885995,-0.07132690212937148
4,0.8000666093727796,-0.0725896976985563
4,0.8029933974569596,-0.07385520056807186
4,0.8059201855411396,-0.07512321390328419
4,0.8088469736253197,-0.07639353668775523
4,0.8117737617094998,-0.07766596359878383
4,0.8147005497936797,-0.07894028487799604
4,0.8176273378778599,-0.08021628619672382
4,0.8205541259620398,-0.08149374851591637
4,0.8234809140462198,-0.08277244794031452
4,0.8264077021303999,-0.08405215556658416
4,0.82933449021458,-0.08533263732511223
4,0.83226127829876,-0.08661365381512871
4,0.8351880663829401,-0.08789496013280759
4,0.8381148544671201,-0.08917630569197761
4,0.8410416425513001,-0.09045743403702565
4,0.8439684306354801,-0.09173808264761675
4,0.8468952187196602,-0.09301798273470972
4,0.8498220068038401,-0.09429685902747177
4,0.8527487948880204,-0.09557442955050406
4,0.8556755829722003,-0.09685040539088191
4,0.8586023710563803,-0.09812449045440193
4,0.8615291591405604,-0.09939638121039673
4,0.8644559472247404,-0.10066576642449683
4,0.8673827353089204,-0.10193232687855353
4,0.8703095233931005,-0.10319573507700448
4,0.8732363114772804,-0.10445565493883321
4,0.8761630995614607,-0.10571174147424021
4,0.8790898876456406,-0.10696364044506608
4,0.8820166757298207,-0.1082109880079344
4,0.8849434638140007,-0.10945341033902951
4,0.8878702518981808,-0.11069052323929546
4,0.8907970399823607,-0.11192193171877447
4,0.8937238280665408,-0.11314722955869182
4,0.8966506161507208,-0.11436599884980142
4,0.8995774042349008,-0.11557780950534642
4,0.902504192319081,-0.11678221874687217
4,0.905430980403261,-0.11797877056100353
4,0.9083577684874409,-0.11916699512507886
4,0.9112845565716211,-0.12034640819943165
4,0.914211344655801,-0.12151651048379399
4,0.9171381327399811,-0.12267678693523945
4,0.9200649208241611,-0.12382670604466019
4,0.9229917089083413,-0.12496571906865737
4,0.9259184969925212,-0.12609325921331654
4,0.9288452850767013,-0.12720874076608185
4,0.9317720731608813,-0.12831155817151596
4,0.9346988612450613,-0.1294010850463579
4,0.9376256493292414,-0.13047667312883296
4,0.9405524374134214,-0.13153765115661106
4,0.9434792254976013,-0.13258332366729395
4,0.9464060135817816,-0.13361296971460643
4,0.9493328016659615,-0.1346258414927896
4,0.9522595897501416,-0.13562116286081205
4,0.9551863778343216,-0.13659812775717847
4,0.9581131659185016,-0.13755589849494498
4,0.9610399540026816,-0.1384936039254738
4,0.9639667420868617,-0.13941033745801476
4,0.9668935301710417,-0.14030515492071682
4,0.9698203182552219,-0.1411770722468772
4,0.9727471063394019,-0.14202506296821457
4,0.9756738944235819,-0.14284805549461474
4,0.9786006825077618,-0.14364493015716873
4,0.981527470591942,-0.14441451598812693
4,0.9844542586761219,-0.145155587207945
4,0.9873810467603021,-0.1458668593852548
4,0.990307834844482,-0.1465469852308736
4,0.993234622928662,-0.14719454998114578
4,0.9961614110128422,-0.14780806631930773
4,0.9990881990970222,-0.14838596877554946
4,1.0020149871812023,-0.14892660753718556
4,1.0049417752653824,-0.14942824158915133
4,1.007868563349562,-0.14988903109173166
4,1.0107953514337424,-0.15030702888649275
4,1.0137221395179223,-0.15068017100209893
4,1.0166489276021025,-0.15100626600836906
4,1.0195757156862824,-0.15128298303839322
4,1.0225025037704625,-0.15150783826375305
4,1.0254292918546424,-0.15167817956471605
4,1.0283560799388225,-0.1517911690838203
4,1.0312828680230026,-0.15184376328453578
4,1.0342096561071827,-0.1518326900522913
4,1.0371364441913626,-0.15175442226839436
4,1.0400632322755428,-0.15160514715033985
4,1.0429900203597229,-0.15138073047514883
4,1.0459168084439028,-0.1510766745714331
4,1.0488435965280827,-0.15068806866131643
4,1.051770384612263,-0.15020952972706353
4,1.054697172696443,-0.14963513152826963
4,1.0576239607806228,-0.14895831864361636
4,1.060550748864803,-0.14817180136600328
4,1.063477536948983,-0.1472674258024768
4,1.066404325033163,-0.1462360114039201
4,1.069331113117343,-0.14506714502589804
4,1.0722579012015232,-0.1437489159276403
4,1.0751846892857033,-0.14226756887833486
4,1.0781114773698832,-0.14060704104842064
4,1.0810382654540633,-0.13874832949630808
4,1.0839650535382432,-0.1366686038506677
4,1.0868918416224234,-0.13433992121435903
4,1.0898186297066033,-0.13172729159117325
4,1.0927454177907834,-0.1287856225703277
4,1.0956722058749633,-0.12545458972516252
4,1.0985989939591434,-0.12164929790989701
4,1.1015257820433235,-0.11724124224592423
4,1.1044525701275036,-0.11201220890778447
4,1.1073793582116835,-0.1055026808673197
4,1.1103061462958637,-0.09555066118671475
5,-0.05985526799950938,-0.0007064990536641191
5,-0.0569191448232689,-0.009996644201627602
5,-0.05398302164702841,-0.01595950806537153
5,-0.051046898470787916,-0.02068132967544767
5,-0.04811077529454743,-0.0246107808127111
5,-0.04517465211830694,-0.02796196371207449
5,-0.042238528942066464,-0.030861316379839878
5,-0.039302405765825964,-0.03339251020977446
5,-0.036366282589585484,-0.03561505885708158
5,-0.033430159413345,-0.0375734705991524
5,-0.030494036237104505,-0.03930228626521415
5,-0.02755791306086401,-0.04082908511104381
5,-0.024621789884623532,-0.04217639079364323
5,-0.021685666708383046,-0.043362938984057374
5,-0.018749543532142553,-0.04440455350606702
5,-0.015813420355902066,-0.045314771430192295
5,-0.01287729717966158,-0.046105301101019715
5,-0.009941174003421094,-0.04678636545577995
5,-0.0070050508271806075,-0.047366964450439135
5,-0.004068927650940114,-0.047855079106021124
5,-0.001132804474699628,-0.048257832561972476
5,0.0018033187015408583,-0.0485816188982409
5,0.004739441877781345,-0.04883220740804839
5,0.007675565054021831,-0.049014827905220944
5,0.010611688230262317,-0.04913424119172182
5,0.013547811406502797,-0.049194797778589164
5,0.016483934582743304,-0.049200487210463675
5,0.01942005775898379,-0.049154979801265083
5,0.022356180935224276,-0.04906166218661284
5,0.025292304111464756,-0.04892366779729494
5,0.028228427287705242,-0.04874390312950009
5,0.031164550463945735,-0.04852507051236595
5,0.034100673640186215,-0.048269687937776445
5,0.037036796816426715,-0.04798010641135307
5,0.0399729199926672,-0.047658525200211486
5,0.04290904316890769,-0.0473070052867349
5,0.045845166345148174,-0.046927481284554706
5,0.04878128952138865,-0.04652177203033527
5,0.051717412697629146,-0.04609159003023183
5,0.05465353587386963,-0.04563854991170761
5,0.057589659050110126,-0.04516417600817981
5,0.06052578222635061,-0.04466990918486954
5,0.0634619054025911,-0.04415711299838409
5,0.06639802857883159,-0.04362707926929621
5,0.06933415175507207,-0.043081033135971315
5,0.07227027493131255,-0.042520137648607535
5,0.07520639810755304,-0.041945497954483456
5,0.07814252128379354,-0.041358165118938764
5,0.08107864446003402,-0.040759139620725304
5,0.0840147676362745,-0.040149374555723594
5,0.08695089081251499,-0.03952977857872191
5,0.08988701398875551,-0.038901218609473244
5,0.09282313716499599,-0.03826452232610838
5,0.09575926034123647,-0.03762048046639079
5,0.09869538351747695,-0.03696984895488056
5,0.10163150669371745,-0.03631335087216496
5,0.10456762986995793,-0.035651678280505125
5,0.10750375304619841,-0.03498549391868731
5,0.11043987622243889,-0.03431543277759635
5,0.11337599939867939,-0.03364210356674582
5,0.11631212257491988,-0.03296609008103769
5,0.11924824575116036,-0.032287952476047224
5,0.12218436892740084,-0.03160822845933945
5,0.12512049210364135,-0.030927434404577573
5,0.12805661527988182,-0.03024606639456727
5,0.13099273845612233,-0.02956460119876027
5,0.1339288616323628,-0.028883497190294902
5,0.13686498480860332,-0.028203195207127375
5,0.1398011079848438,-0.027524119361427898
5,0.14273723116108428,-0.02684667780106462
5,0.14567335433732476,-0.02617126342661652
5,0.14860947751356524,-0.02549825456712746
5,0.15154560068980572,-0.02482801561748221
5,0.1544817238660462,-0.024160897640072777
5,0.1574178470422867,-0.02349723893320629
5,0.16035397021852718,-0.022837365568503607
5,0.16329009339476766,-0.02218159189935438
5,0.16622621657100817,-0.021530221042320875
5,0.16916233974724865,-0.020883545333281916
5,0.17209846292348913,-0.020241846759877086
5,0.17503458609972963,-0.019605397371816158
5,0.1779707092759701,-0.01897445967040052
5,0.18090683245221062,-0.0183492869785344
5,0.1838429556284511,-0.017730123792453152
5,0.18677907880469158,-0.01711720611621497
5,0.18971520198093206,-0.016510761780039195
5,0.19265132515717254,-0.015911010743407988
5,0.19558744833341304,-0.015318165383802538
5,0.19852357150965352,-0.014732430771966686
5,0.201459694685894,-0.014154004934362488
5,0.2043958178621345,-0.013583079103640485
5,0.207331941038375,-0.013019837957721247
5,0.21026806421461547,-0.012464459848119482
5,0.21320418739085595,-0.011917117018154337
5,0.21614031056709643,-0.011377975811495855
5,0.21907643374333693,-0.01084719687165385
5,0.22201255691957741,-0.010324935332812868
5,0.2249486800958179,-0.00981134100251571
5,0.22788480327205837,-0.009306558536576165
5,0.23082092644829888,-0.008810727606658398
5,0.23375704962453936,-0.008323983060834698
5,0.2366931728007799,-0.007846455077546057
5,0.23962929597702037,-0.00737826931322577
5,0.24256541915326085,-0.006919547043930204
5,0.24550154232950136,-0.006470405301267519
5,0.24843766550574184,-0.0060309570028786045
5,0.25137378868198235,-0.005601311077752721
5,0.2543099118582228,-0.005181572586595835
5,0.2572460350344633,-0.00477184283751614
5,0.2601821582107038,-0.00437221949719647
5,0.26311828138694426,-0.003982796697807123
5,0.26605440456318474,-0.0036036651398206904
5,0.2689905277394252,-0.0032349121909226956
5,0.2719266509156657,-0.002876621981193713
5,0.2748627740919062,-0.0025288754947270678
5,0.2777988972681467,-0.0021917506578252276
5,0.2807350204443872,-0.0018653224239491878
5,0.2836711436206277,-0.0015496628555235364
5,0.28660726679686815,-0.001244841202769151
5,0.28954338997310863,-0.0009509239796521008
5,0.2924795131493491,-0.0006679750371145801
5,0.2954156363255896,-0.0003960556336155677
5,0.29835175950183007,-0.0001352245032270456
5,0.3012878826780706,0.00011446207876467518
5,0.3042240058543111,0.00035295023255753886
5,0.30716012903055157,0.000580188412744554
5,0.31009625220679204,0.0007961273494133533
5,0.3130323753830325,0.001000719991272003
5,0.315968498559273,0.0011939214507673366
5,0.3189046217355135,0.0013756889511270325
5,0.321840744911754,0.0015459817752035802
5,0.32477686808799455,0.0017047612161121058
5,0.32771299126423503,0.001851990529556841
5,0.3306491144404755,0.0019876348877815838
5,0.333585237616716,0.0021116613351149045
5,0.33652136079295647,0.0022240387450363076
5,0.33945748396919695,0.0023247377786859945
5,0.34239360714543743,0.0024137308448110477
5,0.3453297303216779,0.0024909920610616787
5,0.3482658534979184,0.0025564972166093147
5,0.35120197667415887,0.0026102237360331017
5,0.35413809985039935,0.002652150644431421
5,0.3570742230266399,0.0026822585337266495
5,0.36001034620288036,0.00270052953011169
5,0.36294646937912084,0.0027069472625945975
5,0.3658825925553613,0.002701496832649836
5,0.3688187157316018,0.0026841647848573178
5,0.3717548389078423,0.002654939078586296
5,0.37469096208408276,0.002613809060636958
5,0.37762708526032324,0.0025607654388202844
5,0.38056320843656377,0.0024958002564680923
5,0.38349933161280425,0.002418906867800407
5,0.38643545478904473,0.002330079914177091
5,0.3893715779652852,0.002229315301184788
5,0.3923077011415257,0.0021166101764993647
5,0.39524382431776617,0.0019919629085752323
5,0.39817994749400665,0.0018553730660736494
5,0.4011160706702471,0.0017068413980353655
5,0.4040521938464876,0.0015463698147923776
5,0.4069883170227282,0.0013739613695461078
5,0.4099244401989687,0.0011896202406629028
5,0.41286056337520916,0.0009933517146200705
5,0.41579668655144963,0.0007851621695993918
5,0.4187328097276901,0.0005650590597094249
5,0.4216689329039306,0.00033305089983172247
5,0.4246050560801711,8.914725105674667e-5
5,0.42754117925641155,-0.00016664129328825263
5,0.4304773024326521,-0.0004343031210334655
5,0.43341342560889257,-0.0007138256140264746
5,0.43634954878513305,-0.0010051951603983823
5,0.4392856719613735,-0.0013083971663685264
5,0.442221795137614,-0.0016234160674440997
5,0.4451579183138545,-0.0019502353391715821
5,0.44809404149009496,-0.0022888375073599333
5,0.45103016466633544,-0.0026392041578162805
5,0.453966287842576,-0.0030013159455946382
5,0.45690241101881646,-0.003375152603792624
5,0.45983853419505694,-0.003760692951857473
5,0.4627746573712974,-0.004157914903450702
5,0.4657107805475379,-0.004566795473872927
5,0.4686469037237784,-0.00498731078702133
5,0.4715830269000189,-0.005419436081947205
5,0.47451915007625933,-0.005863145718956279
5,0.47745527325249987,-0.006318413185315776
5,0.4803913964287403,-0.006785211100508938
5,0.4833275196049809,-0.007263511221131369
5,0.4862636427812213,-0.007753284445325858
5,0.48919976595746184,-0.008254500816867103
5,0.49213588913370226,-0.008767129528821308
5,0.4950720123099428,-0.00929113892681405
5,0.4980081354861832,-0.009826496511934433
5,0.5009442586624238,-0.010373168943226754
5,0.5038803818386642,-0.01093112203982768
5,0.5068165050149047,-0.011500320782687293
5,0.5097526281911452,-0.012080729315974268
5,0.5126887513673857,-0.012672310948033916
5,0.5156248745436262,-0.013275028152044512
5,0.5185609977198666,-0.013888842566246779
5,0.5214971208961071,-0.01451371499384912
5,0.5244332440723477,-0.015149605402535314
5,0.5273693672485881,-0.015796472923616155
5,0.5303054904248288,-0.016454275850822195
5,0.5332416136010691,-0.017122971638717153
5,0.5361777367773097,-0.017802516900746298
5,0.5391138599535501,-0.018492867406936432
5,0.5420499831297907,-0.019193978081202833
5,0.5449861063060311,-0.01990580299830231
5,0.5479222294822716,-0.020628295380415787
5,0.5508583526585121,-0.021361407593364908
5,0.5537944758347526,-0.022105091142437493
5,0.5567305990109931,-0.02285929666785518
5,0.5596667221872336,-0.023623973939861723
5,0.562602845363474,-0.024399071853420995
5,0.5655389685397145,-0.025184538422542858
5,0.568475091715955,-0.02598032077421583
5,0.5714112148921956,-0.026786365141950843
5,0.574347338068436,-0.02760261685894328
5,0.5772834612446766,-0.02842902035080616
5,0.5802195844209169,-0.02926551912793027
5,0.5831557075971575,-0.030112055777428162
5,0.5860918307733979,-0.030968571954646452
5,0.5890279539496385,-0.03183500837429537
5,0.5919640771258788,-0.03271130480111803
5,0.5949002003021194,-0.033597400040147364
5,0.5978363234783599,-0.03449323192651845
5,0.6007724466546004,-0.03539873731483777
5,0.6037085698308409,-0.03631385206809682
5,0.6066446930070813,-0.03723851104613705
5,0.6095808161833218,-0.03817264809361836
5,0.6125169393595623,-0.03911619602754612
5,0.6154530625358028,-0.04006908662427692
5,0.6183891857120433,-0.041031250606045455
5,0.6213253088882837,-0.04200261762698588
5,0.6242614320645243,-0.04298311625862172
5,0.6271975552407647,-0.04397267397484541
5,0.6301336784170053,-0.04497121713633812
5,0.6330698015932457,-0.04597867097444226
5,0.6360059247694863,-0.046994959574485226
5,0.6389420479457266,-0.04802000585849122
5,0.6418781711219672,-0.04905373156732199
5,0.6448142942982076,-0.050096057242217586
5,0.6477504174744482,-0.05114690220568242
5,0.6506865406506886,-0.05220618454175647
5,0.6536226638269291,-0.0532738210756317
5,0.6565587870031696,-0.05434972735257158
5,0.6594949101794101,-0.05543381761616493
5,0.6624310333556506,-0.05652600478584905
5,0.665367156531891,-0.05762620043371678
5,0.6683032797081315,-0.05873431476056051
5,0.671239402884372,-0.05985025657114616
5,0.6741755260606125,-0.06097393324869549
5,0.6771116492368531,-0.06210525072853795
5,0.6800477724130934,-0.0632441134709289
5,0.682983895589334,-0.06439042443300143
5,0.6859200187655744,-0.06554408503979417
5,0.688856141941815,-0.06670499515439406
5,0.6917922651180554,-0.06787305304708736
5,0.6947283882942961,-0.06904815536354408
5,0.6976645114705363,-0.07023019709199718
5,0.700600634646777,-0.07141907152933426
5,0.7035367578230175,-0.07261467024613874
5,0.706472880999258,-0.07381688305060047
5,0.7094090041754985,-0.07502559795124313
5,0.7123451273517389,-0.07624070111849683
5,0.7152812505279794,-0.07746207684497682
5,0.7182173737042199,-0.07868960750451798
5,0.7211534968804604,-0.0799231735098561
5,0.7240896200567009,-0.08116265326893389
5,0.7270257432329413,-0.082407923139789
5,0.7299618664091819,-0.0836588573839424
5,0.7328979895854223,-0.08491532811826707
5,0.7358341127616629,-0.08617720526525788
5,0.7387702359379033,-0.08744435650163246
5,0.7417063591141438,-0.08871664720525323
5,0.7446424822903842,-0.08999394040021805
5,0.7475786054666248,-0.09127609670013895
5,0.7505147286428652,-0.09256297424947499
5,0.7534508518191058,-0.09385442866286746
5,0.7563869749953462,-0.09515031296239358
5,0.7593230981715867,-0.09645047751266156
5,0.7622592213478272,-0.09775476995364285
5,0.7651953445240677,-0.0990630351311581
5,0.7681314677003082,-0.10037511502491978
5,0.7710675908765486,-0.10169084867403207
5,0.7740037140527891,-0.10301007209982728
5,0.7769398372290297,-0.10433261822593602
5,0.7798759604052701,-0.10565831679547287
5,0.7828120835815107,-0.10698699428519858
5,0.785748206757751,-0.10831847381652746
5,0.7886843299339916,-0.10965257506327593
5,0.791620453110232,-0.11098911415593413
5,0.7945565762864726,-0.11232790358237005
5,0.797492699462713,-0.11366875208478111
5,0.8004288226389535,-0.11501146455267436
5,0.8033649458151939,-0.11635584191179248
5,0.8063010689914345,-0.11770168100865915
5,0.809237192167675,-0.11904877449067468
5,0.8121733153439155,-0.120396910681417
5,0.8151094385201559,-0.12174587345102686
5,0.8180455616963964,-0.12309544208135635
5,0.8209816848726369,-0.12444539112564434
5,0.8239178080488774,-0.12579549026247158
5,0.8268539312251179,-0.127145504143649
5,0.8297900544013584,-0.12849519223579525
5,0.8327261775775988,-0.12984430865520585
5,0.8356623007538394,-0.13119260199572247
5,0.8385984239300798,-0.13253981514918553
5,0.8415345471063204,-0.13388568511810375
5,0.8444706702825607,-0.13522994282010709
5,0.8474067934588013,-0.1365723128837197
5,0.8503429166350417,-0.13791251343500832
5,0.8532790398112823,-0.1392502558745453
5,0.8562151629875228,-0.14058524464417274
5,0.8591512861637634,-0.14191717698298553
5,0.8620874093400037,-0.14324574267186896
5,0.8650235325162443,-0.14457062376596044
5,0.8679596556924847,-0.14589149431430223
5,0.8708957788687253,-0.14720802006590447
5,0.8738319020449657,-0.14851985816140342
5,0.8767680252212062,-0.14982665680942833
5,0.8797041483974467,-0.15112805494669027
5,0.8826402715736873,-0.15242368188083583
5,0.8855763947499277,-0.1537131569148795
5,0.8885125179261683,-0.15499608895205277
5,0.8914486411024086,-0.15627207607981156
5,0.8943847642786492,-0.15754070513156423
5,0.8973208874548896,-0.15880155122464584
5,0.9002570106311302,-0.1600541772729019
5,0.9031931338073705,-0.161298133472119
5,0.9061292569836111,-0.16253295675639656
5,0.9090653801598516,-0.16375817022337597
5,0.9120015033360921,-0.16497328252608393
5,0.9149376265123326,-0.16617778722891546
5,0.917873749688573,-0.16737116212508796
5,0.9208098728648135,-0.16855286851268422
5,0.923745996041054,-0.1697223504260177
5,0.9266821192172945,-0.17087903381891562
5,0.929618242393535,-0.17202232569604872
5,0.9325543655697754,-0.1731516131881463
5,0.935490488746016,-0.17426626256647293
5,0.9384266119222564,-0.17536561819152513
5,0.941362735098497,-0.1764490013903684
5,0.9442988582747374,-0.17751570925643126
5,0.947234981450978,-0.17856501336503386
5,0.9501711046272183,-0.1795961583970128
5,0.9531072278034589,-0.18060836066217528
5,0.9560433509796993,-0.18160080651327024
5,0.9589794741559399,-0.18257265064016004
5,0.9619155973321803,-0.18352301423262027
5,0.9648517205084208,-0.1844509829989787
5,0.9677878436846613,-0.18535560502605772
5,0.9707239668609018,-0.18623588846433278
5,0.9736600900371423,-0.18709079901999395
5,0.9765962132133827,-0.18791925723344574
5,0.9795323363896232,-0.18872013552096337
5,0.9824684595658637,-0.18949225495318084
5,0.9854045827421042,-0.19023438174054494
5,0.9883407059183448,-0.19094522339158232
5,0.9912768290945851,-0.19162342450502953
5,0.9942129522708258,-0.19226756215116994
5,0.9971490754470661,-0.19287614079098367
5,1.0000851986233066,-0.19344758667379472
5,1.0030213217995472,-0.19398024164480832
5,1.0059574449757878,-0.19447235628268045
5,1.0088935681520281,-0.19492208227405744
5,1.0118296913282687,-0.19532746391593866
5,1.014765814504509,-0.19568642861755303
5,1.0177019376807497,-0.19599677625001127
5,1.02063806085699,-0.1962561671634842
5,1.0235741840332306,-0.19646210865692582
5,1.026510307209471,-0.19661193964195892
5,1.0294464303857116,-0.19670281318943733
5,1.032382553561952,-0.19673167658000573
5,1.0353186767381926,-0.19669524839592534
5,1.0382547999144331,-0.19658999208435218
5,1.0411909230906735,-0.1964120852853832
5,1.0441270462669139,-0.19615738404109498
5,1.0470631694431545,-0.19582138077084527
5,1.049999292619395,-0.19539915459346074
5,1.0529354157956354,-0.1948853121703586
5,1.0558715389718758,-0.1942739166945916
5,1.0588076621481164,-0.1935584018985631
5,1.061743785324357,-0.19273146690760334
5,1.0646799085005976,-0.19178494628851953
5,1.0676160316768377,-0.19070964751520708
5,1.0705521548530783,-0.18949514494820932
5,1.073488278029319,-0.18812951472923067
5,1.0764244012055595,-0.18659898775075207
5,1.0793605243817996,-0.18488748636490798
5,1.0822966475580402,-0.1829759916211431
5,1.0852327707342808,-0.18084165559925872
5,1.0881688939105214,-0.17845651580753455
5,1.0911050170867618,-0.17578555984827265
5,1.0940411402630021,-0.17278366890015723
5,1.0969772634392427,-0.1693904860988976
5,1.0999133866154833,-0.1655210741601535
5,1.1028495097917237,-0.1610468688762561
5,1.105785632967964,-0.15574956176786475
5,1.1087217561442047,-0.1491694461953643
5,1.1116578793204452,-0.13914366586928203
6,-0.03365384615384615,-0.03254969199918249
6,-0.030776040364358447,-0.03467898848901185
6,-0.027898234574870742,-0.0364549182006425
6,-0.02502042878538304,-0.03800193864879433
6,-0.022142622995895336,-0.039359579243873205
6,-0.019264817206407638,-0.04055309916374888
6,-0.016387011416919936,-0.04160132139484971
6,-0.013509205627432231,-0.04251926724912625
6,-0.010631399837944526,-0.043319389391984535
6,-0.007753594048456821,-0.04401226499958137
6,-0.004875788258969119,-0.044607032742537356
6,-0.0019979824694814144,-0.04511169014558481
6,0.0008798233200062872,-0.045533307045985634
6,0.0037576291094939887,-0.04587818491535697
6,0.00663543489898169,-0.04615197933547086
6,0.009513240688469406,-0.04635979634645038
6,0.0123910464779571,-0.046506269660632836
6,0.015268852267444802,-0.04659562349565216
6,0.01814665805693251,-0.04663172436724561
6,0.021024463846420212,-0.04661812425461291
6,0.023902269635907913,-0.04655809692156453
6,0.026780075425395615,-0.04645466873720952
6,0.029657881214883317,-0.04631064502589795
6,0.032535687004371025,-0.04612863274693447
6,0.03541349279385872,-0.045911060134300914
6,0.038291298583346435,-0.04566019379840221
6,0.04116910437283414,-0.04537815369342714
6,0.04404691016232184,-0.04506692627802979
6,0.04692471595180954,-0.04472837613747201
6,0.049802521741297234,-0.04436425628823359
6,0.05268032753078496,-0.04397621734865336
6,0.05555813332027265,-0.043565815728843
6,0.05843593910976036,-0.0431345209687146
6,0.061313744899248054,-0.04268372233293213
6,0.06419155068873575,-0.04221473475518142
6,0.06706935647822347,-0.041728804210590414
6,0.06994716226771117,-0.041227112583840625
6,0.07282496805719887,-0.04071078209111585
6,0.07570277384668657,-0.04018087930606007
6,0.07858057963617428,-0.039638418833316695
6,0.08145838542566197,-0.039084366667532115
6,0.08433619121514968,-0.03851964327085121
6,0.08721399700463739,-0.037945126397928824
6,0.0900918027941251,-0.03736165369385334
6,0.09296960858361279,-0.03677002508742289
6,0.0958474143731005,-0.036171004999548236
6,0.0987252201625882,-0.03556532438435118
6,0.1016030259520759,-0.034953682618484826
6,0.1044808317415636,-0.034336749252573434
6,0.1073586375310513,-0.03371516563709482
6,0.11023644332053903,-0.033089546433778726
6,0.11311424911002671,-0.03246048102242292
6,0.11599205489951442,-0.031828534811991
6,0.11886986068900211,-0.031194250463999183
6,0.12174766647848982,-0.03055814903541762
6,0.12462547226797754,-0.02992073104753816
6,0.12750327805746522,-0.029282477486740684
6,0.13038108384695293,-0.028643850742454686
6,0.13325888963644064,-0.028005295487177975
6,0.13613669542592835,-0.02736723950290245
6,0.13901450121541606,-0.02673009445799905
6,0.14189230700490374,-0.02609425663818264
6,0.14477011279439145,-0.025460107634862582
6,0.14764791858387916,-0.024828014993977115
6,0.15052572437336686,-0.024198332828026418
6,0.15340353016285457,-0.023571402393933905
6,0.15628133595234225,-0.022947552639006042
6,0.15915914174183,-0.022327100717193484
6,0.16203694753131767,-0.021710352477609395
6,0.16491475332080538,-0.021097602927132475
6,0.1677925591102931,-0.020489136668786444
6,0.17067036489978077,-0.019885228317432432
6,0.1735481706892685,-0.019286142894216485
6,0.17642597647875619,-0.018692136201103344
6,0.1793037822682439,-0.01810345517670536
6,0.1821815880577316,-0.017520338234589587
6,0.1850593938472193,-0.01694301558504359
6,0.18793719963670702,-0.016371709541373097
6,0.1908150054261947,-0.015806634811550292
6,0.1936928112156824,-0.015247998776150174
6,0.1965706170051701,-0.014696001753282667
6,0.19944842279465783,-0.01415083725131188
6,0.20232622858414553,-0.01361269221002919
6,0.20520403437363322,-0.013081747230916778
6,0.20808184016312092,-0.012558176797104878
6,0.21095964595260863,-0.012042149483586648
6,0.21383745174209634,-0.011533828158195583
6,0.21671525753158405,-0.011033370173868857
6,0.21959306332107173,-0.010540927552609552
6,0.22247086911055944,-0.010056647161618462
6,0.22534867490004717,-0.009580670881983649
6,0.22822648068953488,-0.009113135770292949
6,0.23110428647902254,-0.008654174213551089
6,0.23398209226851024,-0.008203914077712933
6,0.23685989805799795,-0.007762478850180274
6,0.2397377038474857,-0.007329987776489142
6,0.24261550963697334,-0.006906555991566059
6,0.24549331542646105,-0.006492294645726974
6,0.24837112121594876,-0.006087311025710988
6,0.2512489270054365,-0.005691708670981367
6,0.2541267327949242,-0.005305587485503713
6,0.25700453858441186,-0.004929043845197588
6,0.25988234437389957,-0.00456217070130186
6,0.2627601501633873,-0.004205057679788468
6,0.265637955952875,-0.0038577911770223184
6,0.2685157617423627,-0.00352045445186024
6,0.2713935675318504,-0.0031931277142896995
6,0.2742713733213381,-0.002875888210808804
6,0.2771491791108258,-0.0025688103066666837
6,0.2800269849003135,-0.00227196556509086
6,0.28290479068980123,-0.0019854228236413337
6,0.2857825964792889,-0.0017092482678225242
6,0.2886604022687766,-0.0014435055020355944
6,0.2915382080582643,-0.0011882556180055285
6,0.29441601384775207,-0.0009435572607841414
6,0.2972938196372398,-0.0007094666924241094
6,0.30017162542672743,-0.00048603785340492413
6,0.30304943121621514,-0.00027332242191557756
6,0.30592723700570285,-7.136987109085303e-5
6,0.30880504279519055,0.00011977247576873862
6,0.31168284858467826,0.00030005939184427646
6,0.3145606543741659,0.00046944769531273486
6,0.3174384601636536,0.0006278961996016749
6,0.32031626595314133,0.0007753656653493983
6,0.3231940717426291,0.0009118187539950832
6,0.3260718775321168,0.0010372199829486682
6,0.32894968332160446,0.0011515356822770725
6,0.33182748911109217,0.0012547339528243945
6,0.3347052949005799,0.0013467846257826824
6,0.3375831006900676,0.0014276592235936427
6,0.3404609064795553,0.001497330922156838
6,0.34333871226904294,0.0015557745143210731
6,0.34621651805853065,0.001602966374572888
6,0.3490943238480184,0.0016388844249316903
6,0.3519721296375061,0.0016635081019575936
6,0.35484993542699383,0.0016768183248708028
6,0.3577277412164815,0.001678797464735111
6,0.3606055470059692,0.0016694293146707177
6,0.3634833527954569,0.0016486990610543471
6,0.3663611585849446,0.0016165932556938378
6,0.3692389643744323,0.0015730997889270215
6,0.37211677016392,0.0015182078636255829
6,0.37499457595340774,0.0014519079700737725
6,0.37787238174289545,0.001374191861701604
6,0.38075018753238316,0.0012850525316199502
6,0.38362799332187086,0.0011844841899820806
6,0.3865057991113585,0.001072482242095533
6,0.3893836049008462,0.0009490432672889814
6,0.39226141069033393,0.0008141649985266018
6,0.39513921647982164,0.0006678463026983544
6,0.39801702226930935,0.0005100871616269676
6,0.40089482805879706,0.0003408886537271456
6,0.40377263384828477,0.00016025293632977825
6,0.4066504396377725,-3.1816771379522115e-5
6,0.4095282454272602,-0.0002353162047889188
6,0.41240605121674784,-0.0004502400696967098
6,0.41528385700623555,-0.0006765820575675728
6,0.41816166279572325,-0.0009143348601979578
6,0.42103946858521096,-0.0011634901838622922
6,0.4239172743746987,-0.0014240387628798273
6,0.4267950801641864,-0.001695970372673922
6,0.4296728859536741,-0.001979273842321284
6,0.4325506917431618,-0.0022739370665671994
6,0.4354284975326495,-0.0025799470173784654
6,0.4383063033221372,-0.0028972897550070447
6,0.44118410911162487,-0.003225950438559827
6,0.4440619149011126,-0.0035659133361424784
6,0.4469397206906003,-0.003917161834528924
6,0.449817526480088,-0.004279678448387966
6,0.4526953322695757,-0.004653444829075917
6,0.4555731380590634,-0.005038441773027463
6,0.4584509438485511,-0.00543464922968511
6,0.4613287496380388,-0.005842046309055536
6,0.46420655542752653,-0.006260611288847565
6,0.46708436121701424,-0.0066903216212089965
6,0.4699621670065019,-0.007131153939084477
6,0.4728399727959896,-0.007583084062179755
6,0.4757177785854773,-0.008046087002552754
6,0.4785955843749651,-0.008520136969837744
6,0.4814733901644528,-0.009005207376083105
6,0.4843511959539405,-0.009501270840240555
6,0.4872290017434282,-0.010008299192300644
6,0.4901068075329159,-0.010526263477065053
6,0.4929846133224035,-0.011055133957562243
6,0.4958624191118912,-0.011594880118127057
6,0.4987402249013789,-0.01214547066714843
6,0.5016180306908666,-0.012706873539439547
6,0.5044958364803543,-0.013279055898313514
6,0.507373642269842,-0.013861984137300682
6,0.5102514480593298,-0.01445562388153562
6,0.5131292538488175,-0.015059939988821144
6,0.5160070596383053,-0.01567489655034746
6,0.5188848654277929,-0.01630045689111505
6,0.5217626712172806,-0.016936583570000174
6,0.5246404770067683,-0.0175832383795156
6,0.527518282796256,-0.018240382345233997
6,0.5303960885857437,-0.01890797572490238
6,0.5332738943752314,-0.01958597800722625
6,0.5361517001647191,-0.02027434791032702
6,0.5390295059542068,-0.020973043379886792
6,0.5419073117436946,-0.02168202158696049
6,0.5447851175331823,-0.022401238925474097
6,0.5476629233226699,-0.02313065100938686
6,0.5505407291121577,-0.023870212669529774
6,0.5534185349016453,-0.024619877950134546
6,0.5562963406911331,-0.025379600105004865
6,0.5591741464806207,-0.026149331593378757
6,0.5620519522701085,-0.026929024075452338
6,0.5649297580595961,-0.02771862840756751
6,0.5678075638490838,-0.028518094637051322
6,0.5706853696385716,-0.029327371996750687
6,0.5735631754280593,-0.030146408899163406
6,0.5764409812175469,-0.030975152930289167
6,0.5793187870070348,-0.03181355084307443
6,0.5821965927965224,-0.0326615485505404
6,0.5850743985860102,-0.0335190911185249
6,0.5879522043754978,-0.03438612275808074
6,0.5908300101649855,-0.035262586817497596
6,0.5937078159544732,-0.036148425773944864
6,0.5965856217439609,-0.03704358122474333
6,0.5994634275334486,-0.03794799387825048
6,0.6023412333229363,-0.03886160354435244
6,0.6052190391124239,-0.03978434912456352
6,0.6080968449019117,-0.04071616860171252
6,0.6109746506913993,-0.041656999029224547
6,0.6138524564808872,-0.0426067765199921
6,0.6167302622703748,-0.04356543623479516
6,0.6196080680598626,-0.044532912370313135
6,0.6224858738493503,-0.045509138146679264
6,0.625363679638838,-0.04649404579458186
6,0.6282414854283257,-0.04748756654190814
6,0.6311192912178134,-0.04848963059991555
6,0.633997097007301,-0.04950016714892245
6,0.6368749027967888,-0.05051910432349107
6,0.6397527085862764,-0.051546369197133006
6,0.6426305143757642,-0.052581887766468556
6,0.6455083201652518,-0.05362558493488386
6,0.6483861259547395,-0.054677384495621095
6,0.6512639317442273,-0.05573720911433672
6,0.654141737533715,-0.05680498031107007
6,0.6570195433232027,-0.05788061844165027
6,0.6598973491126904,-0.0589640426784702
6,0.662775154902178,-0.06005517099068997
6,0.6656529606916658,-0.06115392012376589
6,0.6685307664811534,-0.062260205578353114
6,0.6714085722706412,-0.06337394158854166
6,0.6742863780601289,-0.0644950410993897
6,0.6771641838496166,-0.0656234157437748
6,0.6800419896391043,-0.06675897581848152
6,0.682919795428592,-0.06790163025959159
6,0.6857976012180798,-0.06905128661705434
6,0.6886754070075675,-0.07020785102848738
6,0.6915532127970551,-0.07137122819216198
6,0.6944310185865429,-0.07254132133913326
6,0.6973088243760305,-0.0737180322045037
6,0.7001866301655183,-0.07490126099779368
6,0.7030644359550059,-0.0760909063723756
6,0.7059422417444936,-0.07728686539395369
6,0.7088200475339813,-0.0784890335080628
6,0.711697853323469,-0.07969730450653122
6,0.7145756591129567,-0.0809115704929128
6,0.7174534649024444,-0.08213172184678627
6,0.720331270691932,-0.08335764718696223
6,0.7232090764814199,-0.08458923333351187
6,0.7260868822709076,-0.08582636526856989
6,0.7289646880603954,-0.08706892609590001
6,0.731842493849883,-0.08831679699916697
6,0.7347202996393707,-0.08956985719884582
6,0.7375981054288584,-0.09082798390775608
6,0.7404759112183461,-0.09209105228514007
6,0.7433537170078338,-0.09335893538924649
6,0.7462315227973215,-0.09463150412835558
6,0.7491093285868091,-0.09590862721019626
6,0.7519871343762969,-0.09719017108967729
6,0.7548649401657845,-0.09847599991489318
6,0.7577427459552724,-0.09976597547130263
6,0.76062055174476,-0.10105995712404096
6,0.7634983575342477,-0.10235780175827566
6,0.7663761633237354,-0.10365936371750684
6,0.7692539691132231,-0.10496449473978789
6,0.7721317749027108,-0.10627304389172544
6,0.7750095806921985,-0.10758485750016522
6,0.7778873864816862,-0.1088997790815247
6,0.780765192271174,-0.11021764926861101
6,0.7836429980606616,-0.11153830573485096
6,0.7865208038501494,-0.11286158311580666
6,0.789398609639637,-0.1141873129278715
6,0.7922764154291247,-0.11551532348401548
6,0.7951542212186125,-0.11684543980645737
6,0.7980320270081002,-0.1181774835361042
6,0.8009098327975879,-0.1195112728386357
6,0.8037876385870756,-0.12084662230709008
6,0.8066654443765632,-0.1221833428607413
6,0.809543250166051,-0.12352124164016191
6,0.8124210559555386,-0.12486012189823864
6,0.8152988617450264,-0.12619978288696754
6,0.818176667534514,-0.12754001973985127
6,0.8210544733240017,-0.12888062334964007
6,0.8239322791134894,-0.1302213802412191
6,0.8268100849029771,-0.13156207243941467
6,0.829687890692465,-0.1329024773314205
6,0.8325656964819527,-0.13424236752362248
6,0.8354435022714403,-0.13558151069250934
6,0.8383213080609281,-0.13691966942937428
6,0.8411991138504157,-0.1382566010784746
6,0.8440769196399035,-0.13959205756832754
6,0.8469547254293911,-0.14092578523576602
6,0.8498325312188788,-0.14225752464233787
6,0.8527103370083665,-0.14358701038270408
6,0.8555881427978542,-0.14491397088451682
6,0.8584659485873418,-0.14623812819936594
6,0.8613437543768296,-0.14755919778424667
6,0.8642215601663172,-0.1488768882730613
6,0.8670993659558051,-0.15019090123753068
6,0.8699771717452927,-0.1515009309369297
6,0.8728549775347805,-0.1528066640559998
6,0.8757327833242681,-0.15410777943030468
6,0.8786105891137558,-0.15540394775828714
6,0.8814883949032436,-0.15669483129923942
6,0.8843662006927313,-0.15798008355628557
6,0.8872440064822189,-0.15925934894343782
6,0.8901218122717067,-0.16053226243577093
6,0.8929996180611943,-0.1617984492015551
6,0.8958774238506821,-0.1630575242152541
6,0.8987552296401697,-0.1643090918500597
6,0.9016330354296576,-0.1655527454486664
6,0.9045108412191452,-0.16678806687075592
6,0.9073886470086329,-0.16801462601564526
6,0.9102664527981206,-0.16923198031832476
6,0.9131442585876083,-0.17043967421707742
6,0.9160220643770959,-0.1716372385905838
6,0.9188998701665837,-0.1728241901623366
6,0.9217776759560713,-0.174000030869974
6,0.9246554817455591,-0.17516424719686077
6,0.9275332875350467,-0.1763163094631272
6,0.9304110933245345,-0.17745567107299026
6,0.9332888991140222,-0.1785817677149681
6,0.93616670490351,-0.17969401651125136
6,0.9390445106929977,-0.18079181511210013
6,0.9419223164824854,-0.18187454073082115
6,0.944800122271973,-0.18294154911429106
6,0.9476779280614608,-0.18399217344364743
6,0.9505557338509484,-0.18502572315903856
6,0.9534335396404362,-0.18604148270188361
6,0.9563113454299238,-0.18703871016712093
6,0.9591891512194115,-0.18801663585742506
6,0.9620669570088992,-0.1889744607301952
6,0.9649447627983869,-0.18991135472723966
6,0.9678225685878746,-0.19082645497588094
6,0.9707003743773623,-0.1917188638488593
6,0.9735781801668499,-0.19258764686889143
6,0.9764559859563378,-0.1934318304420824
6,0.9793337917458254,-0.19425039940228833
6,0.9822115975353132,-0.19504229434636225
6,0.9850894033248008,-0.19580640873750976
6,0.9879672091142886,-0.19654158575100364
6,0.9908450149037763,-0.19724661483295086
6,0.993722820693264,-0.19792022793872466
6,0.9966006264827517,-0.19856109541291883
6,0.9994784322722394,-0.19916782146707546
6,1.002356238061727,-0.19973893920490057
6,1.0052340438512148,-0.20027290513686244
6,1.0081118496407024,-0.20076809311702015
6,1.0109896554301903,-0.20122278762388052
6,1.013867461219678,-0.20163517629415476
6,1.0167452670091657,-0.2020033416025921
6,1.0196230727986533,-0.20232525156222064
6,1.022500878588141,-0.2025987492964049
6,1.0253786843776287,-0.20282154130635519
6,1.0282564901671165,-0.2029911842234156
6,1.031134295956604,-0.2031050697933408
6,1.0340121017460917,-0.20316040778742925
6,1.0368899075355795,-0.20315420646983673
6,1.0397677133250671,-0.20308325016796888
6,1.042645519114555,-0.20294407338806514
6,1.0455233249040425,-0.2027329307840605
6,1.0484011306935304,-0.20244576211436968
6,1.051278936483018,-0.20207815109523564
6,1.0541567422725058,-0.2016252767608279
6,1.0570345480619934,-0.2010818555423945
6,1.0599123538514812,-0.2004420717410089
6,1.062790159640969,-0.1996994933320563
6,1.0656679654304566,-0.1988469690157445
6,1.0685457712199444,-0.1978765009810262
6,1.0714235770094318,-0.19677908576730593
6,1.0743013827989198,-0.19554451254881156
6,1.0771791885884072,-0.19416110356856356
6,1.0800569943778953,-0.19261537435924578
6,1.0829348001673826,-0.1908915801327209
6,1.0858126059568707,-0.18897109623952812
6,1.088690411746358,-0.18683154905011062
6,1.0915682175358459,-0.184445557216232
6,1.0944460233253335,-0.18177883677632714
6,1.0973238291148213,-0.1787872085054541
6,1.100201634904309,-0.17541157352396583
6,1.1030794406937967,-0.17156876613463837
6,1.1059572464832843,-0.1671329053069344
6,1.1088350522727721,-0.161890240977012
6,1.1117128580622597,-0.15539066905410226
6,1.1145906638517475,-0.1455165240676146
7,-0.05232558139534883,-0.017853921087680642
7,-0.049384994237403286,-0.02245981956861209
7,-0.046444407079457725,-0.02625431066013711
7,-0.04350381992151218,-0.029530451905114222
7,-0.04056323276356663,-0.03240338375899315
7,-0.03762264560562108,-0.034946048550589144
7,-0.03468205844767552,-0.03721009199427478
7,-0.03174147128972997,-0.03923433146949003
7,-0.028800884131784422,-0.04104911531439226
7,-0.025860296973838872,-0.042678861376671956
7,-0.02291970981589332,-0.044143655377373414
7,-0.019979122657947768,-0.045460314555534
7,-0.01703853550000222,-0.046643125813069994
7,-0.014097948342056667,-0.04770437530446685
7,-0.011157361184111113,-0.04865473888555427
7,-0.008216774026165559,-0.04950357661823497
7,-0.005276186868220012,-0.050259159267434496
7,-0.002335599710274465,-0.050928845446773306
7,0.000604987447671089,-0.05151922221721175
7,0.003545574605616643,-0.052036218136201955
7,0.006486161763562197,-0.0524851952116921
7,0.009426748921507744,-0.05287102447609363
7,0.012367336079453298,-0.053198148681061264
7,0.015307923237398845,-0.053470634750661064
7,0.01824851039534439,-0.05369221800624249
7,0.02118909755328994,-0.05386633971841071
7,0.024129684711235506,-0.05399617920085348
7,0.02707027186918106,-0.05408468140430814
7,0.030010859027126607,-0.05413458077352609
7,0.032951446185072154,-0.05414842197986502
7,0.0358920333430177,-0.05412857802518808
7,0.038832620500963255,-0.05407726612123652
7,0.0417732076589088,-0.053996561676194925
7,0.04471379481685436,-0.05388841066246157
7,0.04765438197479992,-0.053754640593322155
7,0.05059496913274547,-0.05359697029884648
7,0.05353555629069102,-0.053417018660820194
7,0.05647614344863656,-0.05321631244173438
7,0.05941673060658211,-0.052996293322257484
7,0.062357317764527666,-0.052758324244750125
7,0.06529790492247323,-0.052503695146313936
7,0.06823849208041877,-0.05223362815297122
7,0.07117907923836433,-0.05194928229687072
7,0.07411966639630987,-0.05165175780996363
7,0.07706025355425541,-0.051342100040611426
7,0.08000084071220097,-0.051021303033571205
7,0.08294142787014652,-0.05069031280874448
7,0.08588201502809208,-0.05035003036965592
7,0.08882260218603763,-0.05000131446890917
7,0.09176318934398317,-0.04964498415465151
7,0.09470377650192871,-0.049281821119235764
7,0.0976443636598743,-0.048912571868904464
7,0.10058495081781985,-0.048537949731156105
7,0.10352553797576539,-0.048158636714695856
7,0.10646612513371095,-0.04777528523519132
7,0.1094067122916565,-0.047388519718692616
7,0.11234729944960203,-0.04699893809335285
7,0.11528788660754759,-0.046607113178950464
7,0.11822847376549314,-0.04621359398278274
7,0.1211690609234387,-0.04581890690970855
7,0.12410964808138425,-0.04542355689320268
7,0.1270502352393298,-0.04502802845385805
7,0.12999082239727533,-0.04463278669092164
7,0.1329314095552209,-0.04423827821211339
7,0.13587199671316644,-0.04384493200642163
7,0.138812583871112,-0.04345316026413224
7,0.14175317102905757,-0.0430633591480138
7,0.1446937581870031,-0.042675909519216834
7,0.14763434534494868,-0.042291177621122375
7,0.15057493250289422,-0.0419095157241448
7,0.15351551966083976,-0.041531262734198666
7,0.1564561068187853,-0.04115674476731753
7,0.15939669397673087,-0.040786275692761435
7,0.1623372811346764,-0.040420157646693954
7,0.16527786829262198,-0.04005868151837624
7,0.16821845545056752,-0.03970212741070063
7,0.17115904260851306,-0.03935076507667705
7,0.1740996297664586,-0.03900485433342554
7,0.17704021692440416,-0.03866464545510213
7,0.1799808040823497,-0.038330379546016924
7,0.18292139124029527,-0.03800228889520675
7,0.18586197839824084,-0.03768059731357108
7,0.18880256555618638,-0.037365520454581684
7,0.19174315271413195,-0.037057266119606865
7,0.1946837398720775,-0.0367560345486531
7,0.19762432703002303,-0.036462018697470996
7,0.20056491418796857,-0.03617540450170936
7,0.20350550134591414,-0.03589637112892714
7,0.20644608850385968,-0.03562509121907604
7,0.20938667566180522,-0.03536173111413749
7,0.21232726281975078,-0.03510645107746066
7,0.21526784997769632,-0.034859405503431355
7,0.21820843713564186,-0.03462074311787911
7,0.22114902429358743,-0.034390607169830556
7,0.22408961145153297,-0.03416913561496523
7,0.22703019860947854,-0.03395646129126071
7,0.22997078576742408,-0.033752712087197746
7,0.23291137292536962,-0.033558011102924175
7,0.23585196008331516,-0.0333724768047162
7,0.23879254724126073,-0.03319622317306135
7,0.24173313439920627,-0.033029359844708395
7,0.2446737215571519,-0.03287199224894361
7,0.24761430871509743,-0.032724221738391436
7,0.25055489587304297,-0.03258614571459511
7,0.2534954830309885,-0.03245785774862718
7,0.25643607018893405,-0.032339447696950074
7,0.25937665734687965,-0.032231001812772796
7,0.2623172445048252,-0.032132602853075745
7,0.2652578316627707,-0.03204433018153924
7,0.26819841882071627,-0.03196625986751828
7,0.2711390059786618,-0.031898464781281034
7,0.27407959313660735,-0.03184101468564832
7,0.27702018029455294,-0.03179397632420946
7,0.2799607674524985,-0.03175741350623137
7,0.282901354610444,-0.03173138718845679
7,0.28584194176838956,-0.031715955553877836
7,0.2887825289263351,-0.03171117408762027
7,0.29172311608428064,-0.03171709565008996
7,0.29466370324222624,-0.03173377054744629
7,0.2976042904001718,-0.03176124659956404
7,0.3005448775581173,-0.03179956920554153
7,0.30348546471606286,-0.03184878140687192
7,0.3064260518740084,-0.031908923948407476
7,0.30936663903195394,-0.03198003533710731
7,0.31230722618989953,-0.03206215189877469
7,0.3152478133478451,-0.032155307832770035
7,0.3181884005057906,-0.03225953526483104
7,0.32112898766373615,-0.03237486429803936
7,0.3240695748216817,-0.032501323062026535
7,0.32701016197962723,-0.032638937760475904
7,0.3299507491375729,-0.03278773271698277
7,0.3328913362955184,-0.03294773041933125
7,0.33583192345346397,-0.03311895156226679
7,0.3387725106114095,-0.03330141508876122
7,0.34171309776935505,-0.03349513822992275
7,0.34465368492730064,-0.03370013654347584
7,0.3475942720852462,-0.033916423950991835
7,0.3505348592431917,-0.03414401277377898
7,0.35347544640113726,-0.03438291376760546
7,0.3564160335590828,-0.03463313615619665
7,0.35935662071702834,-0.03489468766361046
7,0.3622972078749739,-0.03516757454549286
7,0.3652377950329195,-0.035451801619265505
7,0.368178382190865,-0.03574737229327481
7,0.37111896934881056,-0.03605428859495012
7,0.3740595565067561,-0.03637255119797331
7,0.37700014366470164,-0.03670215944852562
7,0.37994073082264723,-0.0370431113906063
7,0.3828813179805928,-0.03739540379049243
7,0.3858219051385383,-0.037759032160314045
7,0.38876249229648385,-0.038133990780827506
7,0.3917030794544294,-0.038520272723361317
7,0.39464366661237493,-0.038917869870990836
7,0.3975842537703205,-0.039326772938958074
7,0.40052484092826607,-0.03974697149433903
7,0.4034654280862116,-0.040178453975014405
7,0.40640601524415715,-0.04062120770791821
7,0.4093466024021027,-0.04107521892663971
7,0.41228718956004823,-0.04154047278833525
7,0.4152277767179939,-0.04201695339001565
7,0.4181683638759394,-0.042504643784204675
7,0.42110895103388496,-0.04300352599398806
7,0.4240495381918305,-0.04351358102746622
7,0.42699012534977604,-0.0440347888916224
7,0.4299307125077216,-0.04456712860563954
7,0.4328712996656672,-0.04511057821365682
7,0.4358118868236127,-0.045665114796985526
7,0.43875247398155826,-0.04623071448578654
7,0.4416930611395038,-0.04680735247026499
7,0.44463364829744934,-0.047395003011322684
7,0.4475742354553949,-0.04799363945075321
7,0.45051482261334047,-0.048603234220918314
7,0.453455409771286,-0.049223758853975244
7,0.45639599692923155,-0.049855183990631755
7,0.4593365840871771,-0.050497479388445995
7,0.46227717124512263,-0.05115061392967944
7,0.46521775840306817,-0.05181455562870737
7,0.46815834556101377,-0.05248927163900451
7,0.4710989327189593,-0.05317472825970201
7,0.4740395198769049,-0.05387089094171567
7,0.4769801070348504,-0.05457772429350104
7,0.479920694192796,-0.0552951920863424
7,0.48286128135074147,-0.05602325725929956
7,0.4858018685086871,-0.056761881923732875
7,0.4887424556666326,-0.05751102736743492
7,0.4916830428245782,-0.05827065405839303
7,0.4946236299825237,-0.059040721648163576
7,0.4975642171404693,-0.05982118897487136
7,0.5005048042984148,-0.06061201406582951
7,0.5034453914563604,-0.06141315413981006
7,0.5063859786143059,-0.062224565608922956
7,0.5093265657722514,-0.06304620408015553
7,0.512267152930197,-0.06387802435653137
7,0.5152077400881426,-0.06471998043793217
7,0.5181483272460881,-0.06557202552154183
7,0.5210889144040337,-0.06643411200194724
7,0.5240295015619791,-0.06730619147089446
7,0.5269700887199248,-0.06818821471667258
7,0.5299106758778703,-0.069080131723163
7,0.5328512630358159,-0.06998189166853222
7,0.5357918501937614,-0.07089344292357408
7,0.5387324373517071,-0.07181473304970552
7,0.5416730245096526,-0.07274570879660383
7,0.5446136116675981,-0.07368631609950722
7,0.5475541988255437,-0.0746365000761466
7,0.5504947859834893,-0.07559620502334108
7,0.5534353731414348,-0.07656537441322632
7,0.5563759602993804,-0.07754395088913975
7,0.5593165474573258,-0.07853187626113649
7,0.5622571346152715,-0.07952909150115288
7,0.565197721773217,-0.08053553673781269
7,0.5681383089311626,-0.08155115125085158
7,0.5710788960891081,-0.082575873465196
7,0.5740194832470537,-0.08360964094465864
7,0.5769600704049992,-0.08465239038525459
7,0.5799006575629448,-0.08570405760815256
7,0.5828412447208903,-0.08676457755223929
7,0.5857818318788359,-0.08783388426628966
7,0.5887224190367814,-0.08891191090075252
7,0.591663006194727,-0.08999858969913348
7,0.5946035933526724,-0.09109385198898969
7,0.5975441805106181,-0.09219762817248982
7,0.6004847676685636,-0.09330984771659222
7,0.6034253548265092,-0.09443043914277494
7,0.6063659419844547,-0.09555933001634215
7,0.6093065291424002,-0.09669644693532496
7,0.6122471163003458,-0.09784171551888457
7,0.6151877034582914,-0.09899506039532337
7,0.6181282906162369,-0.10015640518958267
7,0.6210688777741825,-0.10132567251032155
7,0.6240094649321279,-0.10250278393647999
7,0.6269500520900736,-0.10368766000337203
7,0.629890639248019,-0.10488022018827431
7,0.6328312264059647,-0.10608038289551829
7,0.6357718135639102,-0.10728806544104129
7,0.6387124007218558,-0.10850318403642595
7,0.6416529878798013,-0.10972565377238559
7,0.6445935750377468,-0.11095538860168698
7,0.6475341621956924,-0.11219230132151646
7,0.650474749353638,-0.11343630355526022
7,0.6534153365115835,-0.11468730573366757
7,0.6563559236695291,-0.11594521707541093
7,0.6592965108274745,-0.11720994556702903
7,0.6622370979854202,-0.11848139794219323
7,0.6651776851433656,-0.11975947966033665
7,0.6681182723013113,-0.12104409488458229
7,0.6710588594592568,-0.12233514645897364
7,0.6739994466172023,-0.12363253588498745
7,0.6769400337751479,-0.12493616329729426
7,0.6798806209330934,-0.12624592743876917
7,0.682821208091039,-0.12756172563469612
7,0.6857617952489846,-0.12888345376618027
7,0.68870238240693,-0.1302110062427097
7,0.6916429695648757,-0.1315442759738661
7,0.6945835567228211,-0.13288315434014927
7,0.6975241438807668,-0.13422753116286665
7,0.7004647310387122,-0.13557729467310756
7,0.703405318196658,-0.13693233147972012
7,0.7063459053546034,-0.13829252653628732
7,0.709286492512549,-0.13965776310705405
7,0.7122270796704946,-0.14102792273180667
7,0.7151676668284401,-0.14240288518959882
7,0.7181082539863857,-0.14378252846135975
7,0.7210488411443313,-0.14516672869130803
7,0.7239894283022767,-0.1465553601471146
7,0.7269300154602224,-0.14794829517881875
7,0.7298706026181678,-0.1493454041764072
7,0.7328111897761135,-0.15074655552602675
7,0.7357517769340589,-0.15215161556478188
7,0.7386923640920046,-0.15356044853407308
7,0.7416329512499501,-0.15497291653139014
7,0.7445735384078956,-0.15638887946055183
7,0.7475141255658412,-0.1578081949802762
7,0.7504547127237867,-0.1592307184510645
7,0.7533952998817323,-0.16065630288031946
7,0.7563358870396779,-0.1620847988656177
7,0.7592764741976233,-0.16351605453606646
7,0.762217061355569,-0.16494991549168297
7,0.7651576485135144,-0.16638622474071427
7,0.7680982356714601,-0.16782482263478787
7,0.7710388228294055,-0.16926554680184377
7,0.7739794099873512,-0.1707082320767214
7,0.7769199971452967,-0.17215271042933494
7,0.7798605843032422,-0.17359881089030482
7,0.7828011714611878,-0.17504635947396976
7,0.7857417586191333,-0.17649517909862256
7,0.7886823457770789,-0.1779450895039127
7,0.7916229329350245,-0.17939590716521564
7,0.7945635200929699,-0.18084744520491466
7,0.7975041072509156,-0.18229951330038707
7,0.800444694408861,-0.18375191758858753
7,0.8033852815668067,-0.18520446056707165
7,0.8063258687247521,-0.18665694099127556
7,0.8092664558826977,-0.18810915376789614
7,0.8122070430406433,-0.18956088984418412
7,0.8151476301985888,-0.19101193609295616
7,0.8180882173565344,-0.19246207519311703
7,0.8210288045144799,-0.1939110855054884
7,0.8239693916724254,-0.19535874094369585
7,0.8269099788303711,-0.1968048108398829
7,0.8298505659883165,-0.19824905980501123
7,0.8327911531462622,-0.1996912475834314
7,0.8357317403042076,-0.20113112890146873
7,0.8386723274621533,-0.20256845330970935
7,0.8416129146200987,-0.20400296501865872
7,0.8445535017780443,-0.2054344027274101
7,0.8474940889359899,-0.20686249944497495
7,0.8504346760939354,-0.20828698230387324
7,0.853375263251881,-0.2097075723655605
7,0.8563158504098265,-0.21112398441722982
7,0.859256437567772,-0.2125359267595677
7,0.8621970247257177,-0.21394310098485825
7,0.8651376118836631,-0.21534520174500602
7,0.8680781990416089,-0.21674191650879193
7,0.8710187861995542,-0.21813292530780884
7,0.8739593733575,-0.21951790047038253
7,0.8768999605154453,-0.2208965063427538
7,0.879840547673391,-0.22226839899680198
7,0.8827811348313366,-0.2236332259234179
7,0.8857217219892821,-0.2249906257107096
7,0.8886623091472277,-0.22634022770606801
7,0.8916028963051732,-0.2276816516610368
7,0.8945434834631187,-0.22901450735794357
7,0.8974840706210644,-0.2303383942170833
7,0.9004246577790098,-0.2316529008831684
7,0.9033652449369555,-0.2329576047896443
7,0.9063058320949009,-0.23425207169946052
7,0.9092464192528465,-0.23553585522056206
7,0.912187006410792,-0.23680849629443895
7,0.9151275935687376,-0.23806952265582024
7,0.9180681807266832,-0.23931844826141144
7,0.9210087678846287,-0.2405547726854702
7,0.9239493550425742,-0.2417779804797879
7,0.9268899422005198,-0.2429875404953746
7,0.9298305293584653,-0.24418290516300914
7,0.932771116516411,-0.24536350972943685
7,0.9357117036743564,-0.2465287714457701
7,0.9386522908323021,-0.24767808870432304
7,0.9415928779902475,-0.24881084011965776
7,0.9445334651481931,-0.2499263835493488
7,0.9474740523061387,-0.251024055049377
7,0.9504146394640842,-0.25210316775864156
7,0.9533552266220298,-0.2531630107064841
7,0.9562958137799753,-0.25420284753643635
7,0.9592364009379208,-0.2552219151387583
7,0.9621769880958664,-0.25621942218343524
7,0.9651175752538119,-0.2571945475444301
7,0.9680581624117576,-0.2581464386049256
7,0.970998749569703,-0.2590742094321059
7,0.9739393367276487,-0.25997693880870787
7,0.9768799238855941,-0.26085366810696076
7,0.9798205110435397,-0.2617033989888937
7,0.9827610982014853,-0.26252509091485676
7,0.9857016853594308,-0.2633176584398995
7,0.9886422725173764,-0.26407996827486485
7,0.9915828596753219,-0.26481083608614425
7,0.9945234468332674,-0.26550902300428336
7,0.997464033991213,-0.266173231807632
7,1.0004046211491586,-0.266802102742304
7,1.0033452083071042,-0.2673942089340888
7,1.0062857954650497,-0.2679480513412529
7,1.0092263826229952,-0.2684620531893577
7,1.0121669697809408,-0.2689345538199018
7,1.0151075569388863,-0.2693638018734734
7,1.0180481440968319,-0.26974794771498306
7,1.0209887312547774,-0.27008503499257164
7,1.023929318412723,-0.2703729912027077
7,1.0268699055706687,-0.2706096171107717
7,1.029810492728614,-0.27079257484812513
7,1.0327510798865596,-0.2709193744720002
7,1.0356916670445053,-0.2709873587317362
7,1.0386322542024509,-0.27099368573178684
7,1.0415728413603962,-0.27093530911547503
7,1.0445134285183417,-0.27080895530978727
7,1.0474540156762875,-0.27061109726527355
7,1.050394602834233,-0.2703379239890287
7,1.0533351899921783,-0.2699853049929551
7,1.056275777150124,-0.2695487485499981
7,1.0592163643080696,-0.2690233523484976
7,1.0621569514660152,-0.2684037447309278
7,1.0650975386239605,-0.2676840141578894
7,1.0680381257819063,-0.2668576237910916
7,1.0709787129398518,-0.2659173070503274
7,1.0739193000977973,-0.2648549385315583
7,1.0768598872557429,-0.2636613725600608
7,1.0798004744136884,-0.26232623854866394
7,1.082741061571634,-0.2608376776664138
7,1.0856816487295795,-0.25918199813068693
7,1.088622235887525,-0.2573432150168204
7,1.0915628230454706,-0.255302421730865
7,1.0945034102034161,-0.2530369082839459
7,1.097443997361362,-0.2505188842953858
7,1.1003845845193072,-0.2477135566122458
7,1.1033251716772527,-0.24457609325050592
7,1.1062657588351985,-0.24104652612448804
7,1.109206345993144,-0.2370404712037514
7,1.1121469331510894,-0.2324302094996367
7,1.115087520309035,-0.2269988784088417
7,1.1180281074669807,-0.22028983293890117
7,1.1209686946249262,-0.21015467863676418
8,-0.05118601747815232,-0.019556458309528534
8,-0.0482202467863534,-0.024006844629575044
8,-0.04525447609455447,-0.02767568102876511
8,-0.04228870540275555,-0.030860318002751866
8,-0.039322934710956624,-0.03366779128952518
8,-0.0363571640191577,-0.03616510796195025
8,-0.03339139332735877,-0.03839974055804652
8,-0.030425622635559847,-0.040407510705364046
8,-0.027459851943760927,-0.04221655646373845
8,-0.024494081251962008,-0.04384962230780931
8,-0.02152831056016308,-0.045325497846023355
8,-0.018562539868364158,-0.046659976258570386
8,-0.015596769176565238,-0.04786652119906265
8,-0.012630998484766308,-0.048956746889503584
8,-0.009665227792967385,-0.04994077337464546
8,-0.0066994571011684614,-0.0508274954727617
8,-0.0037336864093695382,-0.05162479036785967
8,-0.0007679157175706219,-0.05233968053291041
8,0.0021978549742283082,-0.05297846346578073
8,0.0051636256660272314,-0.05354681632775566
8,0.008129396357826155,-0.05404988130443176
8,0.011095167049625078,-0.05449233595282133
8,0.014060937741424001,-0.05487845170957956
8,0.017026708433222924,-0.055212142959081265
8,0.019992479125021848,-0.05549700849744126
8,0.02295824981682077,-0.05573636681461719
8,0.0259240205086197,-0.05593328630822986
8,0.028889791200418617,-0.05609061130959735
8,0.03185556189221754,-0.056210984624747225
8,0.03482133258401647,-0.05629686715584962
8,0.03778710327581539,-0.05635055506167979
8,0.04075287396761432,-0.056374194831750345
8,0.04371864465941324,-0.056369796582202696
8,0.04668441535121216,-0.05633924582842318
8,0.04965018604301108,-0.05628431394666551
8,0.05261595673481001,-0.05620666750233868
8,0.05558172742660893,-0.05610787659447142
8,0.05854749811840785,-0.05598942234278824
8,0.06151326881020678,-0.055852703624756965
8,0.0644790395020057,-0.055699043154280654
8,0.06744481019380463,-0.05552969298048141
8,0.07041058088560354,-0.055345839474147986
8,0.07337635157740247,-0.055148607860113816
8,0.0763421222692014,-0.054939066346058996
8,0.07930789296100031,-0.05471822989167584
8,0.08227366365279924,-0.054487063656475196
8,0.08523943434459816,-0.054246486159691854
8,0.0882052050363971,-0.05399737218175976
8,0.09117097572819602,-0.05374055543314304
8,0.09413674641999495,-0.05347683101337735
8,0.09710251711179387,-0.053206957680500364
8,0.10006828780359278,-0.05293165994873206
8,0.10303405849539171,-0.05265163003035646
8,0.10599982918719063,-0.052367529635939235
8,0.10896559987898954,-0.0520799916455384
8,0.1119313705707885,-0.0517896216622209
8,0.1148971412625874,-0.05149699945807278
8,0.1178629119543863,-0.051202680321721976
8,0.12082868264618526,-0.050907196315689934
8,0.12379445333798417,-0.050611057450887134
8,0.1267602240297831,-0.050314752784967075
8,0.12972599472158203,-0.05001875145055712
8,0.13269176541338093,-0.049723503618884383
8,0.1356575361051799,-0.0494294414037296
8,0.1386233067969788,-0.04913697971023688
8,0.1415890774887777,-0.04884651703271125
8,0.14455484818057665,-0.04855843620513074
8,0.14752061887237555,-0.048273105107826814
8,0.15048638956417448,-0.047990877333423554
8,0.1534521602559734,-0.04771209281496813
8,0.15641793094777234,-0.0474370784187927
8,0.15938370163957125,-0.047166148504614376
8,0.1623494723313702,-0.046899605455007855
8,0.1653152430231691,-0.04663774017635614
8,0.168281013714968,-0.04638083257310457
8,0.17124678440676697,-0.04612915199709051
8,0.17421255509856587,-0.04588295767352117
8,0.1771783257903648,-0.04564249910509055
8,0.18014409648216373,-0.045408016455607034
8,0.18310986717396263,-0.04517974091436246
8,0.1860756378657616,-0.04495789504247861
8,0.1890414085575605,-0.04474269310225153
8,0.1920071792493594,-0.04453434137054716
8,0.19497294994115835,-0.044333038437180415
8,0.19793872063295725,-0.04413897548913195
8,0.20090449132475618,-0.04395233658143543
8,0.20387026201655511,-0.04377329889550256
8,0.20683603270835405,-0.04360203298554079
8,0.20980180340015295,-0.04343870301380376
8,0.21276757409195185,-0.04328346697520624
8,0.2157333447837508,-0.043136476911952756
8,0.21869911547554974,-0.042997879118659495
8,0.22166488616734864,-0.042867814338514734
8,0.22463065685914757,-0.04274641795093373
8,0.2275964275509465,-0.04263382015114237
8,0.2305621982427454,-0.042530146122131025
8,0.23352796893454433,-0.04243551619933226
8,0.2364937396263433,-0.04235004602843298
8,0.23945951031814222,-0.04227384671661396
8,0.2424252810099411,-0.04220702497759324
8,0.24539105170174005,-0.042149683270738404
8,0.24835682239353898,-0.042101919934545255
8,0.2513225930853379,-0.04206382931477299
8,0.2542883637771368,-0.042035501887459734
8,0.25725413446893575,-0.04201702437707609
8,0.2602199051607346,-0.0420084798700514
8,0.2631856758525336,-0.04200994792386633
8,0.26615144654433254,-0.04202150467192744
8,0.2691172172361314,-0.04204322292440568
8,0.27208298792793034,-0.042075172265249434
8,0.27504875861972927,-0.042117419145487535
8,0.2780145293115282,-0.04217002697304039
8,0.28098030000332713,-0.04223305619916588
8,0.28394607069512606,-0.042306564401676156
8,0.28691184138692494,-0.042390606365091045
8,0.28987761207872387,-0.042485234157843006
8,0.29284338277052285,-0.04259049720663333
8,0.29580915346232173,-0.0427064423681316
8,0.29877492415412066,-0.042833113998026785
8,0.3017406948459196,-0.04297055401762381
8,0.30470646553771846,-0.04311880197805199
8,0.30767223622951745,-0.043277895122168716
8,0.3106380069213164,-0.04344786844426906
8,0.3136037776131153,-0.04362875474768743
8,0.3165695483049142,-0.04382058470037364
8,0.3195353189967131,-0.04402338688849325
8,0.3225010896885121,-0.04423718786818016
8,0.325466860380311,-0.0444620122154797
8,0.3284326310721099,-0.044697882574523985
8,0.33139840176390883,-0.04494481970408824
8,0.3343641724557077,-0.04520284252249154
8,0.3373299431475067,-0.04547196815096381
8,0.3402957138393056,-0.04575221195553146
8,0.3432614845311045,-0.046043587587428145
8,0.34622725522290343,-0.046346107022157086
8,0.34919302591470236,-0.046659780597183134
8,0.3521587966065013,-0.04698461704834414
8,0.3551245672983002,-0.04732062354501357
8,0.35809033799009915,-0.047667805724048225
8,0.361056108681898,-0.048026167722584674
8,0.364021879373697,-0.04839571220969824
8,0.36698765006549594,-0.04877644041698501
8,0.3699534207572948,-0.04916835216807157
8,0.37291919144909375,-0.049571445907141645
8,0.3758849621408927,-0.049985718726425224
8,0.37885073283269155,-0.050411166392791175
8,0.38181650352449054,-0.05084778337337415
8,0.38478227421628947,-0.051295562860315176
8,0.38774804490808834,-0.051754496794650676
8,0.39071381559988727,-0.052224575889343657
8,0.3936795862916862,-0.05270578965149176
8,0.3966453569834852,-0.053198126403774026
8,0.39961112767528406,-0.05370157330509007
8,0.402576898367083,-0.05421611637048068
8,0.4055426690588819,-0.05474174049031125
8,0.40850843975068085,-0.05527842944874803
8,0.4114742104424798,-0.05582616594155405
8,0.4144399811342787,-0.056384931593219584
8,0.4174057518260776,-0.05695470697342275
8,0.4203715225178765,-0.057535471612899174
8,0.4233372932096755,-0.058127204018650555
8,0.4263030639014744,-0.05872988168857635
8,0.4292688345932733,-0.059343481125520924
8,0.43223460528507224,-0.05996797785074948
8,0.4352003759768711,-0.060603346416844395
8,0.43816614666867004,-0.06124956042010455
8,0.44113191736046903,-0.061906592512355
8,0.4440976880522679,-0.06257441441228706
8,0.44706345874406683,-0.06325299691625844
8,0.45002922943586576,-0.06394230990861914
8,0.4529950001276647,-0.06464232237152652
8,0.4559607708194636,-0.0653530023943041
8,0.45892654151126255,-0.0660743171823288
8,0.46189231220306143,-0.0668062330654457
8,0.46485808289486036,-0.06754871550595892
8,0.46782385358665934,-0.06830172910616132
8,0.4707896242784582,-0.06906523761543021
8,0.47375539497025715,-0.06983920393691417
8,0.476721165662056,-0.07062359013378353
8,0.479686936353855,-0.07141835743507606
8,0.48265270704565394,-0.07222346624114528
8,0.4856184777374528,-0.07303887612867868
8,0.4885842484292518,-0.07386454585536059
8,0.4915500191210507,-0.07470043336411647
8,0.49451578981284955,-0.07554649578698658
8,0.4974815605046486,-0.07640268944861374
8,0.5004473311964475,-0.07726896986936146
8,0.5034131018882464,-0.07814529176805096
8,0.5063788725800453,-0.0790316090643377
8,0.5093446432718443,-0.07992787488071687
8,0.5123104139636431,-0.08083404154417985
8,0.5152761846554421,-0.08175006058749608
8,0.518241955347241,-0.08267588275013986
8,0.52120772603904,-0.08361145797887935
8,0.5241734967308389,-0.08455673542799612
8,0.5271392674226377,-0.08551166345914989
8,0.5301050381144368,-0.08647618964091988
8,0.5330708088062357,-0.08745026074796648
8,0.5360365794980345,-0.08843382275985726
8,0.5390023501898336,-0.08942682085956813
8,0.5419681208816324,-0.09042919943159448
8,0.5449338915734314,-0.09144090205974066
8,0.5478996622652303,-0.09246187152457579
8,0.5508654329570292,-0.09349204980050599
8,0.5538312036488281,-0.09453137805252818
8,0.556796974340627,-0.09557979663262037
8,0.559762745032426,-0.09663724507578185
8,0.562728515724225,-0.09770366209572384
8,0.5656942864160238,-0.09877898558021155
8,0.5686600571078229,-0.09986315258602704
8,0.5716258277996216,-0.10095609933359959
8,0.5745915984914206,-0.10205776120125479
8,0.5775573691832195,-0.10316807271911763
8,0.5805231398750185,-0.1042869675626194
8,0.5834889105668174,-0.10541437854566588
8,0.5864546812586163,-0.10655023761339552
8,0.5894204519504151,-0.10769447583458598
8,0.5923862226422142,-0.10884702339366119
8,0.595351993334013,-0.11000780958231489
8,0.598317764025812,-0.11117676279072586
8,0.6012835347176109,-0.11235381049839498
8,0.6042493054094099,-0.11353887926456133
8,0.6072150761012087,-0.11473189471820538
8,0.6101808467930077,-0.11593278154763603
8,0.6131466174848066,-0.1171414634896628
8,0.6161123881766055,-0.11835786331831231
8,0.6190781588684044,-0.11958190283312048
8,0.6220439295602035,-0.12081350284697186
8,0.6250097002520022,-0.12205258317348208
8,0.6279754709438012,-0.12329906261390348
8,0.6309412416356001,-0.12455285894357727
8,0.6339070123273991,-0.12581388889787676
8,0.636872783019198,-0.12708206815765982
8,0.639838553710997,-0.12835731133423156
8,0.6428043244027958,-0.12963953195376604
8,0.6457700950945947,-0.1309286424412051
8,0.6487358657863936,-0.13222455410362668
8,0.6517016364781927,-0.1335271771130417
8,0.6546674071699915,-0.13483642048863093
8,0.6576331778617905,-0.13615219207839563
8,0.6605989485535892,-0.1374743985402098
8,0.6635647192453883,-0.13880294532226906
8,0.6665304899371872,-0.1401377366428885
8,0.6694962606289862,-0.14147867546969134
8,0.6724620313207851,-0.14282566349807765
8,0.675427802012584,-0.1441786011290869
8,0.6783935727043829,-0.14553738744648476
8,0.6813593433961819,-0.14690192019317957
8,0.6843251140879807,-0.14827209574687558
8,0.6872908847797797,-0.14964780909497882
8,0.6902566554715786,-0.151028953808696
8,0.6932224261633776,-0.15241542201633698
8,0.6961881968551765,-0.15380710437579012
8,0.6991539675469753,-0.15520389004612992
8,0.7021197382387743,-0.15660566665833572
8,0.7050855089305732,-0.15801232028509946
8,0.7080512796223721,-0.15942373540969537
8,0.7110170503141712,-0.16083979489387398
8,0.71398282100597,-0.16226037994473788
8,0.7169485916977689,-0.16368537008060183
8,0.7199143623895677,-0.16511464309575574
8,0.7228801330813668,-0.1665480750241352
8,0.7258459037731657,-0.16798554010183434
8,0.7288116744649646,-0.16942691072843383
8,0.7317774451567636,-0.17087205742710393
8,0.7347432158485625,-0.17232084880342502
8,0.7377089865403613,-0.17377315150289835
8,0.7406747572321604,-0.1752288301670984
8,0.7436405279239592,-0.1766877473883848
8,0.7466062986157582,-0.17814976366318133
8,0.749572069307557,-0.17961473734370692
8,0.7525378399993561,-0.1810825245881335
8,0.7555036106911549,-0.18255297930911885
8,0.7584693813829538,-0.18402595312062434
8,0.7614351520747528,-0.1855012952829698
8,0.7644009227665517,-0.18697885264605374
8,0.7673666934583506,-0.18845846959066725
8,0.7703324641501497,-0.18993998796782469
8,0.7732982348419484,-0.1914232470360238
8,0.7762640055337474,-0.1929080833963724
8,0.7792297762255462,-0.19439433092545605
8,0.7821955469173453,-0.19588182070592144
8,0.7851613176091442,-0.1973703809545882
8,0.7881270883009431,-0.198859836948062
8,0.791092858992742,-0.20035001094571026
8,0.7940586296845409,-0.20184072210989717
8,0.7970244003763398,-0.20333178642333183
8,0.7999901710681389,-0.2048230166034516
8,0.8029559417599377,-0.20631422201366298
8,0.8059217124517367,-0.20780520857134416
8,0.8088874831435354,-0.20929577865239962
8,0.8118532538353345,-0.2107857309923017
8,0.8148190245271334,-0.21227486058336503
8,0.8177847952189323,-0.21376295856812927
8,0.8207505659107313,-0.21524981212867617
8,0.8237163366025302,-0.2167352043716458
8,0.826682107294329,-0.21821891420879094
8,0.829647877986128,-0.21970071623283513
8,0.8326136486779269,-0.22118038058838263
8,0.8355794193697259,-0.22265767283768892
8,0.8385451900615247,-0.2241323538209847
8,0.8415109607533238,-0.2256041795111182
8,0.8444767314451227,-0.2270729008621852
8,0.8474425021369215,-0.22853826365189694
8,0.8504082728287204,-0.23000000831728867
8,0.8533740435205194,-0.23145786978349533
8,0.8563398142123183,-0.23291157728515643
8,0.8593055849041173,-0.23436085418010655
8,0.8622713555959162,-0.23580541775490402
8,0.8652371262877151,-0.23724497902176317
8,0.8682028969795139,-0.2386792425064253
8,0.871168667671313,-0.2401079060264035
8,0.8741344383631119,-0.2415306604591545
8,0.8771002090549108,-0.2429471894994901
8,0.8800659797467097,-0.2443571694056931
8,0.8830317504385086,-0.24576026873361542
8,0.8859975211303075,-0.24715614805807215
8,0.8889632918221065,-0.24854445968076286
8,0.8919290625139054,-0.2499248473238974
8,0.8948948332057044,-0.25129694580862527
8,0.8978606038975032,-0.25266038071736674
8,0.9008263745893023,-0.2540147680389914
8,0.9037921452811011,-0.25535971379572847
8,0.9067579159729,-0.25669481365068364
8,0.9097236866646989,-0.25801965249462694
8,0.9126894573564979,-0.2593338040107045
8,0.9156552280482968,-0.26063683021556566
8,0.9186209987400958,-0.2619282809753184
8,0.9215867694318945,-0.2632076934945128
8,0.9245525401236936,-0.264474591776318
8,0.9275183108154924,-0.26572848605178745
8,0.9304840815072914,-0.26696887217598764
8,0.9334498521990904,-0.2681952309885595
8,0.9364156228908893,-0.2694070276360752
8,0.9393813935826881,-0.27060371085321194
8,0.9423471642744872,-0.27178471219972633
8,0.945312934966286,-0.2729494452496176
8,0.948278705658085,-0.27409730472878496
8,0.9512444763498838,-0.27522766559700573
8,0.9542102470416829,-0.2763398820696227
8,0.9571760177334816,-0.27743328657398947
8,0.9601417884252806,-0.2785071886351009
8,0.9631075591170796,-0.27956087368429205
8,0.9660733298088785,-0.28059360178428105
8,0.9690391005006774,-0.2816046062631006
8,0.9720048711924765,-0.28259309224856644
8,0.9749706418842752,-0.2835582350941512
8,0.9779364125760742,-0.28449917868596797
8,0.980902183267873,-0.2854150336194374
8,0.9838679539596721,-0.2863048752328502
8,0.986833724651471,-0.2871677414835487
8,0.9897994953432699,-0.2880026306506101
8,0.9927652660350688,-0.2888084988459775
8,0.9957310367268677,-0.28958425731367127
8,0.9986968074186666,-0.2903287694939808
8,1.0016625781104658,-0.29104084782658296
8,1.0046283488022645,-0.29171925026285206
8,1.0075941194940634,-0.29236267645355013
8,1.0105598901858623,-0.29296976357321036
8,1.0135256608776613,-0.2935390817369574
8,1.0164914315694602,-0.2940691289586661
8,1.0194572022612594,-0.2945583255917447
8,1.0224229729530578,-0.295005008184337
8,1.025388743644857,-0.295407422669791
8,1.028354514336656,-0.29576371680002117
8,1.0313202850284549,-0.2960719317134758
8,1.0342860557202538,-0.2963299925103894
8,1.0372518264120527,-0.2965356976847506
8,1.0402175971038514,-0.2966867072342137
8,1.0431833677956506,-0.2967805292344744
8,1.0461491384874495,-0.2968145046219708
8,1.0491149091792484,-0.29678578987560994
8,1.0520806798710471,-0.2966913372219555
8,1.0550464505628463,-0.2965278719046523
8,1.058012221254645,-0.2962918659527428
8,1.0609779919464442,-0.2959795077466579
8,1.063943762638243,-0.29558666650500104
8,1.0669095333300418,-0.2951088505860453
8,1.0698753040218407,-0.29454115819559373
8,1.0728410747136399,-0.29387821868946007
8,1.0758068454054386,-0.29311412211402504
8,1.0787726160972377,-0.29224233388189447
8,1.0817383867890364,-0.29125559044228566
8,1.0847041574808354,-0.29014577033926864
8,1.0876699281726343,-0.288903732940232
8,1.0906356988644335,-0.28751911401637614
8,1.0936014695562324,-0.2859800626974401
8,1.096567240248031,-0.2842728971382782
8,1.09953301093983,-0.2823816448284196
8,1.102498781631629,-0.28028741474772617
8,1.1054645523234279,-0.2779675165987506
8,1.108430323015227,-0.27539418519739556
8,1.1113960937070257,-0.27253266018128336
8,1.1143618643988247,-0.26933815324995514
8,1.1173276350906236,-0.265750756433071
8,1.1202934057824225,-0.2616861723311161
8,1.1232591764742215,-0.25701681566003365
8,1.1262249471660204,-0.2515260543723834
8,1.1291907178578193,-0.24475773457340663
8,1.1321564885496183,-0.2345657912203698
9,-0.061623568763669104,-4.984107661928492e-5
9,-0.05864171016253849,-0.009645212811853855
9,-0.05565985156140787,-0.01583828803919021
9,-0.052677992960277246,-0.020772574847251247
9,-0.04969613435914663,-0.024906754474528704
9,-0.04671427575801601,-0.02845869871244875
9,-0.04373241715688539,-0.03155668306385935
9,-0.04075055855575477,-0.03428541135025041
9,-0.03776869995462415,-0.036705032558396994
9,-0.03478684135349354,-0.03886047133033564
9,-0.03180498275236292,-0.04078655406743922
9,-0.028823124151232296,-0.042511062608597334
9,-0.025841265550101675,-0.04405666798344722
9,-0.02285940694897106,-0.04544221507740981
9,-0.019877548347840446,-0.04668360971493412
9,-0.016895689746709817,-0.04779445104228955
9,-0.013913831145579203,-0.04878649456272235
9,-0.010931972544448582,-0.04966999898856889
9,-0.007950113943317967,-0.05045399121883818
9,-0.004968255342187346,-0.051146472265420025
9,-0.0019863967410567243,-0.05175457971631578
9,0.0009954618600738901,-0.05228471763195283
9,0.003977320461204505,-0.05274266164805468
9,0.006959179062335133,-0.053133644932609865
9,0.009941037663465754,-0.0534624291677482
9,0.012922896264596362,-0.05373336368203432
9,0.015904754865726983,-0.05395043510728443
9,0.01888661346685761,-0.054117309384855906
9,0.02186847206798822,-0.05423736754033505
9,0.02485033066911884,-0.054313736340826625
9,0.027832189270249462,-0.05434931471831043
9,0.030814047871380076,-0.054346796665476836
9,0.0337959064725107,-0.05430869117369476
9,0.03677776507364132,-0.05423733967567068
9,0.03975962367477194,-0.05413493137129129
9,0.042741482275902555,-0.05400351674818908
9,0.045723340877033176,-0.05384501955518405
9,0.0487051994781638,-0.05366124744361763
9,0.051687058079294405,-0.05345390145674943
9,0.054668916680425034,-0.05322458451891238
9,0.057650775281555655,-0.05297480905270985
9,0.06063263388268626,-0.05270600383337226
9,0.06361449248381688,-0.05241952017333146
9,0.06659635108494752,-0.052116637516800714
9,0.06957820968607811,-0.05179856851301171
9,0.07256006828720873,-0.05146646362740544
9,0.07554192688833936,-0.05112141534210176
9,0.07852378548946999,-0.050764461990361505
9,0.08150564409060061,-0.05039659126396066
9,0.08448750269173119,-0.050018743427599224
9,0.08746936129286183,-0.04963181427023638
9,0.09045121989399246,-0.04923665781968085
9,0.09343307849512308,-0.04883408884364756
9,0.09641493709625369,-0.04842488515784847
9,0.09939679569738433,-0.048009789759293986
9,0.10237865429851495,-0.04758951280104322
9,0.10536051289964554,-0.04716473342278336
9,0.10834237150077616,-0.04673610145014176
9,0.11132423010190678,-0.046304238974248756
9,0.1143060887030374,-0.04586974182186217
9,0.11728794730416803,-0.04543318092536941
9,0.12026980590529865,-0.044995103600969644
9,0.12325166450642924,-0.04455603474260977
9,0.12623352310755986,-0.04411647793844576
9,0.1292153817086905,-0.043676916515986874
9,0.1321972403098211,-0.04323781452149959
9,0.13517909891095176,-0.042799617638751376
9,0.13816095751208238,-0.04236275405163271
9,0.141142816113213,-0.04192763525493394
9,0.1441246747143436,-0.04149465681702563
9,0.1471065333154742,-0.04106419909794592
9,0.15008839191660484,-0.04063662792609975
9,0.15307025051773546,-0.040212295236475404
9,0.15605210911886608,-0.03979153967304303
9,0.1590339677199967,-0.03937468715780922
9,0.1620158263211273,-0.03896205142876767
9,0.16499768492225791,-0.03855393454882734
9,0.16797954352338854,-0.03815062738762605
9,0.17096140212451916,-0.03775241007800804
9,0.1739432607256498,-0.03735955244875286
9,0.1769251193267804,-0.036972314435102314
9,0.17990697792791102,-0.03659094646845138
9,0.18288883652904164,-0.03621568984648968
9,0.18587069513017226,-0.035846777084995805
9,0.18885255373130289,-0.035484432252392124
9,0.19183441233243348,-0.03512887128806913
9,0.19481627093356413,-0.03478030230545475
9,0.19779812953469475,-0.03443892588071118
9,0.20077998813582534,-0.03410493532788123
9,0.203761846736956,-0.03377851696124544
9,0.2067437053380866,-0.033459850345651465
9,0.20972556393921724,-0.03314910853540928
9,0.21270742254034783,-0.03284645830247099
9,0.21568928114147842,-0.03255206035439739
9,0.21867113974260907,-0.03226606954271554
9,0.2216529983437397,-0.03198863506214491
9,0.22463485694487031,-0.03171990064119969
9,0.2276167155460009,-0.03146000472459531
9,0.23059857414713153,-0.03120908064788915
9,0.23358043274826218,-0.03096725680476132
9,0.23656229134939277,-0.030734656807286532
9,0.23954414995052342,-0.03051139963956262
9,0.24252600855165402,-0.030297599805033642
9,0.24550786715278466,-0.03009336746778463
9,0.24848972575391526,-0.029898808588133825
9,0.25147158435504585,-0.029714025052769075
9,0.2544534429561765,-0.029539114799726734
9,0.2574353015573071,-0.029374171938388115
9,0.26041716015843774,-0.02921928686481969
9,0.26339901875956834,-0.029074546372573742
9,0.266380877360699,-0.028940033759230866
9,0.2693627359618296,-0.028815828928846578
9,0.2723445945629602,-0.02870200849048575
9,0.2753264531640908,-0.028598645853022246
9,0.2783083117652214,-0.028505811316369603
9,0.28129017036635207,-0.028423572159309806
9,0.28427202896748266,-0.02835199272404002
9,0.2872538875686133,-0.02829113449758954
9,0.2902357461697439,-0.028241056190274137
9,0.29321760477087455,-0.028201813811242524
9,0.29619946337200515,-0.028173460741311312
9,0.29918132197313574,-0.028156047803131055
9,0.3021631805742664,-0.02814962332886028
9,0.30514503917539704,-0.028154233225393843
9,0.3081268977765276,-0.0281699210372671
9,0.3111087563776582,-0.028196728007327133
9,0.3140906149787889,-0.028234693135263226
9,0.3170724735799195,-0.028283853234081387
9,0.3200543321810501,-0.028344242984564127
9,0.32303619078218077,-0.028415894987872812
9,0.32601804938331136,-0.02849883981627064
9,0.32899990798444195,-0.028593106062117925
9,0.3319817665855726,-0.028698720385142082
9,0.3349636251867032,-0.02881570755808579
9,0.33794548378783384,-0.028944090510775948
9,0.34092734238896444,-0.029083890372672887
9,0.3439092009900951,-0.029235126513947617
9,0.3468910595912257,-0.029397816585173497
9,0.3498729181923563,-0.029571976555621257
9,0.3528547767934869,-0.02975762075026278
9,0.3558366353946175,-0.029954761885483596
9,0.35881849399574817,-0.030163411103610177
9,0.36180035259687876,-0.03038357800619257
9,0.3647822111980094,-0.03061527068620073
9,0.36776406979914,-0.030858495759068554
9,0.3707459284002706,-0.0311132583927034
9,0.37372778700140125,-0.031379562336417345
9,0.37670964560253184,-0.03165740994890931
9,0.3796915042036625,-0.031946802225218236
9,0.3826733628047931,-0.0322477388227861
9,0.3856552214059237,-0.03256021808656838
9,0.3886370800070543,-0.03288423707328505
9,0.3916189386081849,-0.03321979157480689
9,0.39460079720931557,-0.03356687614070953
9,0.39758265581044616,-0.03392548410002542
9,0.4005645144115768,-0.03429560758219562
9,0.40354637301270746,-0.03467723753727811
9,0.406528231613838,-0.035070363755406744
9,0.4095100902149687,-0.03547497488553714
9,0.4124919488160993,-0.03589105845347912
9,0.41547380741722995,-0.036318600879259866
9,0.41845566601836054,-0.036757587493823185
9,0.4214375246194912,-0.037208002555074164
9,0.4244193832206218,-0.03766982926330575
9,0.4274012418217524,-0.03814304977600362
9,0.430383100422883,-0.03862764522204832
9,0.4333649590240136,-0.03912359571535282
9,0.43634681762514427,-0.039630880367901695
9,0.43932867622627486,-0.040149477302255834
9,0.4423105348274055,-0.04067936366350953
9,0.4452923934285361,-0.04122051563069628
9,0.4482742520296667,-0.04177290842769968
9,0.45125611063079735,-0.04233651633363612
9,0.45423796923192794,-0.04291131269274364
9,0.4572198278330586,-0.04349726992379096
9,0.4602016864341892,-0.04409435952898559
9,0.4631835450353198,-0.044702552102422945
9,0.46616540363645037,-0.04532181733808392
9,0.4691472622375811,-0.0459521240373529
9,0.47212912083871167,-0.046593440116120606
9,0.47511097943984226,-0.04724573261139933
9,0.47809283804097286,-0.04790896768758568
9,0.48107469664210356,-0.048583110642194303
9,0.48405655524323415,-0.049268125911271526
9,0.48703841384436475,-0.04996397707432555
9,0.49002027244549534,-0.050670626858875946
9,0.49300213104662594,-0.0513880371446038
9,0.4959839896477567,-0.05211616896709462
9,0.49896584824888723,-0.052854982521185756
9,0.5019477068500179,-0.053604437163933476
9,0.5049295654511484,-0.05436449141718003
9,0.5079114240522791,-0.05513510296974882
9,0.5108932826534097,-0.055916228679255164
9,0.5138751412545404,-0.056707824573542155
9,0.5168569998556709,-0.05750984585174508
9,0.5198388584568016,-0.05832224688497226
9,0.5228207170579321,-0.059144981216626376
9,0.5258025756590629,-0.059978001562355346
9,0.5287844342601934,-0.06082125980962991
9,0.531766292861324,-0.061674707016966326
9,0.5347481514624546,-0.06253829341276733
9,0.5377300100635853,-0.06341196839381211
9,0.5407118686647159,-0.06429568052337875
9,0.5436937272658466,-0.06518937752899154
9,0.5466755858669772,-0.06609300629981141
9,0.5496574444681078,-0.06700651288366703
9,0.5526393030692385,-0.06792984248370598
9,0.555621161670369,-0.06886293945467266
9,0.5586030202714997,-0.06980574729883993
9,0.5615848788726303,-0.07075820866154824
9,0.5645667374737608,-0.07172026532637137
9,0.5675485960748915,-0.07269185820992499
9,0.5705304546760221,-0.07367292735627069
9,0.5735123132771528,-0.07466341193095033
9,0.5764941718782833,-0.07566325021464083
9,0.579476030479414,-0.07667237959641376
9,0.5824578890805446,-0.07769073656659008
9,0.5854397476816752,-0.07871825670921398
9,0.5884216062828058,-0.07975487469412236
9,0.5914034648839365,-0.08080052426860236
9,0.5943853234850671,-0.08185513824862994
9,0.5973671820861977,-0.08291864850970804
9,0.6003490406873283,-0.08399098597726617
9,0.603330899288459,-0.08507208061663077
9,0.6063127578895895,-0.0861618614225696
9,0.6092946164907201,-0.08726025640836568
9,0.6122764750918508,-0.08836719259448508
9,0.6152583336929814,-0.08948259599672767
9,0.618240192294112,-0.09060639161394964
9,0.6212220508952426,-0.09173850341530233
9,0.6242039094963733,-0.09287885432697376
9,0.6271857680975038,-0.09402736621843763
9,0.6301676266986345,-0.09518395988819266
9,0.6331494852997651,-0.09634855504900439
9,0.6361313439008958,-0.09752107031259152
9,0.6391132025020263,-0.0987014231737848
9,0.642095061103157,-0.09988952999413415
9,0.6450769197042877,-0.10108530598495254
9,0.6480587783054181,-0.10228866518976788
9,0.6510406369065489,-0.10349952046620026
9,0.6540224955076794,-0.10471778346721568
9,0.6570043541088102,-0.10594336462176733
9,0.6599862127099406,-0.10717617311479696
9,0.6629680713110714,-0.10841611686656294
9,0.6659499299122019,-0.10966310251132799
9,0.6689317885133326,-0.11091703537532546
9,0.6719136471144631,-0.11217781945403078
9,0.6748955057155939,-0.11344535738869177
9,0.6778773643167243,-0.11471955044212008
9,0.6808592229178551,-0.11600029847369682
9,0.6838410815189856,-0.11728749991359948
9,0.6868229401201164,-0.11858105173618165
9,0.6898047987212468,-0.11988084943253983
9,0.6927866573223775,-0.12118678698218574
9,0.6957685159235081,-0.12249875682384045
9,0.6987503745246388,-0.12381664982529426
9,0.7017322331257693,-0.12514035525230296
9,0.7047140917269,-0.1264697607365247
9,0.7076959503280306,-0.12780475224240354
9,0.7106778089291612,-0.12914521403305243
9,0.7136596675302918,-0.13049102863499634
9,0.7166415261314225,-0.13184207680183713
9,0.7196233847325529,-0.13319823747672382
9,0.7226052433336837,-0.13455938775365675
9,0.7255871019348142,-0.1359254028375242
9,0.728568960535945,-0.13729615600285472
9,0.7315508191370754,-0.13867151855126758
9,0.7345326777382062,-0.14005135976749808
9,0.7375145363393367,-0.14143554687404072
9,0.7404963949404674,-0.14282394498427448
9,0.743478253541598,-0.1442164170540711
9,0.7464601121427287,-0.14561282383180482
9,0.7494419707438593,-0.14701302380671355
9,0.7524238293449899,-0.14841687315553975
9,0.7554056879461205,-0.14982422568737677
9,0.7583875465472512,-0.1512349327866835
9,0.7613694051483817,-0.15264884335436102
9,0.7643512637495123,-0.15406580374683732
9,0.767333122350643,-0.15548565771304626
9,0.7703149809517736,-0.15690824632927997
9,0.7732968395529042,-0.15833340793175008
9,0.7762786981540348,-0.1597609780468288
9,0.7792605567551655,-0.16119078931881706
9,0.782242415356296,-0.1626226714352035
9,0.7852242739574267,-0.16405645104922081
9,0.7882061325585573,-0.16549195169967357
9,0.791187991159688,-0.16692899372785397
9,0.7941698497608185,-0.16836739419145016
9,0.7971517083619492,-0.16980696677529564
9,0.8001335669630798,-0.1712475216988383
9,0.8031154255642103,-0.17268886562017283
9,0.806097284165341,-0.17413080153647995
9,0.8090791427664716,-0.1755731286806941
9,0.8120610013676023,-0.17701564241426207
9,0.8150428599687328,-0.17845813411575423
9,0.8180247185698635,-0.17990039106519318
9,0.8210065771709941,-0.18134219632385828
9,0.8239884357721247,-0.182783328609328
9,0.8269702943732553,-0.18422356216560729
9,0.829952152974386,-0.18566266662799455
9,0.8329340115755165,-0.18710040688250743
9,0.8359158701766471,-0.18853654291955277
9,0.8388977287777778,-0.18997082968156487
9,0.8418795873789086,-0.19140301690429884
9,0.844861445980039,-0.19283284895143502
9,0.8478433045811697,-0.19426006464217885
9,0.8508251631823003,-0.19568439707143948
9,0.853807021783431,-0.19710557342222723
9,0.8567888803845615,-0.198523314769826
9,0.8597707389856922,-0.19993733587730692
9,0.8627525975868228,-0.20134734498187193
9,0.8657344561879534,-0.2027530435715719
9,0.868716314789084,-0.20415412615176803
9,0.8716981733902147,-0.20555028000084005
9,0.8746800319913451,-0.20694118491443855
9,0.8776618905924759,-0.20832651293768015
9,0.8806437491936064,-0.20970592808448388
9,0.8836256077947372,-0.21107908604337627
9,0.8866074663958676,-0.2124456338688436
9,0.8895893249969984,-0.21380520965739996
9,0.8925711835981289,-0.21515744220741242
9,0.8955530421992596,-0.21650195066163008
9,0.8985349008003901,-0.2178383441313236
9,0.9015167594015209,-0.219166221300845
9,0.9044986180026514,-0.22048517001132267
9,0.9074804766037821,-0.22179476682208485
9,0.9104623352049126,-0.22309457654832146
9,0.9134441938060434,-0.22438415177336357
9,0.9164260524071738,-0.22566303233379184
9,0.9194079110083045,-0.22693074477549313
9,0.9223897696094351,-0.22818680177855644
9,0.9253716282105658,-0.2294307015487992
9,0.9283534868116963,-0.23066192717341674
9,0.931335345412827,-0.23187994593809935
9,0.9343172040139576,-0.23308420860272513
9,0.9372990626150882,-0.23427414863239662
9,0.9402809212162189,-0.2354491813803527
9,0.9432627798173495,-0.2366087032189527
9,0.9462446384184802,-0.23775209061451727
9,0.9492264970196107,-0.23887869914143686
9,0.9522083556207414,-0.23998786243048847
9,0.955190214221872,-0.24107889104577745
9,0.9581720728230025,-0.24215107128415692
9,0.9611539314241332,-0.2432036638903011
9,0.9641357900252638,-0.2442359026799695
9,0.9671176486263945,-0.24524699306299214
9,0.970099507227525,-0.2462361104568216
9,0.9730813658286557,-0.24720239858022094
9,0.9760632244297863,-0.24814496761563226
9,0.9790450830309169,-0.2490628922272834
9,0.9820269416320475,-0.24995520942067648
9,0.9850088002331782,-0.2508209162271722
9,0.9879906588343087,-0.2516589671955488
9,0.9909725174354393,-0.2524682716698946
9,0.9939543760365699,-0.25324769083069226
9,0.9969362346377005,-0.25399603447268276
9,0.9999180932388313,-0.25471205748964487
9,1.002899951839962,-0.2553944560319745
9,1.0058818104410925,-0.25604186329809536
9,1.0088636690422232,-0.25665284491499346
9,1.0118455276433536,-0.2572258938565511
9,1.0148273862444843,-0.25775942484030223
9,1.0178092448456149,-0.2582517681340157
9,1.0207911034467456,-0.25870116269224847
9,1.0237729620478762,-0.2591057485297576
9,1.0267548206490067,-0.2594635582226736
9,1.0297366792501375,-0.25977250740906666
9,1.0327185378512682,-0.26003038413714386
9,1.0357003964523985,-0.2602348368808604
9,1.0386822550535293,-0.26038336100787
9,1.0416641136546598,-0.26047328344148946
9,1.0446459722557906,-0.26050174520506464
9,1.0476278308569211,-0.2604656814700837
9,1.0506096894580517,-0.26036179864521974
9,1.0535915480591824,-0.2601865479364865
9,1.056573406660313,-0.25993609467164686
9,1.0595552652614437,-0.25960628250509427
9,1.0625371238625743,-0.25919259138831935
9,1.0655189824637048,-0.2586900878864048
9,1.0685008410648356,-0.2580933660144725
9,1.071482699665966,-0.257396476218738
9,1.0744645582670966,-0.25659283937463856
9,1.0774464168682272,-0.25567514162869825
9,1.080428275469358,-0.25463520443277776
9,1.0834101340704887,-0.25346382199175116
9,1.0863919926716192,-0.2521505552204948
9,1.0893738512727498,-0.2506834666094464
9,1.0923557098738805,-0.24904877315634694
9,1.095337568475011,-0.247230383024719
9,1.0983194270761416,-0.24520926271278382
9,1.1013012856772721,-0.24296254929018143
9,1.104283144278403,-0.24046226465675843
9,1.1072650028795334,-0.2376733799984734
9,1.110246861480664,-0.23455075893888497
9,1.1132287200817947,-0.23103402536449247
9,1.1162105786829255,-0.2270382200369665
9,1.119192437284056,-0.22243475202963148
9,1.1221742958851866,-0.21700527639122869
9,1.1251561544863171,-0.21029002385549353
9,1.1281380130874479,-0.20012589126200037
