tie_id,t,gibbs_e_mix_RT
1,-0.04117389399912396,1.3578517862144367e-7
1,-0.03842940685045949,-0.008566832539594066
1,-0.035684919701795006,-0.013709398142005667
1,-0.032940432553130526,-0.01759051738136354
1,-0.030195945404466053,-0.020669804501147623
1,-0.02745145825580158,-0.02316544908052721
1,-0.024706971107137096,-0.02520588713438758
1,-0.02196248395847262,-0.026875923690297655
1,-0.019217996809808145,-0.028235781446853785
1,-0.01647350966114367,-0.029330444204045198
1,-0.013729022512479188,-0.03019478905788243
1,-0.010984535363814704,-0.03085664325772929
1,-0.00824004821515023,-0.031338719753265534
1,-0.0054955610664857504,-0.031659902935089725
1,-0.002751073917821277,-0.03183613639534795
1,-6.586769156796679e-6,-0.03188105575482616
1,0.0027379003795076767,-0.03180645199963742
1,0.005482387528172157,-0.031622618544071154
1,0.00822687467683663,-0.03133861635925319
1,0.01097136182550111,-0.030962480010108203
1,0.013715848974165584,-0.03050138020146008
1,0.016460336122830065,-0.029961753737448017
1,0.019204823271494545,-0.02934940867324139
1,0.02194931042015902,-0.028669610310434347
1,0.024693797568823492,-0.027927152209518975
1,0.027438284717487965,-0.02712641534693756
1,0.03018277186615246,-0.026271417792081638
1,0.03292725901481693,-0.025365856730350664
1,0.035671746163481406,-0.024413144251807847
1,0.03841623331214588,-0.023416438020325156
1,0.04116072046081036,-0.02237866770702704
1,0.04390520760947484,-0.021302557894874306
1,0.046649694758139314,-0.020190648024196695
1,0.04939418190680379,-0.019045309842039802
1,0.052138669055468274,-0.017868762733908573
1,0.054883156204132755,-0.01666308724961778
1,0.05762764335279723,-0.015430237081489327
1,0.0603721305014617,-0.014172049709988603
1,0.06311661765012617,-0.012890255897080928
1,0.06586110479879065,-0.01158648817898867
1,0.06860559194745514,-0.010262288486754714
1,0.07135007909611962,-0.008919115003711625
1,0.0740945662447841,-0.007558348352979246
1,0.07683905339344857,-0.006181297194788822
1,0.07958354054211304,-0.004789203302328193
1,0.08232802769077752,-0.0033832461753706532
1,0.085072514839442,-0.001964547243118274
1,0.08781700198810648,-0.0005341737008823332
1,0.09056148913677095,0.0009068579803670247
1,0.09330597628543541,0.0023575788375358076
1,0.0960504634340999,0.0038170644620595306
1,0.09879495058276438,0.005284432283389361
1,0.10153943773142887,0.006758839066048813
1,0.10428392488009336,0.00823947859973259
1,0.10702841202875782,0.009725579564206801
1,0.1097728991774223,0.011216403552852377
1,0.11251738632608678,0.01271124324037391
1,0.11526187347475125,0.014209420681846338
1,0.11800636062341574,0.0157102857315184
1,0.1207508477720802,0.0172132145711054
1,0.12349533492074469,0.018717608338222478
1,0.12623982206940915,0.020222891846660238
1,0.12898430921807363,0.021728512390950167
1,0.13172879636673812,0.02323393862840768
1,0.13447328351540258,0.02473865953252285
1,0.13721777066406704,0.02624218341211291
1,0.13996225781273153,0.027744036991155928
1,0.14270674496139604,0.02924376454474686
1,0.1454512321100605,0.03074092708694188
1,0.148195719258725,0.03223510160670835
1,0.15094020640738948,0.033725880348460954
1,0.15368469355605394,0.03521287013402972
1,0.15642918070471842,0.036695691723112774
1,0.15917366785338288,0.03817397920955361
1,0.16191815500204737,0.03964737945099033
1,0.16466264215071186,0.041115551529605575
1,0.16740712929937632,0.042578166241918285
1,0.17015161644804078,0.04403490561570574
1,0.17289610359670526,0.04548546245226923
1,0.17564059074536975,0.046929539892442425
1,0.1783850778940342,0.048366851004844356
1,0.1811295650426987,0.04979711839495535
1,0.1838740521913632,0.051220073833743225
1,0.18661853934002767,0.05263545790468193
1,0.18936302648869213,0.05404301966797487
1,0.19210751363735662,0.055442516341063806
1,0.1948520007860211,0.05683371299433573
1,0.1975964879346856,0.058216382261295004
1,0.20034097508335005,0.05959030406221897
1,0.2030854622320145,0.06095526534065073
1,0.205829949380679,0.06231105981191758
1,0.2085744365293435,0.06365748772308173
1,0.21131892367800795,0.0649943556236337
1,0.21406341082667243,0.06632147614638795
1,0.2168078979753369,0.06763866779799604
1,0.2195523851240014,0.06894575475860559
1,0.22229687227266587,0.07024256669014792
1,0.22504135942133036,0.07152893855282241
1,0.22778584656999482,0.07280471042935063
1,0.2305303337186593,0.07406972735660874
1,0.23327482086732376,0.07532383916426175
1,0.23601930801598825,0.07656690032005475
1,0.2387637951646527,0.07779876978140964
1,0.24150828231331722,0.07901931085305725
1,0.2442527694619817,0.08022839105038386
1,0.24699725661064617,0.08142588196822173
1,0.24974174375931066,0.08261165915482485
1,0.2524862309079751,0.08378560199080518
1,0.2552307180566396,0.08494759357276607
1,0.25797520520530404,0.08609752060143733
1,0.2607196923539686,0.08723527327410435
1,0.263464179502633,0.08836074518112381
1,0.2662086666512975,0.0894738332063693
1,0.268953153799962,0.09057443743138699
1,0.2716976409486265,0.0916624610431587
1,0.2744421280972909,0.09273781024524955
1,0.27718661524595545,0.09380039417225754
1,0.2799311023946199,0.09485012480736157
1,0.28267558954328437,0.09588691690289028
1,0.28542007669194885,0.09691068790375298
1,0.28816456384061334,0.09792135787361636
1,0.29090905098927783,0.09891884942373408
1,0.29365353813794226,0.09990308764428726
1,0.2963980252866068,0.10087400003816556
1,0.29914251243527124,0.10183151645708177
1,0.3018869995839357,0.10277556903990404
1,0.30463148673260015,0.10370609215315502
1,0.3073759738812647,0.1046230223335697
1,0.31012046102992913,0.10552629823264413
1,0.3128649481785936,0.10641586056307371
1,0.3156094353272581,0.10729165204705014
1,0.3183539224759226,0.10815361736631775
1,0.321098409624587,0.1090017031139309
1,0.3238428967732515,0.10983585774764497
1,0.32658738392191605,0.1106560315448861
1,0.3293318710705805,0.11146217655925282
1,0.33207635821924497,0.11225424657847674
1,0.33482084536790946,0.11303219708379271
1,0.33756533251657395,0.11379598521068068
1,0.3403098196652384,0.11454556971092819
1,0.34305430681390287,0.1152809109159508
1,0.34579879396256735,0.11600197070135479
1,0.34854328111123184,0.11670871245267911
1,0.35128776825989627,0.11740110103227688
1,0.3540322554085608,0.11807910274733263
1,0.35677674255722525,0.11874268531892279
1,0.35952122970588973,0.11939181785212026
1,0.3622657168545542,0.12002647080712099
1,0.3650102040032187,0.12064661597132358
1,0.3677546911518832,0.12125222643236672
1,0.3704991783005476,0.12184327655205428
1,0.37324366544921217,0.12241974194120646
1,0.3759881525978766,0.12298159943533278
1,0.3787326397465411,0.12352882707115628
1,0.3814771268952055,0.12406140406393874
1,0.38422161404387006,0.12457931078559725
1,0.3869661011925345,0.12508252874358433
1,0.389710588341199,0.12557104056049975
1,0.39245507548986347,0.1260448299544294
1,0.39519956263852796,0.12650388171998686
1,0.3979440497871924,0.1269481817100316
1,0.4006885369358569,0.12737771681806265
1,0.40343302408452136,0.12779247496123364
1,0.40617751123318585,0.12819244506403218
1,0.40892199838185034,0.12857761704254317
1,0.4116664855305148,0.12894798178933595
1,0.4144109726791793,0.12930353115890808
1,0.41715545982784374,0.12964425795372775
1,0.41989994697650823,0.12997015591081676
1,0.4226444341251727,0.1302812196888869
1,0.4253889212738372,0.13057744485599962
1,0.42813340842250164,0.130858827877747
1,0.4308778955711662,0.1311253661059645
1,0.4336223827198306,0.13137705776791506
1,0.4363668698684951,0.13161390195596787
1,0.4391113570171596,0.13183589861777306
1,0.4418558441658241,0.13204304854689725
1,0.4446003313144885,0.1322353533739181
1,0.447344818463153,0.1324128155579703
1,0.45008930561181754,0.13257543837874983
1,0.45283379276048197,0.13272322592895722
1,0.45557827990914646,0.13285618310714936
1,0.45832276705781094,0.13297431561104212
1,0.46106725420647543,0.13307762993122518
1,0.46381174135513986,0.133166133345282
1,0.46655622850380435,0.13323983391232505
1,0.46930071565246884,0.13329874046793266
1,0.4720452028011333,0.1333428626194796
1,0.47478968994979776,0.1333722107418657
1,0.47753417709846224,0.1333867959736316
1,0.4802786642471268,0.13338663021345937
1,0.4830231513957912,0.13337172611705447
1,0.48576763854445565,0.13334209709440936
1,0.48851212569312025,0.13329775730743618
1,0.4912566128417847,0.1332387216679841
1,0.4940010999904491,0.13316500583621815
1,0.4967455871391136,0.1330766262193683
1,0.49949007428777814,0.13297359997084793
1,0.5022345614364426,0.13285594498973666
1,0.504979048585107,0.13272367992063713
1,0.5077235357337715,0.13257682415387834
1,0.5104680228824361,0.1324153978260946
1,0.5132125100311005,0.13223942182116927
1,0.5159569971797651,0.1320489177715386
1,0.5187014843284293,0.1318439080598518
1,0.5214459714770939,0.13162441582100948
1,0.5241904586257584,0.13139046494456463
1,0.5269349457744229,0.13114208007747674
1,0.5296794329230874,0.13087928662724363
1,0.5324239200717519,0.13060211076541425
1,0.5351684072204163,0.13031057943145946
1,0.5379128943690809,0.1300047203370078
1,0.5406573815177453,0.12968456197048367
1,0.5434018686664097,0.12935013360210915
1,0.5461463558150742,0.12900146528929604
1,0.5488908429637388,0.1286385878824107
1,0.5516353301124032,0.12826153303095045
1,0.5543798172610677,0.1278703331901077
1,0.557124304409732,0.12746502162771906
1,0.5598687915583966,0.12704563243164077
1,0.5626132787070611,0.1266122005175274
1,0.5653577658557256,0.1261647616370129
1,0.56810225300439,0.12570335238633668
1,0.5708467401530546,0.12522801021537092
1,0.573591227301719,0.12473877343710875
1,0.5763357144503836,0.12423568123757381
1,0.5790802015990479,0.12371877368619541
1,0.5818246887477124,0.12318809174661853
1,0.5845691758963769,0.12264367728801098
1,0.5873136630450415,0.12208557309681262
1,0.5900581501937058,0.12151382288898989
1,0.5928026373423704,0.12092847132277126
1,0.5955471244910348,0.1203295640119072
1,0.5982916116396994,0.11971714753940192
1,0.6010360987883637,0.1190912694718192
1,0.6037805859370282,0.11845197837409357
1,0.6065250730856927,0.11779932382490006
1,0.6092695602343573,0.11713335643258821
1,0.6120140473830217,0.11645412785168474
1,0.6147585345316862,0.11576169079999443
1,0.6175030216803506,0.11505609907629812
1,0.6202475088290151,0.114337407578679
1,0.6229919959776796,0.1136056723234645
1,0.6257364831263441,0.112860950464847
1,0.6284809702750085,0.11210330031515393
1,0.6312254574236731,0.11133278136581796
1,0.6339699445723375,0.11054945430903768
1,0.636714431721002,0.10975338106018745
1,0.6394589188696664,0.10894462478096492
1,0.6422034060183309,0.10812324990328753
1,0.6449478931669954,0.10728932215401694
1,0.64769238031566,0.10644290858047953
1,0.6504368674643243,0.10558407757681325
1,0.6531813546129889,0.10471289891121188
1,0.6559258417616534,0.10382944375403591
1,0.6586703289103178,0.10293378470685102
1,0.6614148160589822,0.10202599583242489
1,0.6641593032076468,0.10110615268569037
1,0.6669037903563112,0.10017433234573392
1,0.6696482775049758,0.09923061344882012
1,0.6723927646536401,0.09827507622250435
1,0.6751372518023047,0.09730780252085154
1,0.6778817389509691,0.09632887586083096
1,0.6806262260996336,0.0953383814598765
1,0.683370713248298,0.09433640627471565
1,0.6861152003969626,0.09332303904145324
1,0.688859687545627,0.09229837031699452
1,0.6916041746942916,0.09126249252183519
1,0.6943486618429561,0.0902154999842898
1,0.6970931489916204,0.08915748898616795
1,0.6998376361402849,0.08808855781001419
1,0.7025821232889495,0.08700880678791176
1,0.7053266104376139,0.08591833835194024
1,0.7080710975862784,0.08481725708636215
1,0.7108155847349428,0.0837056697815531
1,0.7135600718836074,0.08258368548981186
1,0.7163045590322719,0.0814514155830726
1,0.7190490461809362,0.08030897381260858
1,0.7217935333296007,0.07915647637083469
1,0.7245380204782653,0.07799404195523785
1,0.7272825076269297,0.07682179183458246
1,0.7300269947755943,0.07563984991744845
1,0.7327714819242587,0.07444834282320567
1,0.7355159690729232,0.07324739995552364
1,0.7382604562215876,0.07203715357855006
1,0.7410049433702522,0.07081773889583834
1,0.7437494305189165,0.06958929413215738
1,0.7464939176675811,0.06835196061832481
1,0.7492384048162455,0.06710588287916912
1,0.7519828919649101,0.06585120872477268
1,0.7547273791135745,0.06458808934516588
1,0.757471866262239,0.06331667940858543
1,0.7602163534109034,0.06203713716349051
1,0.762960840559568,0.06074962454452164
1,0.7657053277082323,0.05945430728253814
1,0.7684498148568969,0.05815135501899536
1,0.7711943020055614,0.05684094142480035
1,0.7739387891542259,0.05552324432391748
1,0.7766832763028904,0.05419844582192516
1,0.7794277634515548,0.052866732439776666
1,0.7821722506002192,0.05152829525302064
1,0.7849167377488838,0.05018333003676214
1,0.7876612248975483,0.04883203741666004
1,0.7904057120462127,0.0474746230262514
1,0.7931501991948772,0.04611129767094172
1,0.7958946863435417,0.044742277499039924
1,0.7986391734922061,0.04336778418015115
1,0.8013836606408706,0.041988045091381036
1,0.804128147789535,0.040603293511738935
1,0.8068726349381996,0.03921376882520079
1,0.8096171220868641,0.037819716732929304
1,0.8123616092355286,0.03642138947512097
1,0.815106096384193,0.035019046063083946
1,0.8178505835328576,0.03361295252207656
1,0.8205950706815219,0.032203382145585935
1,0.8233395578301865,0.0307906157616676
1,0.8260840449788509,0.029374942012110637
1,0.8288285321275154,0.027956657645152715
1,0.8315730192761799,0.026536067822629957
1,0.8343175064248444,0.0251134864423835
1,0.8370619935735087,0.02368923647693688
1,0.8398064807221733,0.022263650329428328
1,0.8425509678708377,0.020837070207950704
1,0.8452954550195023,0.019409848519422672
1,0.8480399421681667,0.017982348284370526
1,0.8507844293168312,0.016554943573924057
1,0.8535289164654957,0.015128019970592349
1,0.8562734036141603,0.013701975054405258
1,0.8590178907628246,0.012277218916211141
1,0.8617623779114891,0.010854174700026946
1,0.8645068650601536,0.009433279176526931
1,0.8672513522088181,0.008014983349911058
1,0.8699958393574826,0.006599753100621617
1,0.8727403265061471,0.005188069866590155
1,0.8754848136548115,0.0037804313659022884
1,0.878229300803476,0.0023773523641069452
1,0.8809737879521404,0.0009793654896285094
1,0.8837182751008049,-0.00041297789887954987
1,0.8864627622494694,-0.0017991067890693185
1,0.8892072493981339,-0.003178429530694648
1,0.8919517365467984,-0.0045503327856430565
1,0.894696223695463,-0.005914180406581577
1,0.8974407108441272,-0.007269312238103897
1,0.9001851979927918,-0.00861504283356092
1,0.9029296851414563,-0.00995066008003264
1,0.9056741722901208,-0.011275423723100796
1,0.9084186594387852,-0.012588563782152055
1,0.9111631465874498,-0.013889278845857623
1,0.9139076337361142,-0.015176734236309148
1,0.9166521208847788,-0.01645006002894793
1,0.919396608033443,-0.017708348913840096
1,0.9221410951821076,-0.01895065388209446
1,0.9248855823307721,-0.020175985719247218
1,0.9276300694794366,-0.021383310285005817
1,0.930374556628101,-0.02257154555615768
1,0.9331190437767656,-0.023739558406317456
1,0.93586353092543,-0.024886161092582088
1,0.9386080180740946,-0.026010107414980152
1,0.941352505222759,-0.027110088509777946
1,0.9440969923714234,-0.028184728231922272
1,0.9468414795200879,-0.02923257807527793
1,0.9495859666687525,-0.030252111571319486
1,0.9523304538174169,-0.031241718097633462
1,0.9550749409660814,-0.032199696016419976
1,0.9578194281147457,-0.03312424504985691
1,0.9605639152634103,-0.03401345778322471
1,0.9633084024120748,-0.034865310167445006
1,0.9660528895607392,-0.035677650869240955
1,0.9687973767094037,-0.03644818928874916
1,0.9715418638580683,-0.037174482029429204
1,0.9742863510067327,-0.037853917562034683
1,0.9770308381553973,-0.038483698770955886
1,0.9797753253040616,-0.039060823004337886
1,0.9825198124527261,-0.03958205916511289
1,0.9852642996013906,-0.040043921273116116
1,0.9880087867500552,-0.04044263779150451
1,0.9907532738987195,-0.04077411583356698
1,0.9934977610473841,-0.041033899135164476
1,0.9962422481960485,-0.04121711837312012
1,0.9989867353447129,-0.04131843200354372
1,1.0017312224933774,-0.04133195524475154
1,1.004475709642042,-0.04125117407710652
1,1.0072201967907064,-0.04106884008660986
1,1.009964683939371,-0.040776840500666774
1,1.0127091710880354,-0.04036603563720159
1,1.0154536582366998,-0.039826052862799353
1,1.0181981453853644,-0.03914502145914684
1,1.0209426325340287,-0.03830922555522272
1,1.0236871196826933,-0.0373026407856248
1,1.026431606831358,-0.0361063014584261
1,1.0291760939800223,-0.034697412789468154
1,1.0319205811286867,-0.033048065156614244
1,1.034665068277351,-0.0311232985476204
1,1.0374095554260157,-0.02887804569757009
1,1.0401540425746802,-0.02625199988897696
1,1.0428985297233446,-0.023160271516090673
1,1.0456430168720092,-0.01947433942121334
1,1.0483875040206736,-0.014975928312268348
1,1.051131991169338,-0.009205337657355248
1,1.0538764783180026,4.757723236780552e-7
2,-0.029126213592233007,-0.02293287639261939
2,-0.02636643394193972,-0.02519211109007958
2,-0.02360665429164642,-0.02705177624107496
2,-0.020846874641353128,-0.028594923571910742
2,-0.018087094991059836,-0.029870505242480076
2,-0.015327315340766545,-0.03091492472381236
2,-0.012567535690473253,-0.031756719664919976
2,-0.009807756040179957,-0.032418962411939166
2,-0.0070479763898866656,-0.032920723993274115
2,-0.004288196739593374,-0.03327804221699697
2,-0.0015284170893000784,-0.03350459471080832
2,0.0012313625609932134,-0.03361218392576118
2,0.003991142211286505,-0.0336110965225672
2,0.006750921861579797,-0.03351037580057032
2,0.009510701511873089,-0.033318032194430955
2,0.012270481162166384,-0.033041208607460536
2,0.015030260812459676,-0.03268631214095168
2,0.017790040462752964,-0.03225912038037667
2,0.02054982011304626,-0.03176486811970719
2,0.02330959976333956,-0.031208318839439888
2,0.02606937941363285,-0.03059382415593439
2,0.028829159063926135,-0.0299253736754336
2,0.03158893871421943,-0.029206637117161816
2,0.034348718364512726,-0.028441000150302112
2,0.03710849801480602,-0.02763159507697184
2,0.0398682776650993,-0.026781327256583335
2,0.042628057315392605,-0.025892897986378234
2,0.04538783696568589,-0.024968824413481437
2,0.04814761661597918,-0.02401145694507735
2,0.050907396266272484,-0.023022994537899053
2,0.05366717591656577,-0.022005498180556173
2,0.05642695556685906,-0.02096090282814009
2,0.05918673521715236,-0.019891028005019424
2,0.06194651486744565,-0.01879758725663429
2,0.06470629451773893,-0.017682196602331078
2,0.06746607416803224,-0.01654638211780559
2,0.07022585381832552,-0.015391586756367707
2,0.07298563346861882,-0.01421917650219494
2,0.07574541311891211,-0.013030445935317336
2,0.07850519276920541,-0.011826623277015965
2,0.0812649724194987,-0.010608874974819944
2,0.08402475206979199,-0.009378309878433699
2,0.08678453172008528,-0.008135983051156877
2,0.08954431137037859,-0.006882899255709198
2,0.09230409102067187,-0.005620016148458185
2,0.09506387067096517,-0.004348247211844484
2,0.09782365032125846,-0.0030684644513279623
2,0.10058342997155174,-0.0017815008798999804
2,0.10334320962184504,-0.00048815281072453286
2,0.10610298927213835,0.0008108180240274625
2,0.10886276892243162,0.00211468251195297
2,0.11162254857272491,0.003422742342497613
2,0.11438232822301822,0.004734328319486136
2,0.11714210787331149,0.006048798792645034
2,0.1199018875236048,0.007365538197852332
2,0.12266166717389809,0.008683955696862419
2,0.12542144682419137,0.010003483908206542
2,0.12818122647448468,0.011323577721797418
2,0.13094100612477796,0.012643713190438869
2,0.13370078577507125,0.013963386492173083
2,0.13646056542536456,0.01528211295787899
2,0.13922034507565786,0.016599426159112828
2,0.14198012472595112,0.01791487705162073
2,0.14473990437624443,0.019228033170367632
2,0.14749968402653774,0.020538477872250934
2,0.15025946367683102,0.021845809623085168
2,0.1530192433271243,0.02314964132567676
2,0.1557790229774176,0.024449599686045504
2,0.1585388026277109,0.025745324615224784
2,0.1612985822780042,0.027036468664117193
2,0.16405836192829748,0.028322696489214354
2,0.16681814157859076,0.02960368434711065
2,0.16957792122888407,0.0308791196159006
2,0.17233770087917735,0.032148700341729564
2,0.17509748052947063,0.03341213480888285
2,0.17785726017976394,0.03466914113188901
2,0.18061703983005725,0.035919446868309474
2,0.1833768194803505,0.03716278865089758
2,0.18613659913064382,0.03839891183794439
2,0.18889637878093712,0.039627570180751755
2,0.19165615843123043,0.040848525507160574
2,0.1944159380815237,0.04206154742023599
2,0.197175717731817,0.04326641301117691
2,0.1999354973821103,0.044462906585691006
2,0.2026952770324036,0.045650819403000004
2,0.20545505668269687,0.046829949426841225
2,0.20821483633299018,0.04800010108773162
2,0.21097461598328346,0.0491610850558916
2,0.21373439563357677,0.050312718024308645
2,0.21649417528387005,0.051454822501276316
2,0.21925395493416333,0.052587226612038386
2,0.22201373458445664,0.05370976390892905
2,0.22477351423474995,0.054822273189693335
2,0.2275332938850432,0.05592459832345456
2,0.23029307353533648,0.05701658808400348
2,0.2330528531856298,0.05809809599003464
2,0.23581263283592308,0.059168980151936265
2,0.23857241248621638,0.06022910312487972
2,0.2413321921365097,0.061278331767843475
2,0.244091971786803,0.06231653710829722
2,0.24685175143709623,0.0633435942122914
2,0.24961153108738954,0.06435938205968801
2,0.2523713107376828,0.06536378342426408
2,0.25513109038797616,0.06635668475850184
2,0.25789087003826944,0.06733797608281944
2,0.2606506496885628,0.06830755087905058
2,0.263410429338856,0.06926530598797524
2,0.2661702089891493,0.07021114151073572
2,0.2689299886394426,0.07114496071391814
2,0.2716897682897359,0.0720666699382195
2,0.2744495479400292,0.0729761785104505
2,0.2772093275903225,0.07387339865880212
2,0.27996910724061574,0.07475824543119583
2,0.282728886890909,0.0756306366165998
2,0.28548866654120236,0.07649049266919564
2,0.28824844619149564,0.0773377366352475
2,0.291008225841789,0.07817229408260311
2,0.29376800549208226,0.07899409303266752
2,0.2965277851423755,0.07980306389481276
2,0.2992875647926688,0.0805991394030585
2,0.3020473444429621,0.08138225455498586
2,0.3048071240932554,0.08215234655275648
2,0.3075669037435487,0.08290935474620448
2,0.310326683393842,0.08365322057785088
2,0.3130864630441353,0.08438388752983386
2,0.31584624269442857,0.0851013010726332
2,0.31860602234472185,0.08580540861556321
2,0.3213658019950152,0.08649615945892676
2,0.32412558164530847,0.08717350474779254
2,0.32688536129560175,0.08783739742733952
2,0.32964514094589503,0.08848779219968955
2,0.3324049205961883,0.08912464548219483
2,0.3351647002464816,0.0897479153671395
2,0.33792447989677493,0.09035756158274676
2,0.3406842595470682,0.09095354545551863
2,0.34344403919736155,0.09153582987382702
2,0.3462038188476548,0.09210437925270545
2,0.34896359849794806,0.09265915949981471
2,0.3517233781482414,0.09320013798254326
2,0.3544831577985347,0.09372728349619469
2,0.35724293744882796,0.0942405662332399
2,0.3600027170991213,0.09473995775357817
2,0.3627624967494145,0.0952254309558113
2,0.36552227639970786,0.09569696004945057
2,0.36828205605000114,0.0961545205280623
2,0.3710418357002944,0.09659808914331926
2,0.37380161535058776,0.09702764387991349
2,0.37656139500088104,0.09744316393130617
2,0.37932117465117426,0.09784462967632063
2,0.3820809543014676,0.09823202265650045
2,0.3848407339517609,0.09860532555427452
2,0.3876005136020542,0.09896452217182218
2,0.3903602932523475,0.09930959741072232
2,0.3931200729026408,0.09964053725225777
2,0.39587985255293406,0.09995732873843913
2,0.39863963220322735,0.10025995995369853
2,0.4013994118535206,0.1005484200071974
2,0.40415919150381396,0.10082269901582037
2,0.40691897115410725,0.10108278808773245
2,0.4096787508044005,0.10132867930658619
2,0.41243853045469386,0.10156036571627017
2,0.4151983101049871,0.10177784130625422
2,0.4179580897552804,0.10198110099749247
2,0.4207178694055737,0.10217014062885839
2,0.423477649055867,0.10234495694410684
2,0.4262374287061603,0.10250554757937982
2,0.4289972083564536,0.10265191105118653
2,0.43175698800674683,0.10278404674489576
2,0.43451676765704017,0.10290195490372875
2,0.43727654730733345,0.10300563661818703
2,0.44003632695762673,0.10309509381598464
2,0.44279610660792007,0.10317032925241675
2,0.44555588625821335,0.10323134650117077
2,0.44831566590850663,0.10327814994560021
2,0.4510754455587999,0.10331074477039824
2,0.4538352252090932,0.10332913695371133
2,0.45659500485938653,0.1033333332596773
2,0.4593547845096798,0.10332334123134913
2,0.4621145641599731,0.10329916918403284
2,0.4648743438102664,0.10326082619903969
2,0.46763412346055966,0.10320832211778777
2,0.470393903110853,0.10314166753633225
2,0.4731536827611463,0.1030608738002432
2,0.47591346241143956,0.1029659529998816
2,0.4786732420617329,0.1028569179660182
2,0.4814330217120261,0.10273378226586291
2,0.4841928013623194,0.10259656019940613
2,0.48695258101261274,0.10244526679616049
2,0.48971236066290597,0.10227991781221842
2,0.4924721403131993,0.10210052972771805
2,0.4952319199634926,0.10190711974459794
2,0.4979916996137859,0.1016997057847398
2,0.5007514792640791,0.10147830648844121
2,0.5035112589143725,0.10124294121324481
2,0.5062710385646658,0.10099363003307792
2,0.509030818214959,0.10073039373778016
2,0.5117905978652524,0.10045325383292002
2,0.5145503775155457,0.10016223253999867
2,0.517310157165839,0.09985735279694773
2,0.5200699368161322,0.09953863825899131
2,0.5228297164664255,0.09920611329983706
2,0.5255894961167188,0.09885980301322525
2,0.5283492757670121,0.0984997332147589
2,0.5311090554173055,0.098125930444142
2,0.5338688350675987,0.097738421967727
2,0.536628614717892,0.09733723578137488
2,0.5393883943681853,0.09692240061372101
2,0.5421481740184787,0.09649394592973093
2,0.5449079536687719,0.09605190193461954
2,0.5476677333190653,0.09559629957813989
2,0.5504275129693585,0.09512717055918324
2,0.5531872926196518,0.09464454733076351
2,0.555947072269945,0.09414846310535803
2,0.5587068519202384,0.09363895186059014
2,0.5614666315705316,0.09311604834529248
2,0.564226411220825,0.09257978808593256
2,0.5669861908711182,0.0920302073934113
2,0.5697459705214115,0.09146734337023543
2,0.5725057501717048,0.0908912339180934
2,0.5752655298219982,0.09030191774577093
2,0.5780253094722914,0.08969943437751865
2,0.5807850891225848,0.08908382416178189
2,0.583544868772878,0.0884551282803338
2,0.5863046484231714,0.08781338875784121
2,0.5890644280734645,0.0871586484718309
2,0.5918242077237579,0.08649095116310052
2,0.5945839873740512,0.08581034144654569
2,0.5973437670243444,0.08511686482242996
2,0.6001035466746377,0.0844105676881158
2,0.6028633263249311,0.08369149735026686
2,0.6056231059752243,0.08295970203746822
2,0.6083828856255177,0.08221523091338953
2,0.611142665275811,0.08145813409040015
2,0.6139024449261042,0.08068846264367306
2,0.6166622245763975,0.07990626862584792
2,0.6194220042266909,0.07911160508216955
2,0.622181783876984,0.07830452606617312
2,0.6249415635272774,0.07748508665593856
2,0.6277013431775706,0.07665334297088178
2,0.630461122827864,0.07580935218913604
2,0.6332209024781572,0.07495317256551429
2,0.6359806821284506,0.07408486345008417
2,0.6387404617787439,0.07320448530735851
2,0.6415002414290372,0.07231209973612752
2,0.6442600210793304,0.07140776948995495
2,0.6470198007296238,0.07049155849832778
2,0.649779580379917,0.06956353188850799
2,0.6525393600302104,0.06862375600812076
2,0.6552991396805036,0.06767229844842629
2,0.6580589193307969,0.06670922806839458
2,0.6608186989810901,0.06573461501952746
2,0.6635784786313835,0.0647485307714927
2,0.6663382582816767,0.06375104813859005
2,0.6690980379319701,0.06274224130704126
2,0.6718578175822634,0.061722185863197616
2,0.6746175972325567,0.060690958822610185
2,0.6773773768828499,0.05964863866007643
2,0.6801371565331433,0.05859530534060705
2,0.6828969361834365,0.05753104035143771
2,0.6856567158337299,0.05645592673501068
2,0.6884164954840231,0.05537004912309955
2,0.6911762751343165,0.0542734937719433
2,0.6939360547846096,0.05316634859859432
2,0.696695834434903,0.0520487032184037
2,0.6994556140851963,0.05092064898373521
2,0.7022153937354896,0.04978227902393636
2,0.7049751733857829,0.04863368828662706
2,0.7077349530360763,0.04747497358033931
2,0.7104947326863694,0.04630623361855027
2,0.7132545123366628,0.0451275690651789
2,0.7160142919869561,0.04393908258159661
2,0.7187740716372494,0.0427408788751919
2,0.7215338512875425,0.0415330647495765
2,0.7242936309378359,0.04031574915646579
2,0.7270534105881291,0.03908904324932121
2,0.7298131902384225,0.03785306043880394
2,0.7325729698887158,0.03660791645014929
2,0.7353327495390092,0.03535372938246789
2,0.7380925291893023,0.03409061977013757
2,0.7408523088395957,0.03281871064629693
2,0.743612088489889,0.031538127608582926
2,0.7463718681401823,0.030248998887156976
2,0.7491316477904756,0.028951455415153707
2,0.751891427440769,0.027645630901623752
2,0.754651207091062,0.026331661907119077
2,0.7574109867413554,0.02500968792197135
2,0.7601707663916487,0.02367985144745263
2,0.762930546041942,0.022342298079875332
2,0.7656903256922353,0.020997176597825292
2,0.7684501053425287,0.019644639052606303
2,0.7712098849928218,0.018284840862099614
2,0.7739696646431152,0.016917940908143626
2,0.7767294442934085,0.015544101637633949
2,0.7794892239437018,0.014163489167489328
2,0.7822490035939951,0.01277627339369057
2,0.7850087832442885,0.0113826281045434
2,0.7877685628945815,0.00998273109843451
2,0.7905283425448749,0.00857676430621617
2,0.7932881221951682,0.007164913918512133
2,0.7960479018454616,0.005747370518167622
2,0.7988076814957548,0.00432432921807524
2,0.8015674611460482,0.0028959898046743296
2,0.8043272407963414,0.00146255688741409
2,0.8070870204466347,2.424005446562707e-5
2,0.809846800096928,-0.0014187459649739088
2,0.8126065797472214,-0.0028661811314452225
2,0.8153663593975146,-0.004317839918699124
2,0.818126139047808,-0.005773491129452464
2,0.8208859186981011,-0.007232897703076114
2,0.8236456983483944,-0.008695816514693375
2,0.8264054779986877,-0.010161998165260824
2,0.8291652576489811,-0.011631186762123321
2,0.8319250372992743,-0.01310311968947258
2,0.8346848169495676,-0.01457752736819329
2,0.8374445965998609,-0.016054133004372795
2,0.8402043762501543,-0.017532652325930452
2,0.8429641559004475,-0.01901279330657425
2,0.8457239355507409,-0.02049425587636015
2,0.8484837152010342,-0.02197673161801183
2,0.8512434948513274,-0.023459903448157043
2,0.8540032745016207,-0.024943445282518524
2,0.856763054151914,-0.02642702168401866
2,0.8595228338022072,-0.0279102874927616
2,0.8622826134525006,-0.02939288743666907
2,0.8650423931027938,-0.03087445572150308
2,0.8678021727530871,-0.032354615598930346
2,0.8705619524033804,-0.0338329789111066
2,0.8733217320536738,-0.035309145610207406
2,0.876081511703967,-0.03678270325113035
2,0.8788412913542604,-0.03825322645552048
2,0.8816010710045536,-0.03972027634502022
2,0.8843608506548469,-0.04118339994158707
2,0.8871206303051402,-0.04264212953233531
2,0.8898804099554335,-0.04409598199643246
2,0.8926401896057268,-0.0455444580909748
2,0.8953999692560201,-0.04698704169285562
2,0.8981597489063133,-0.04842319899306783
2,0.9009195285566067,-0.04985237763976463
2,0.9036793082068999,-0.05127400582582579
2,0.9064390878571933,-0.052687491316527085
2,0.9091988675074866,-0.054092220412175374
2,0.9119586471577799,-0.05548755684029003
2,0.9147184268080731,-0.0568728405712422
2,0.9174782064583665,-0.058247386550590724
2,0.9202379861086597,-0.05961048334072054
2,0.922997765758953,-0.060961391663525516
2,0.9257575454092463,-0.06229934283495283
2,0.9285173250595395,-0.06362353708122291
2,0.9312771047098328,-0.06493314172533911
2,0.9340368843601262,-0.06622728923115206
2,0.9367966640104194,-0.06750507509074392
2,0.9395564436607128,-0.06876555553914478
2,0.9423162233110061,-0.0700077450783528
2,0.9450760029612995,-0.07123061379040807
2,0.9478357826115926,-0.07243308441654087
2,0.950595562261886,-0.07361402917642279
2,0.9533553419121793,-0.07477226629793493
2,0.9561151215624725,-0.07590655622382206
2,0.9588749012127658,-0.07701559745669856
2,0.9616346808630591,-0.07809802199831041
2,0.9643944605133523,-0.07915239033227739
2,0.9671542401636457,-0.08017718589180009
2,0.969914019813939,-0.08117080894443868
2,0.9726737994642323,-0.0821315698152118
2,0.9754335791145256,-0.08305768135601324
2,0.9781933587648189,-0.08394725055359298
2,0.9809531384151121,-0.08479826914931651
2,0.9837129180654055,-0.08560860312086223
2,0.9864726977156988,-0.08637598084785712
2,0.989232477365992,-0.0870979797489619
2,0.9919922570162852,-0.08777201113541658
2,0.9947520366665786,-0.08839530297317422
2,0.9975118163168719,-0.08896488017973428
2,1.0002715959671653,-0.0894775419985278
2,1.0030313756174585,-0.08992983588814094
2,1.0057911552677519,-0.09031802722822896
2,1.008550934918045,-0.09063806396934616
2,1.0113107145683382,-0.09088553512552063
2,1.0140704942186316,-0.09105562170766067
2,1.016830273868925,-0.09114303829429199
2,1.0195900535192182,-0.09114196289372785
2,1.0223498331695116,-0.09104595200878587
2,1.025109612819805,-0.09084783678248254
2,1.0278693924700983,-0.09053959464322506
2,1.0306291721203913,-0.09011218876692506
2,1.0333889517706847,-0.08955536458686718
2,1.036148731420978,-0.08885738794376026
2,1.0389085110712712,-0.0880047023163469
2,1.0416682907215646,-0.08698147121830545
2,1.044428070371858,-0.0857689532038843
2,1.047187850022151,-0.08434462509745187
2,1.0499476296724444,-0.08268091217207835
2,1.0527074093227378,-0.08074327656969238
2,1.0554671889730312,-0.07848719829820833
2,1.0582269686233243,-0.07585310659408982
2,1.0609867482736177,-0.07275715220408341
2,1.063746527923911,-0.06907239463395991
2,1.0665063075742043,-0.06458325077332995
2,1.0692660872244975,-0.05883570213712085
2,1.0720258668747908,-0.04969348184855829
3,-0.042747575005639527,-0.001483952560265794
3,-0.03995989396387438,-0.01012064602221804
3,-0.037172212922109225,-0.015377874831927943
3,-0.03438453188034407,-0.01938899749200411
3,-0.031596850838578924,-0.022607553343551124
3,-0.028809169796813777,-0.0252489510958507
3,-0.02602148875504862,-0.02744005080845082
3,-0.023233807713283466,-0.02926465582841232
3,-0.02044612667151832,-0.030782303600422133
3,-0.01765844562975317,-0.03203748417601518
3,-0.014870764587988018,-0.03306470476198302
3,-0.01208308354622286,-0.03389150691572691
3,-0.009295402504457713,-0.03454037740028412
3,-0.006507721462692559,-0.03503001781220348
3,-0.003720040420927412,-0.035376221420486305
3,-0.0009323593791622578,-0.03559249835443359
3,0.0018553216626028893,-0.03569053345388482
3,0.004643002704368043,-0.03568052930169251
3,0.007430683746133197,-0.03557146833317746
3,0.010218364787898344,-0.03537131657237868
3,0.013006045829663498,-0.035087184398220964
3,0.015793726871428652,-0.03472545510827494
3,0.018581407913193806,-0.034291888962887276
3,0.02136908895495896,-0.03379170829195829
3,0.024156769996724108,-0.03322966778741269
3,0.026944451038489255,-0.03261011307159892
3,0.02973213208025441,-0.03193702988909001
3,0.03251981312201956,-0.031214085726687223
3,0.03530749416378471,-0.03044466526499431
3,0.03809517520554986,-0.029631900763766744
3,0.04088285624731501,-0.028778698255019573
3,0.043670537289080165,-0.027887760242900673
3,0.04645821833084531,-0.026961605473967205
3,0.04924589937261046,-0.026002586235749123
3,0.05203358041437561,-0.02501290355815376
3,0.05482126145614077,-0.023994620626172088
3,0.057608942497905914,-0.022949674659449814
3,0.06039662353967106,-0.021879887471630704
3,0.06318430458143622,-0.020786974887907112
3,0.06597198562320136,-0.019672555170988273
3,0.06875966666496652,-0.018538156582596638
3,0.07154734770673168,-0.017385224188554916
3,0.07433502874849683,-0.016215125999663103
3,0.07712270979026198,-0.015029158527451033
3,0.07991039083202714,-0.01382855182281901
3,0.08269807187379229,-0.012614474056295052
3,0.08548575291555743,-0.011388035690875663
3,0.08827343395732257,-0.010150293291667098
3,0.09106111499908773,-0.008902253010992338
3,0.09384879604085287,-0.007644873782732922
3,0.09663647708261805,-0.006379070255601942
3,0.09942415812438318,-0.005105715491411495
3,0.10221183916614834,-0.0038256434513733637
3,0.10499952020791348,-0.002539651290832802
3,0.10778720124967864,-0.0012485014804779866
3,0.11057488229144381,4.7076229914728736e-5
3,0.11336256333320895,0.0013463829908660087
3,0.11615024437497411,0.0026487491629672245
3,0.11893792541673925,0.0039535327455656275
3,0.12172560645850442,0.0052601179141617245
3,0.12451328750026955,0.006567913657266125
3,0.1273009685420347,0.007876352504457354
3,0.13008864958379984,0.009184889338150997
3,0.13287633062556503,0.010493000282349148
3,0.13566401166733016,0.011800181662236222
3,0.1384516927090953,0.013105949029109288
3,0.14123937375086046,0.014409836245615069
3,0.14402705479262562,0.015711394626713993
3,0.14681473583439075,0.01701019213222247
3,0.1496024168761559,0.018305812607144468
3,0.15239009791792105,0.019597855066326775
3,0.1551777789596862,0.020885933020260622
3,0.15796546000145134,0.022169673839156277
3,0.16075314104321653,0.023448718152615268
3,0.16354082208498166,0.024722719282456368
3,0.16632850312674682,0.025991342706489538
3,0.16911618416851196,0.027254265551128466
3,0.17190386521027712,0.02851117611098295
3,0.17469154625204225,0.029761773393650322
3,0.17747922729380744,0.031005766688119794
3,0.18026690833557257,0.03224287515526457
3,0.18305458937733773,0.03347282743906656
3,0.1858422704191029,0.034695361297287224
3,0.18862995146086803,0.03591022325036821
3,0.1914176325026332,0.03711716824754244
3,0.19420531354439832,0.03831595934901991
3,0.19699299458616348,0.039506367423412014
3,0.19978067562792862,0.04068817085942311
3,0.2025683566696938,0.04186115529105749
3,0.20535603771145894,0.04302511333551545
3,0.2081437187532241,0.044179844343099184
3,0.21093139979498923,0.04532515415846788
3,0.2137190808367544,0.046460854892583094
3,0.21650676187851953,0.047586764704814315
3,0.21929444292028466,0.04870270759458573
3,0.22208212396204985,0.04980851320216028
3,0.224869805003815,0.050904016617965286
3,0.22765748604558017,0.05198905820010467
3,0.23044516708734528,0.053063483399592146
3,0.23323284812911044,0.054127142592925705
3,0.2360205291708756,0.0551798909216224
3,0.23880821021264076,0.056221588138373094
3,0.2415958912544059,0.05725209845950531
3,0.24438357229617105,0.058271290423410574
3,0.24717125333793621,0.05927903675467196
3,0.24995893437970138,0.060275214233618916
3,0.2527466154214665,0.06125970357103612
3,0.25553429646323167,0.06223238928780354
3,0.2583219775049968,0.06319315959922082
3,0.261109658546762,0.06414190630379615
3,0.2638973395885271,0.06507852467633489
3,0.26668502063029226,0.06600291336507125
3,0.2694727016720574,0.06691497429271151
3,0.2722603827138226,0.06781461256119847
3,0.27504806375558777,0.06870173636003304
3,0.27783574479735285,0.06957625687798004
3,0.28062342583911803,0.0704380882180593
3,0.28341110688088317,0.07128714731562266
3,0.28619878792264836,0.07212335385943658
3,0.28898646896441343,0.07294663021561018
3,0.2917741500061786,0.07375690135426403
3,0.29456183104794376,0.07455409477882527
3,0.29734951208970894,0.07533814045785289
3,0.3001371931314741,0.07610897075925185
3,0.3029248741732392,0.07686652038683911
3,0.3057125552150044,0.07761072631910379
3,0.30850023625676953,0.07834152775014604
3,0.31128791729853467,0.07905886603263551
3,0.31407559834029986,0.07976268462276183
3,0.316863279382065,0.08045292902708559
3,0.3196509604238302,0.08112954675121989
3,0.32243864146559525,0.08179248725026717
3,0.32522632250736044,0.08244170188093826
3,0.3280140035491256,0.08307714385533474
3,0.33080168459089077,0.083698768196268
3,0.33358936563265584,0.08430653169411552
3,0.33637704667442103,0.08490039286512832
3,0.3391647277161862,0.08548031191114926
3,0.34195240875795135,0.08604625068068744
3,0.34474008979971654,0.08659817263130742
3,0.3475277708414816,0.08713604279328623
3,0.3503154518832468,0.08765982773448878
3,0.35310313292501194,0.08816949552642428
3,0.35589081396677713,0.08866501571145749
3,0.35867849500854226,0.08914635927110016
3,0.3614661760503074,0.08961349859539576
3,0.3642538570920726,0.09006640745332571
3,0.3670415381338377,0.09050506096421848
3,0.36982921917560285,0.09092943557011418
3,0.372616900217368,0.09133950900910742
3,0.3754045812591332,0.09173526028954715
3,0.37819226230089836,0.09211666966515374
3,0.38097994334266344,0.09248371861099208
3,0.38376762438442863,0.09283638980024264
3,0.38655530542619376,0.09317466708182166
3,0.38934298646795895,0.09349853545874784
3,0.39213066750972403,0.09380798106729196
3,0.3949183485514892,0.09410299115683694
3,0.3977060295932544,0.09438355407050451
3,0.40049371063501954,0.0946496592264248
3,0.4032813916767847,0.09490129709972263
3,0.4060690727185498,0.09513845920514642
3,0.408856753760315,0.09536113808035628
3,0.41164443480208013,0.09556932726982373
3,0.4144321158438453,0.09576302130936183
3,0.4172197968856104,0.09594221571123075
3,0.4200074779273756,0.09610690694984711
3,0.42279515896914077,0.09625709244804234
3,0.4255828400109059,0.09639277056389871
3,0.42837052105267104,0.09651394057810503
3,0.43115820209443617,0.09662060268185581
3,0.43394588313620136,0.09671275796528112
3,0.4367335641779665,0.09679040840634759
3,0.4395212452197316,0.09685355686030606
3,0.4423089262614968,0.09690220704958313
3,0.44509660730326195,0.09693636355418722
3,0.44788428834502714,0.0969560318025542
3,0.4506719693867922,0.09696121806287329
3,0.4534596504285574,0.09695192943486106
3,0.45624733147032254,0.09692817384196843
3,0.4590350125120877,0.09688996002405227
3,0.4618226935538528,0.09683729753044638
3,0.464610374595618,0.0967701967134778
3,0.4673980556373832,0.09668866872238545
3,0.4701857366791483,0.09659272549767578
3,0.47297341772091345,0.09648237976585322
3,0.4757610987626786,0.09635764503457783
3,0.47854877980444377,0.09621853558820578
3,0.48133646084620885,0.09606506648371965
3,0.4841241418879741,0.09589725354706763
3,0.4869118229297392,0.09571511336986106
3,0.4896995039715044,0.09551866330647396
3,0.49248718501326955,0.09530792147150376
3,0.4952748660550346,0.09508290673762144
3,0.49806254709679987,0.09484363873378102
3,0.500850228138565,0.09459013784381402
3,0.50363790918033,0.09432242520537767
3,0.5064255902220953,0.09404052270928598
3,0.5092132712638604,0.09374445299918256
3,0.5120009523056256,0.0934342394716142
3,0.5147886333473908,0.09310990627641214
3,0.517576314389156,0.09277147831751278
3,0.520363995430921,0.09241898125406618
3,0.5231516764726862,0.09205244150195467
3,0.5259393575144513,0.09167188623566003
3,0.5287270385562165,0.09127734339049158
3,0.5315147195979816,0.0908688416651881
3,0.5343024006397469,0.09044641052487261
3,0.537090081681512,0.09001008020440143
3,0.5398777627232771,0.08955988171204363
3,0.5426654437650422,0.08909584683356557
3,0.5454531248068075,0.08861800813667739
3,0.5482408058485725,0.08812639897584953
3,0.5510284868903377,0.08762105349752386
3,0.5538161679321029,0.0871020066456991
3,0.556603848973868,0.0865692941678991
3,0.5593915300156331,0.08602295262154237
3,0.5621792110573983,0.08546301938070044
3,0.5649668920991635,0.0848895326432503
3,0.5677545731409287,0.08430253143844889
3,0.5705422541826938,0.08370205563489634
3,0.573329935224459,0.0830881459489354
3,0.576117616266224,0.08246084395344737
3,0.5789052973079892,0.08182019208711303
3,0.5816929783497543,0.08116623366405037
3,0.5844806593915196,0.0804990128839731
3,0.5872683404332847,0.07981857484271733
3,0.5900560214750499,0.0791249655432869
3,0.5928437025168151,0.07841823190732229
3,0.5956313835585801,0.07769842178708335
3,0.5984190646003452,0.07696558397787126
3,0.6012067456421104,0.07621976823098617
3,0.6039944266838756,0.07546102526715294
3,0.6067821077256408,0.07468940679049599
3,0.6095697887674059,0.07390496550299835
3,0.6123574698091712,0.07310775511954183
3,0.6151451508509362,0.07229783038346023
3,0.6179328318927014,0.07147524708267732
3,0.6207205129344664,0.07064006206641125
3,0.6235081939762317,0.0697923332624681
3,0.6262958750179968,0.06893211969514675
3,0.629083556059762,0.06805948150374724
3,0.6318712371015272,0.06717447996174625
3,0.6346589181432923,0.06627717749658013
3,0.6374465991850574,0.06536763771014249
3,0.6402342802268226,0.06444592539994304
3,0.6430219612685877,0.06351210658097503
3,0.6458096423103529,0.06256624850832193
3,0.648597323352118,0.061608419700505866
3,0.6513850043938832,0.06063868996359435
3,0.6541726854356483,0.05965713041612286
3,0.6569603664774135,0.058663813514807664
3,0.6597480475191786,0.057658813081115194
3,0.6625357285609439,0.05664220432869896
3,0.6653234096027089,0.05561406389171026
3,0.668111090644474,0.054574469854050116
3,0.6708987716862391,0.05352350177957231
3,0.6736864527280044,0.05246124074323447
3,0.6764741337697695,0.05138776936331452
3,0.6792618148115347,0.050303171834623996
3,0.6820494958532999,0.04920753396284163
3,0.6848371768950651,0.048100943199924015
3,0.68762485793683,0.046983488680715814
3,0.6904125389785952,0.04585526126072351
3,0.6932002200203604,0.04471635355513776
3,0.6959879010621256,0.04356685997913618
3,0.6987755821038907,0.042406876789514734
3,0.701563263145656,0.04123650212768764
3,0.7043509441874211,0.040055836064116675
3,0.7071386252291862,0.0388649806442129
3,0.7099263062709512,0.03766403993576648
3,0.7127139873127165,0.036453120077991855
3,0.7155016683544816,0.03523232933217038
3,0.7182893493962468,0.03400177813405173
3,0.721077030438012,0.03276157914801713
3,0.7238647114797772,0.03151184732308311
3,0.7266523925215422,0.030252699950821665
3,0.7294400735633074,0.02898425672530874
3,0.7322277546050726,0.027706639805102434
3,0.7350154356468377,0.02641997387742479
3,0.7378031166886028,0.025124386224551088
3,0.7405907977303681,0.023820006792583847
3,0.7433784787721331,0.022506968262624646
3,0.7461661598138983,0.021185406124528468
3,0.7489538408556634,0.01985545875327413
3,0.7517415218974287,0.01851726748811393
3,0.7545292029391938,0.017170976714610132
3,0.7573168839809589,0.015816733949676073
3,0.760104565022724,0.014454689929751725
3,0.7628922460644892,0.013084998702285798
3,0.7656799271062543,0.011707817720626838
3,0.7684676081480195,0.010323307942506603
3,0.7712552891897847,0.00893163393228596
3,0.7740429702315499,0.007532963967111763
3,0.776830651273315,0.006127470147193825
3,0.7796183323150803,0.0047153285103843055
3,0.7824060133568452,0.003296719151266319
3,0.7851936943986104,0.0018718263449699587
3,0.7879813754403755,0.00044083867595384095
3,0.7907690564821408,-0.0009960508280255635
3,0.7935567375239059,-0.0024386445564569645
3,0.7963444185656711,-0.0038867401709137255
3,0.7991320996074363,-0.005340130453825392
3,0.8019197806492014,-0.006798603150944852
3,0.8047074616909664,-0.008261940807124632
3,0.8074951427327316,-0.009729920595085973
3,0.8102828237744968,-0.011202314136795245
3,0.813070504816262,-0.012678887317048545
3,0.815858185858027,-0.014159400088859117
3,0.8186458668997924,-0.015643606270159757
3,0.8214335479415574,-0.017131253331404483
3,0.8242212289833226,-0.01862208217347465
3,0.8270089100250876,-0.020115826895412685
3,0.8297965910668529,-0.02161221455136922
3,0.832584272108618,-0.023110964896114014
3,0.8353719531503832,-0.024611790118486257
3,0.8381596341921482,-0.026114394562043158
3,0.8409473152339135,-0.027618474432121756
3,0.8437349962756786,-0.02912371748850576
3,0.8465226773174438,-0.030629802722811992
3,0.8493103583592089,-0.03213640001962848
3,0.8520980394009741,-0.03364316980037518
3,0.8548857204427391,-0.035149762648802485
3,0.8576734014845043,-0.036655818916908244
3,0.8604610825262695,-0.038160968309993375
3,0.8632487635680347,-0.03966482944948661
3,0.8660364446097998,-0.041167009411996684
3,0.8688241256515651,-0.04266710324300951
3,0.8716118066933302,-0.044164693443421846
3,0.8743994877350952,-0.045659349427047864
3,0.8771871687768603,-0.04715062694697122
3,0.8799748498186256,-0.048638067488562316
3,0.8827625308603907,-0.05012119762659076
3,0.8855502119021559,-0.05159952834389813
3,0.8883378929439211,-0.053072554308585325
3,0.8911255739856863,-0.05453975310662589
3,0.8939132550274513,-0.05600058442634638
3,0.8967009360692164,-0.05745448919100122
3,0.8994886171109816,-0.05890088863524001
3,0.9022762981527468,-0.06033918332085818
3,0.9050639791945119,-0.06176875208678065
3,0.9078516602362772,-0.06318895092771304
3,0.9106393412780422,-0.0645991117952676
3,0.9134270223198074,-0.06599854131483761
3,0.9162147033615725,-0.06738651941059942
3,0.9190023844033378,-0.06876229783037992
3,0.9217900654451028,-0.07012509856104085
3,0.924577746486868,-0.07147411212409607
3,0.9273654275286332,-0.07280849574002661
3,0.9301531085703983,-0.07412737134840011
3,0.9329407896121634,-0.0754298234693886
3,0.9357284706539286,-0.07671489689049843
3,0.9385161516956938,-0.07798159416028723
3,0.941303832737459,-0.07922887286850505
3,0.944091513779224,-0.08045564268947387
3,0.9468791948209893,-0.08166076216237425
3,0.9496668758627543,-0.08284303517850317
3,0.9524545569045195,-0.08400120714143326
3,0.9552422379462846,-0.08513396076112652
3,0.9580299189880499,-0.08623991143728364
3,0.960817600029815,-0.08731760218062541
3,0.9636052810715802,-0.08836549801276704
3,0.9663929621133451,-0.08938197977606507
3,0.9691806431551104,-0.09036533727364908
3,0.9719683241968755,-0.09131376164652161
3,0.9747560052386407,-0.09222533687866606
3,0.9775436862804059,-0.09309803030183778
3,0.9803313673221711,-0.09392968194829154
3,0.9831190483639362,-0.09471799257135054
3,0.9859067294057015,-0.09546051011865943
3,0.9886944104474664,-0.09615461440005289
3,0.9914820914892316,-0.09679749963833718
3,0.9942697725309967,-0.0973861545245587
3,0.997057453572762,-0.09791733931500594
3,0.9998451346145271,-0.0983875594002872
3,1.0026328156562923,-0.09879303463984386
3,1.0054204966980573,-0.09912966357834914
3,1.0082081777398226,-0.09939298142939297
3,1.0109958587815877,-0.09957811040730838
3,1.0137835398233528,-0.09967970058154124
3,1.0165712208651179,-0.09969185887887111
3,1.0193589019068832,-0.0996080631068433
3,1.0221465829486485,-0.09942105682613496
3,1.0249342639904135,-0.09912271942211753
3,1.0277219450321786,-0.09870390359875938
3,1.0305096260739437,-0.0981542293937319
3,1.0332973071157088,-0.09746181911820241
3,1.036084988157474,-0.09661295038524771
3,1.0388726691992392,-0.09559159289672793
3,1.0416603502410045,-0.09437877578693446
3,1.0444480312827695,-0.09295170010362826
3,1.0472357123245346,-0.09128245341988704
3,1.0500233933662997,-0.08933607482050276
3,1.052811074408065,-0.0870674988902311
3,1.05559875544983,-0.08441642494261191
3,1.0583864364915951,-0.08129797618576488
3,1.0611741175333604,-0.07758365636286094
3,1.0639617985751257,-0.07305524001341317
3,1.0667494796168908,-0.06725314360464069
3,1.069537160658656,-0.05801491518806954
4,-0.04279535624857728,-0.0011701555743940848
4,-0.04000249582727709,-0.009849379216984385
4,-0.037209635405976896,-0.015167463746066985
4,-0.03441677498467669,-0.019243799374941636
4,-0.0316239145633765,-0.022529595833804792
4,-0.02883105414207631,-0.025239382820468864
4,-0.026038193720776114,-0.02749960975275246
4,-0.02324533329947591,-0.029393864800539946
4,-0.020452472878175722,-0.030981564108117553
4,-0.017659612456875532,-0.032307125794005666
4,-0.014866752035575335,-0.03340501279561386
4,-0.01207389161427513,-0.03430273864005369
4,-0.009281031192974937,-0.035022771929040845
4,-0.006488170771674746,-0.03558380225205859
4,-0.003695310350374549,-0.03600161478050888
4,-0.0009024499290743587,-0.03628971405957156
4,0.0018904104922258386,-0.03645978097000357
4,0.004683270913526029,-0.036522015184554536
4,0.007476131334826226,-0.03648539689850761
4,0.010268991756126424,-0.03635789031392761
4,0.01306185217742662,-0.03614660423701918
4,0.01585471259872681,-0.03585792052849427
4,0.01864757302002701,-0.03549759807151541
4,0.021440433441327206,-0.03507085782766811
4,0.02423329386262741,-0.03458245309600553
4,0.027026154283927593,-0.034036728060007085
4,0.029819014705227798,-0.033437666966187794
4,0.03261187512652799,-0.03278893573663801
4,0.03540473554782819,-0.03209391741711371
4,0.038197595969128376,-0.031355742561549
4,0.040990456390428566,-0.030577315426174475
4,0.04378331681172877,-0.029761336671611335
4,0.04657617723302896,-0.028910323136121362
4,0.04936903765432916,-0.028026625137615967
4,0.05216189807562935,-0.027112441678724668
4,0.05495475849692955,-0.026169833863306152
4,0.05774761891822974,-0.0252007367797585
4,0.06054047933952994,-0.024206970064059072
4,0.06333333976083014,-0.023190247320851443
4,0.06612620018213033,-0.022152184552823837
4,0.06891906060343053,-0.021094307725423117
4,0.07171192102473073,-0.020018059574963082
4,0.07450478144603091,-0.018924805752371335
4,0.07729764186733112,-0.017815840381603318
4,0.08009050228863131,-0.016692391100768762
4,0.0828833627099315,-0.0155556236447262
4,0.08567622313123169,-0.014406646020064725
4,0.0884690835525319,-0.013246512316762023
4,0.09126194397383211,-0.0120762261951399
4,0.09405480439513228,-0.010896744081947032
4,0.09684766481643248,-0.009708978105222097
4,0.09964052523773267,-0.008513798794031304
4,0.10243338565903289,-0.007312037566161836
4,0.10522624608033306,-0.006104489024099286
4,0.10801910650163327,-0.004891913077421352
4,0.11081196692293346,-0.003675036907628282
4,0.11360482734423366,-0.002454556789748935
4,0.11639768776553383,-0.001231139783514586
4,0.11919054818683404,-5.425305501686584e-6
4,0.12198340860813425,0.0012219734074443197
4,0.12477626902943442,0.0024504679343643836
4,0.12756912945073462,0.003679493397550254
4,0.13036198987203482,0.0049085072736971885
4,0.13315485029333501,0.006136988282082985
4,0.1359477107146352,0.007364435343621981
4,0.1387405711359354,0.008590366605336026
4,0.1415334315572356,0.0098143185250969
4,0.1443262919785358,0.011035845012221207
4,0.14711915239983597,0.012254516619612507
4,0.1499120128211362,0.013469919783738637
4,0.1527048732424364,0.014681656108982713
4,0.1554977336637366,0.01588934169312763
4,0.15829059408503676,0.01709260649119234
4,0.16108345450633696,0.01829109371482771
4,0.16387631492763716,0.019484459264943566
4,0.16666917534893738,0.020672371195258218
4,0.16946203577023755,0.021854509204742686
4,0.17225489619153775,0.02303056415703459
4,0.17504775661283795,0.024200237625083845
4,0.17784061703413817,0.02536324145940844
4,0.18063347745543834,0.026519297378489907
4,0.18342633787673854,0.02766813657986094
4,0.18621919829803874,0.028809499370691716
4,0.18901205871933893,0.029943134816624046
4,0.1918049191406391,0.031068800407774707
4,0.1945977795619393,0.03218626174087117
4,0.19739063998323952,0.03329529221663918
4,0.20018350040453972,0.03439567275143123
4,0.2029763608258399,0.03548719150238729
4,0.2057692212471401,0.036569643605323846
4,0.2085620816684403,0.0376428309246112
4,0.21135494208974048,0.038706561814397175
4,0.21414780251104068,0.039760650890575205
4,0.21694066293234088,0.04080491881284658
4,0.21973352335364107,0.04183919207641845
4,0.22252638377494127,0.04286330281274703
4,0.2253192441962415,0.043877088598911075
4,0.22811210461754167,0.04488039227513049
4,0.23090496503884184,0.04587306177002074
4,0.23369782546014206,0.046854949933193
4,0.23649068588144223,0.047825914374821525
4,0.2392835463027424,0.048785817311836434
4,0.24207640672404265,0.04973452542041596
4,0.24486926714534282,0.050671909694453815
4,0.24766212756664305,0.05159784530974338
4,0.25045498798794325,0.052512211493556345
4,0.2532478484092434,0.053414891399430696
4,0.25604070883054364,0.05430577198682882
4,0.2588335692518438,0.05518474390553962
4,0.261626429673144,0.05605170138452379
4,0.2644192900944442,0.05690654212503245
4,0.2672121505157444,0.0577491671978369
4,0.2700050109370446,0.05857948094430628
4,0.27279787135834477,0.05939739088125276
4,0.275590731779645,0.06020280760929664
4,0.2783835922009452,0.060995644724668
4,0.2811764526222454,0.0617758187342389
4,0.28396931304354556,0.06254324897368947
4,0.2867621734648458,0.06329785752865036
4,0.28955503388614595,0.06403956915869342
4,0.2923478943074461,0.06476831122410841
4,0.29514075472874635,0.06548401361523522
4,0.2979336151500465,0.06618660868436935
4,0.30072647557134674,0.066876031180074
4,0.3035193359926469,0.0675522181838042
4,0.3063121964139471,0.06821510904875235
4,0.30910505683524736,0.06886464534085758
4,0.31189791725654753,0.06950077078184923
4,0.3146907776778477,0.07012343119427462
4,0.3174836380991479,0.07073257444843595
4,0.3202764985204481,0.0713281504111444
4,0.3230693589417483,0.0719101108962369
4,0.3258622193630485,0.07247840961679551
4,0.32865507978434866,0.07303300213898016
4,0.3314479402056489,0.07357384583746979
4,0.33424080062694905,0.07410089985236167
4,0.3370336610482493,0.07461412504759413
4,0.3398265214695495,0.0751134839707246
4,0.3426193818908497,0.07559894081411982
4,0.3454122423121499,0.07607046137738761
4,0.34820510273345007,0.0765280130311528
4,0.35099796315475024,0.07697156468200453
4,0.35379082357605046,0.07740108673864159
4,0.35658368399735063,0.07781655107915669
4,0.3593765444186508,0.0782179310194343
4,0.362169404839951,0.0786052012826114
4,0.3649622652612512,0.0789783379695628
4,0.3677551256825514,0.07933731853040543
4,0.37054798610385165,0.0796821217369596
4,0.3733408465251518,0.08001272765614205
4,0.37613370694645204,0.08032911762430058
4,0.3789265673677522,0.08063127422238708
4,0.3817194277890524,0.08091918125201802
4,0.3845122882103526,0.08119282371234882
4,0.3873051486316528,0.08145218777776717
4,0.39009800905295294,0.08169726077635758
4,0.39289086947425317,0.08192803116912693
4,0.39568372989555334,0.08214448852996636
4,0.3984765903168536,0.0823466235263548
4,0.4012694507381538,0.0825344279007074
4,0.40406231115945396,0.08270789445248525
4,0.4068551715807542,0.08286701702086631
4,0.40964803200205435,0.08301179046815432
4,0.4124408924233545,0.08314221066375328
4,0.41523375284465475,0.08325827446878635
4,0.4180266132659549,0.08335997972129452
4,0.42081947368725514,0.08344732522202422
4,0.4236123341085553,0.0835203107207871
4,0.4264051945298555,0.0835789369033676
4,0.42919805495115576,0.08362320537898633
4,0.43199091537245593,0.08365311866827826
4,0.4347837757937561,0.08366868019179682
4,0.4375766362150563,0.08366989425902793
4,0.4403694966363565,0.08365676605790842
4,0.4431623570576567,0.08362930164482578
4,0.4459552174789569,0.08358750793507683
4,0.44874807790025706,0.08353139269383987
4,0.4515409383215573,0.08346096452757044
4,0.45433379874285745,0.08337623287586189
4,0.4571266591641577,0.0832772080037566
4,0.4599195195854579,0.08316390099447908
4,0.4627123800067581,0.0830363237426224
4,0.46550524042805824,0.0828944889477409
4,0.46829810084935847,0.08273841010836726
4,0.47109096127065864,0.08256810151643333
4,0.47388382169195886,0.08238357825211812
4,0.47667668211325903,0.0821848561790743
4,0.4794695425345592,0.08197195194006514
4,0.4822624029558594,0.08174488295299054
4,0.48505526337715965,0.08150366740730396
4,0.4878481237984598,0.08124832426080592
4,0.49064098421976005,0.08097887323682668
4,0.49343384464106027,0.08069533482178096
4,0.4962267050623604,0.08039773026310638
4,0.4990195654836606,0.0800860815675688
4,0.5018124259049609,0.07976041149993261
4,0.504605286326261,0.07942074358201269
4,0.5073981467475612,0.07906710209208195
4,0.5101910071688615,0.078699512064651
4,0.5129838675901616,0.07831799929060622
4,0.5157767280114618,0.07792259031771263
4,0.518569588432762,0.0775133124514969
4,0.5213624488540621,0.07709019375646553
4,0.5241553092753625,0.0766532630576971
4,0.5269481696966626,0.0762025499428213
4,0.5297410301179628,0.07573808476431516
4,0.5325338905392629,0.07525989864220706
4,0.5353267509605631,0.07476802346712824
4,0.5381196113818634,0.07426249190373402
4,0.5409124718031636,0.07374333739449578
4,0.5437053322244637,0.07321059416386298
4,0.5464981926457639,0.07266429722280808
4,0.549291053067064,0.0721044823737277
4,0.5520839134883644,0.07153118621575746
4,0.5548767739096645,0.07094444615042936
4,0.5576696343309647,0.07034430038775835
4,0.5604624947522648,0.06973078795267901
4,0.5632553551735652,0.06910394869191412
4,0.5660482155948653,0.0684638232812124
4,0.5688410760161656,0.06781045323301677
4,0.5716339364374657,0.06714388090451931
4,0.574426796858766,0.06646414950615825
4,0.5772196572800661,0.06577130311050204
4,0.5800125177013663,0.06506538666160656
4,0.5828053781226665,0.06434644598475689
4,0.5855982385439668,0.06361452779669145
4,0.5883910989652669,0.06286967971625797
4,0.5911839593865671,0.062111950275530015
4,0.5939768198078672,0.061341388931387006
4,0.5967696802291674,0.060558046077569094
4,0.5995625406504677,0.0597619730572216
4,0.6023554010717679,0.05895322217592763
4,0.605148261493068,0.0581318467152449
4,0.6079411219143682,0.057297900946764506
4,0.6107339823356683,0.056451440146681735
4,0.6135268427569687,0.055592520610910495
4,0.6163197031782688,0.05472119967075378
4,0.619112563599569,0.05383753570913822
4,0.6219054240208692,0.0529415881774037
4,0.6246982844421695,0.05203341761270066
4,0.6274911448634696,0.05111308565600038
4,0.6302840052847699,0.05018065507069723
4,0.63307686570607,0.04923618976187609
4,0.6358697261273702,0.04827975479621499
4,0.6386625865486704,0.04731141642256063
4,0.6414554469699706,0.04633124209320215
4,0.6442483073912708,0.04533930048582758
4,0.647041167812571,0.04433566152624993
4,0.6498340282338712,0.04332039641183297
4,0.6526268886551714,0.04229357763572813
4,0.6554197490764715,0.04125527901187279
4,0.6582126094977718,0.04020557570082358
4,0.6610054699190719,0.03914454423642924
4,0.6637983303403722,0.038072262553351145
4,0.6665911907616723,0.0369888100155091
4,0.6693840511829725,0.035894267445415656
4,0.6721769116042726,0.03478871715448786
4,0.674969772025573,0.033672242974316015
4,0.6777626324468731,0.03254493028897349
4,0.6805554928681734,0.03140686606834966
4,0.6833483532894735,0.030258138902563386
4,0.6861412137107737,0.02909883903752854
4,0.688934074132074,0.02792905841162778
4,0.6917269345533742,0.02674889069362152
4,0.6945197949746743,0.02555843132177254
4,0.6973126553959745,0.02435777754425591
4,0.7001055158172746,0.023147028460909744
4,0.702898376238575,0.021926285066337658
4,0.7056912366598751,0.020695650294456226
4,0.7084840970811753,0.01945522906451471
4,0.7112769575024754,0.0182051283286312
4,0.7140698179237757,0.01694545712094774
4,0.7168626783450758,0.015676326608392813
4,0.7196555387663761,0.014397850143218758
4,0.7224483991876762,0.013110143317242662
4,0.7252412596089765,0.011813324017997518
4,0.7280341200302766,0.010507512486766252
4,0.7308269804515768,0.00919283137863764
4,0.733619840872877,0.007869405824620923
4,0.7364127012941772,0.006537363495926658
4,0.7392055617154774,0.005196834670509248
4,0.7419984221367777,0.0038479523019320622
4,0.7447912825580778,0.002490852090681992
4,0.747584142979378,0.0011256725580430797
4,0.7503770034006783,-0.00024744487740949276
4,0.7531698638219785,-0.0016283558205262907
4,0.7559627242432786,-0.003016912817425246
4,0.7587555846645788,-0.004412965270327626
4,0.7615484450858789,-0.005816359349224164
4,0.7643413055071793,-0.007226937900298964
4,0.7671341659284794,-0.00864454035088854
4,0.7699270263497796,-0.010069002610856215
4,0.7727198867710797,-0.011500156970230447
4,0.77551274719238,-0.012937831992891861
4,0.7783056076136801,-0.01438185240617416
4,0.7810984680349804,-0.015832038986138365
4,0.7838913284562805,-0.01728820843834211
4,0.7866841888775807,-0.01875017327389249
4,0.7894770492988809,-0.02021774168050851
4,0.7922699097201811,-0.02169071738840428
4,0.7950627701414813,-0.023168899530708054
4,0.7978556305627815,-0.024652082498120155
4,0.8006484909840816,-0.02614005578756529
4,0.803441351405382,-0.027632603844486913
4,0.8062342118266821,-0.02912950589847778
4,0.8090270722479824,-0.030630535791893964
4,0.8118199326692825,-0.03213546180106574
4,0.8146127930905828,-0.03364404644973058
4,0.8174056535118829,-0.03515604631424984
4,0.8201985139331831,-0.036671211820163994
4,0.8229913743544832,-0.03818928702959663
4,0.8257842347757836,-0.03971000941901429
4,0.8285770951970837,-0.04123310964679097
4,0.8313699556183839,-0.042758311309952
4,0.834162816039684,-0.04428533068954022
4,0.8369556764609842,-0.04581387648386727
4,0.8397485368822845,-0.04734364952897629
4,0.8425413973035847,-0.04887434250552253
4,0.8453342577248848,-0.05040563963123917
4,0.848127118146185,-0.05193721633815206
4,0.8509199785674851,-0.05346873893348614
4,0.8537128389887855,-0.05499986424335073
4,0.8565056994100856,-0.05653023923801869
4,0.8592985598313858,-0.058059500637629095
4,0.8620914202526859,-0.059587274497036366
4,0.8648842806739863,-0.06111317576840006
4,0.8676771410952864,-0.06263680784002333
4,0.8704700015165867,-0.06415776204980946
4,0.8732628619378868,-0.06567561717156019
4,0.876055722359187,-0.06718993887223161
4,0.8788485827804872,-0.06870027913804862
4,0.8816414432017874,-0.07020617566724326
4,0.8844343036230876,-0.07170715122691607
4,0.8872271640443878,-0.07320271297142356
4,0.890020024465688,-0.07469235171929392
4,0.8928128848869882,-0.07617554118553214
4,0.8956057453082883,-0.0776517371658099
4,0.8983986057295886,-0.07912037666872271
4,0.9011914661508887,-0.08058087699192402
4,0.903984326572189,-0.08203263473754828
4,0.9067771869934891,-0.08347502476183861
4,0.9095700474147893,-0.08490739905343218
4,0.9123629078360894,-0.08632908553410037
4,0.9151557682573898,-0.08773938677523943
4,0.9179486286786899,-0.08913757862243403
4,0.9207414890999901,-0.09052290871990493
4,0.9235343495212903,-0.09189459492542595
4,0.9263272099425905,-0.09325182360546369
4,0.9291200703638908,-0.0945937477989792
4,0.931912930785191,-0.095919485237012
4,0.9347057912064911,-0.09722811620364129
4,0.9374986516277913,-0.09851868122209934
4,0.9402915120490914,-0.0997901785478586
4,0.9430843724703917,-0.10104156144808009
4,0.9458772328916919,-0.10227173524429393
4,0.9486700933129921,-0.1034795540918798
4,0.9514629537342922,-0.10466381746650663
4,0.9542558141555925,-0.10582326632340804
4,0.9570486745768926,-0.10695657889050281
4,0.9598415349981929,-0.1080623660507216
4,0.962634395419493,-0.10913916626215384
4,0.9654272558407933,-0.11018543995668467
4,0.9682201162620934,-0.11119956334851772
4,0.9710129766833936,-0.1121798215727182
4,0.9738058371046937,-0.11312440106071507
4,0.976598697525994,-0.11403138104363056
4,0.9793915579472942,-0.11489872405509728
4,0.9821844183685945,-0.11572426528182543
4,0.9849772787898946,-0.11650570058171765
4,0.9877701392111948,-0.11724057295443968
4,0.9905629996324951,-0.11792625720618136
4,0.9933558600537953,-0.11855994249704148
4,0.9961487204750954,-0.11913861239234005
4,0.9989415808963956,-0.11965902195517567
4,1.0017344413176956,-0.12011767131035744
4,1.004527301738996,-0.12051077497304893
4,1.007320162160296,-0.12083422605827547
4,1.0101130225815962,-0.12108355425659129
4,1.0129058830028967,-0.12125387615649877
4,1.0156987434241969,-0.12133983608761412
4,1.018491603845497,-0.12133553510953822
4,1.0212844642667973,-0.1212344450191092
4,1.0240773246880974,-0.12102930320312032
4,1.0268701851093978,-0.12071198268562686
4,1.0296630455306979,-0.12027332959161803
4,1.032455905951998,-0.11970295712383154
4,1.035248766373298,-0.11898898045346716
4,1.0380416267945984,-0.11811766968442483
4,1.0408344872158986,-0.11707298655466052
4,1.0436273476371989,-0.1158359516632343
4,1.046420208058499,-0.11438375678804358
4,1.0492130684797991,-0.11268847926145718
4,1.0520059289010992,-0.11071514660161871
4,1.0547987893223996,-0.10841867994056592
4,1.0575916497436997,-0.105738762313799
4,1.060384510165,-0.10259049611806768
4,1.0631773705863001,-0.09884535627366663
4,1.0659702310076002,-0.09428507207365165
4,1.0687630914289004,-0.08844997068569438
4,1.0715559518502007,-0.07917720096020953
5,-0.041685965724872626,-0.0010108922119237353
5,-0.03887986491232008,-0.009761877418920048
5,-0.036073764099767536,-0.015177567919977906
5,-0.033267663287214984,-0.019356267353269355
5,-0.030461562474662442,-0.022746425272089144
5,-0.0276554616621099,-0.02556169257027522
5,-0.02484936084955736,-0.02792816394388585
5,-0.02204326003700481,-0.02992926503376293
5,-0.019237159224452266,-0.03162433147146307
5,-0.016431058411899725,-0.03305773938591276
5,-0.013624957599347176,-0.03426392900012391
5,-0.010818856786794628,-0.035270401165815854
5,-0.008012755974242086,-0.03609961714572924
5,-0.005206655161689541,-0.03677026202562515
5,-0.0024005543491369963,-0.037298117935913894
5,0.0004055464634155487,-0.037696687074966644
5,0.0032116472759680936,-0.03797764823656881
5,0.006017748088520632,-0.03815119902188076
5,0.008823848901073184,-0.03822631743549259
5,0.011629949713625728,-0.03821096529960341
5,0.014436050526178273,-0.03811224881938997
5,0.01724215133873082,-0.037936547023658125
5,0.020048252151283363,-0.03768961573600638
5,0.02285435296383591,-0.03737667264125013
5,0.025660453776388453,-0.0370024675586489
5,0.028466554588941005,-0.03657134100469961
5,0.03127265540149354,-0.03608727338796877
5,0.03407875621404609,-0.03555392663750778
5,0.036884857026598626,-0.034974679666042965
5,0.03969095783915118,-0.03435265876861174
5,0.04249705865170372,-0.033690763829729554
5,0.04530315946425627,-0.03299169103746418
5,0.04810926027680882,-0.03225795266758898
5,0.05091536108936136,-0.031491894395522815
5,0.0537214619019139,-0.030695710510410954
5,0.056527562714466455,-0.02987145733974615
5,0.05933366352701899,-0.029021065140081678
5,0.06213976433957153,-0.028146348666701026
5,0.06494586515212408,-0.02724901660074169
5,0.06775196596467664,-0.026330679984001314
5,0.07055806677722917,-0.025392859788564696
5,0.0733641675897817,-0.024436993729380106
5,0.07617026840233426,-0.023464442411998992
5,0.07897636921488681,-0.02247649489466709
5,0.08178247002743935,-0.021474373732711896
5,0.08458857083999191,-0.020459239564147802
5,0.08739467165254444,-0.01943219528736435
5,0.090200772465097,-0.01839428987523223
5,0.09300687327764953,-0.01734652186428823
5,0.09581297409020208,-0.016289842552853213
5,0.09861907490275464,-0.015225158937705829
5,0.10142517571530717,-0.01415333641550726
5,0.10423127652785971,-0.013075201271989217
5,0.10703737734041227,-0.01199154297932688
5,0.1098434781529648,-0.010903116319752498
5,0.11264957896551736,-0.009810643351541378
5,0.11545567977806988,-0.008714815231619353
5,0.11826178059062242,-0.007616293907689069
5,0.12106788140317498,-0.006515713691199018
5,0.12387398221572751,-0.005413682721532056
5,0.12668008302828007,-0.00431078433055505
5,0.12948618384083263,-0.003207578315857584
5,0.13229228465338516,-0.0021046021301580524
5,0.13509838546593772,-0.0010023719936609707
5,0.13790448627849025,9.861606458782755e-5
5,0.14071058709104278,0.001197885230720003
5,0.14351668790359534,0.0022949769904812302
5,0.1463227887161479,0.003389450269439949
5,0.14912888952870043,0.004480880624895483
5,0.15193499034125296,0.005568859485579596
5,0.15474109115380552,0.006652993435793148
5,0.15754719196635808,0.007732903540705667
5,0.1603532927789106,0.008808224710016358
5,0.16315939359146317,0.009878605097220985
5,0.1659654944040157,0.010943705532124641
5,0.16877159521656826,0.01200319898428731
5,0.17157769602912076,0.013056770055396934
5,0.17438379684167332,0.014104114498625468
5,0.17718989765422588,0.015144938763238724
5,0.1799959984667784,0.016178959562824394
5,0.18280209927933097,0.01720590346567381
5,0.18560820009188353,0.018225506505885995
5,0.18841430090443606,0.019237513813954634
5,0.19122040171698862,0.020241679265629406
5,0.19402650252954115,0.021237765147970693
5,0.19683260334209368,0.022225541841534913
5,0.19963870415464624,0.023204787517788372
5,0.2024448049671988,0.024175287850845564
5,0.20525090577975133,0.025136835742672357
5,0.20805700659230386,0.02608923106106527
5,0.21086310740485642,0.02703228038962479
5,0.21366920821740898,0.027965796789066334
5,0.2164753090299615,0.02888959956928185
5,0.21928140984251404,0.029803514071531232
5,0.22208751065506663,0.0307073714602224
5,0.22489361146761916,0.031601008523792856
5,0.22769971228017166,0.03248426748420202
5,0.23050581309272425,0.03335699581456049
5,0.23331191390527678,0.03421904606452897
5,0.2361180147178293,0.03507027569303302
5,0.2389241155303819,0.03591054690798935
5,0.24173021634293443,0.0367397265126196
5,0.24453631715548696,0.0375576857580853
5,0.24734241796803955,0.038364300202110097
5,0.2501485187805921,0.03915944957329155
5,0.2529546195931446,0.039943017640862895
5,0.2557607204056972,0.040714892089584474
5,0.2585668212182497,0.04147496439959851
5,0.2613729220308022,0.04222312973095411
5,0.26417902284335476,0.04295928681262863
5,0.2669851236559073,0.04368333783579603
5,0.2697912244684599,0.04439518835122021
5,0.2725973252810124,0.045094747170482154
5,0.27540342609356494,0.04578192627099879
5,0.2782095269061175,0.04645664070454882
5,0.28101562771867,0.047118808509233695
5,0.2838217285312226,0.047768350624671004
5,0.2866278293437751,0.04840519081033741
5,0.2894339301563277,0.04902925556686409
5,0.29224003096888024,0.04964047406021799
5,0.29504613178143274,0.05023877804859889
5,0.2978522325939853,0.050824101811991644
5,0.30065833340653786,0.05139638208420851
5,0.3034644342190904,0.05195555798738359
5,0.3062705350316429,0.052501570968745526
5,0.30907663584419554,0.05303436473966647
5,0.31188273665674804,0.05355388521681047
5,0.31468883746930054,0.05406008046536029
5,0.31749493828185316,0.05455290064421241
5,0.32030103909440566,0.05503229795308617
5,0.3231071399069582,0.05549822658144121
5,0.3259132407195108,0.055950642659169374
5,0.32871934153206334,0.056389504208989576
5,0.33152544234461584,0.056814771100442786
5,0.3343315431571684,0.057226405005498596
5,0.33713764396972096,0.057624369355646916
5,0.33994374478227346,0.05800862930045684
5,0.3427498455948261,0.058379151667564876
5,0.3455559464073786,0.05873590492398662
5,0.34836204721993114,0.05907885913877511
5,0.3511681480324837,0.05940798594690885
5,0.3539742488450362,0.05972325851446575
5,0.35678034965758876,0.06002465150487704
5,0.3595864504701413,0.0603121410464392
5,0.3623925512826939,0.06058570470083728
5,0.3651986520952464,0.060845321432798645
5,0.368004752907799,0.06109097158073312
5,0.3708108537203515,0.061322636828415274
5,0.373616954532904,0.06154030017760752
5,0.3764230553454566,0.06174394592163534
5,0.3792291561580091,0.06193355961986025
5,0.3820352569705617,0.06210912807304812
5,0.3848413577831142,0.062270639299580995
5,0.38764745859566674,0.062418082512512824
5,0.3904535594082193,0.06255144809741413
5,0.3932596602207718,0.0626707275910077
5,0.3960657610333244,0.06277591366056293
5,0.3988718618458769,0.06286700008403233
5,0.4016779626584295,0.06294398173089392
5,0.40448406347098204,0.06300685454370163
5,0.40729016428353454,0.0630556155203148
5,0.4100962650960871,0.06309026269678608
5,0.41290236590863966,0.06311079513089198
5,0.4157084667211922,0.06311721288629625
5,0.4185145675337447,0.06310951701731952
5,0.42132066834629733,0.0630877095543074
5,0.42412676915884984,0.06305179348958276
5,0.42693286997140234,0.0630017727639679
5,0.42973897078395495,0.0629376522538584
5,0.43254507159650746,0.0628594377588305
5,0.43535117240906,0.0627671359898106
5,0.4381572732216126,0.06266075455772027
5,0.44096337403416513,0.06254030196266176
5,0.44376947484671764,0.062405787583601754
5,0.4465755756592702,0.062257221668512316
5,0.44938167647182276,0.062094615325019475
5,0.45218777728437526,0.06191798051151725
5,0.4549938780969279,0.06172733002872825
5,0.4577999789094804,0.061522677511728
5,0.46060607972203294,0.061304037422408426
5,0.4634121805345855,0.061071425042391936
5,0.466218281347138,0.06082485646635253
5,0.46902438215969056,0.0605643485957787
5,0.4718304829722431,0.060289919133155866
5,0.4746365837847957,0.06000158657653911
5,0.4774426845973482,0.05969937021456382
5,0.4802487854099007,0.05938329012182996
5,0.4830548862224533,0.05905336715470247
5,0.48586098703500585,0.058709622947487446
5,0.48866708784755836,0.058352079909013775
5,0.4914731886601109,0.05798076121958111
5,0.49427928947266353,0.057595690828311355
5,0.497085390285216,0.057196893450849544
5,0.49989149109776854,0.0567843945674632
5,0.5026975919103212,0.05635822042151385
5,0.5055036927228737,0.055918398018271934
5,0.5083097935354262,0.05546495512413731
5,0.5111158943479788,0.0549979202661968
5,0.5139219951605313,0.054517322732170595
5,0.5167280959730839,0.05402319257069358
5,0.5195341967856364,0.05351556059200491
5,0.522340297598189,0.05299445836894161
5,0.5251463984107415,0.05245991823835488
5,0.527952499223294,0.051911973302851036
5,0.5307586000358465,0.05135065743289677
5,0.5335647008483991,0.050776005269325776
5,0.5363708016609516,0.05018805222615939
5,0.5391769024735042,0.049586834493824845
5,0.5419830032860568,0.04897238904273723
5,0.5447891040986094,0.04834475362725213
5,0.5475952049111618,0.047703966789974336
5,0.5504013057237144,0.04705006786646267
5,0.553207406536267,0.04638309699029945
5,0.5560135073488195,0.045703095098548065
5,0.558819608161372,0.04501010393756712
5,0.5616257089739246,0.044304166069266716
5,0.5644318097864771,0.04358532487769528
5,0.5672379105990296,0.04285362457605553
5,0.5700440114115821,0.04210911021412022
5,0.5728501122241348,0.04135182768603952
5,0.5756562130366872,0.040581823738559224
5,0.5784623138492399,0.03979914597967672
5,0.5812684146617924,0.0390038428876838
5,0.584074515474345,0.03819596382066867
5,0.5868806162868974,0.03737555902643355
5,0.5896867170994501,0.036542679652867574
5,0.5924928179120026,0.035697377758755366
5,0.5952989187245551,0.03483970632505909
5,0.5981050195371076,0.03396971926665476
5,0.6009111203496602,0.03308747144454132
5,0.6037172211622127,0.032193018678549824
5,0.6065233219747653,0.031286417760527596
5,0.6093294227873178,0.03036772646803656
5,0.6121355235998704,0.029437003578568145
5,0.6149416244124228,0.028494308884273456
5,0.6177477252249755,0.027539703207244852
5,0.620553826037528,0.02657324841533583
5,0.6233599268500807,0.025595007438542223
5,0.6261660276626331,0.024605044285986206
5,0.6289721284751857,0.02360342406344322
5,0.6317782292877382,0.022590212991517804
5,0.6345843301002907,0.021565478424418815
5,0.6373904309128432,0.02052928886936477
5,0.6401965317253959,0.01948171400666838
5,0.6430026325379484,0.018422824710454828
5,0.6458087333505009,0.01735269307010428
5,0.6486148341630534,0.01627139241237969
5,0.651420934975606,0.015178997324289236
5,0.6542270357881584,0.014075583676699479
5,0.6570331366007112,0.012961228648702734
5,0.6598392374132637,0.01183601075281757
5,0.6626453382258163,0.01070000986094369
5,0.6654514390383687,0.009553307231222776
5,0.6682575398509213,0.0083959855357148
5,0.6710636406634738,0.0072281288889958105
5,0.6738697414760264,0.006049822877676375
5,0.6766758422885789,0.004861154590850332
5,0.6794819431011315,0.003662212651554898
5,0.682288043913684,0.0024530872492165797
5,0.6850941447262365,0.0012338701731633938
5,0.687900245538789,4.6548472114891795e-6
5,0.6907063463513418,-0.0012344636346365997
5,0.6935124471638942,-0.0024833884713195975
5,0.6963185479764468,-0.0037420211166601177
5,0.6991246487889993,-0.005010261240082741
5,0.7019307496015519,-0.006288006686017836
5,0.7047368504141043,-0.007575153432003409
5,0.707542951226657,-0.008871595545406383
5,0.7103490520392095,-0.01017722513871431
5,0.713155152851762,-0.011491932323352405
5,0.7159612536643145,-0.012815605161970837
5,0.7187673544768671,-0.01414812961913673
5,0.7215734552894196,-0.015489389510377101
5,0.7243795561019721,-0.016839266449522817
5,0.7271856569145247,-0.018197639794249782
5,0.7299917577270774,-0.01956438658978944
5,0.7327978585396298,-0.020939381510708777
5,0.7356039593521824,-0.022322496800717413
5,0.7384100601647349,-0.023713602210346046
5,0.7412161609772875,-0.02511256493251889
5,0.74402226178984,-0.026519249535844565
5,0.7468283626023926,-0.02793351789556404
5,0.7496344634149451,-0.029355229122093592
5,0.7524405642274976,-0.030784239486952508
5,0.7552466650400501,-0.03222040234612362
5,0.7580527658526027,-0.03366356806059013
5,0.7608588666651552,-0.0351135839140056
5,0.7636649674777078,-0.036570294027361595
5,0.7664710682902603,-0.03803353927050212
5,0.769277169102813,-0.039503157170341724
5,0.7720832699153654,-0.04097898181567987
5,0.774889370727918,-0.042460843758410895
5,0.7776954715404706,-0.04394856991096434
5,0.7805015723530231,-0.045441983439851966
5,0.7833076731655756,-0.04694090365508346
5,0.7861137739781282,-0.04844514589526866
5,0.7889198747906807,-0.049954521408230694
5,0.7917259756032332,-0.051468837226871164
5,0.7945320764157858,-0.052987896040075956
5,0.7973381772283384,-0.05451149605844012
5,0.8001442780408908,-0.05603943087448076
5,0.8029503788534434,-0.0575714893171688
5,0.805756479665996,-0.059107455300386254
5,0.8085625804785486,-0.06064710766506748
5,0.811368681291101,-0.06219022001465062
5,0.8141747821036537,-0.06373656054353309
5,0.8169808829162062,-0.06528589185811781
5,0.8197869837287587,-0.06683797079007282
5,0.8225930845413112,-0.06839254820139583
5,0.8253991853538638,-0.0699493687807866
5,0.8282052861664163,-0.07150817083090993
5,0.8310113869789689,-0.07306868604598427
5,0.8338174877915214,-0.07463063927917887
5,0.836623588604074,-0.07619374829921158
5,0.8394296894166264,-0.07775772353554304
5,0.842235790229179,-0.0793222678114846
5,0.8450418910417316,-0.08088707606449898
5,0.8478479918542843,-0.08245183505292877
5,0.8506540926668367,-0.08401622304831756
5,0.8534601934793893,-0.08557990951246065
5,0.8562662942919418,-0.08714255475818561
5,0.8590723951044943,-0.08870380959287327
5,0.8618784959170468,-0.090263314943607
5,0.8646845967295995,-0.09182070146273145
5,0.867490697542152,-0.09337558911257196
5,0.8702967983547045,-0.09492758672789536
5,0.873102899167257,-0.09647629155461179
5,0.8759089999798096,-0.09802128876310007
5,0.878715100792362,-0.09956215093440983
5,0.8815212016049148,-0.1010984375173862
5,0.8843273024174673,-0.10262969425467763
5,0.8871334032300199,-0.1041554525753644
5,0.8899395040425723,-0.10567522895174555
5,0.8927456048551249,-0.10718852421760536
5,0.8955517056676774,-0.1086948228450652
5,0.89835780648023,-0.11019359217680819
5,0.9011639072927825,-0.11168428161020223
5,0.9039700081053351,-0.11316632172948757
5,0.9067761089178876,-0.11463912338189501
5,0.9095822097304401,-0.11610207669299255
5,0.9123883105429926,-0.11755455001632362
5,0.9151944113555454,-0.1189958888116549
5,0.9180005121680977,-0.12042541444575008
5,0.9208066129806504,-0.12184242290884603
5,0.9236127137932029,-0.12324618343928065
5,0.9264188146057555,-0.12463593704797996
5,0.9292249154183079,-0.12601089493346251
5,0.9320310162308606,-0.12737023677708015
5,0.9348371170434131,-0.12871310890692753
5,0.9376432178559656,-0.13003862231761384
5,0.9404493186685181,-0.1313458505313629
5,0.9432554194810707,-0.13263382728439213
5,0.9460615202936231,-0.13390154402021417
5,0.9488676211061758,-0.13514794716941442
5,0.9516737219187283,-0.13637193519265262
5,0.954479822731281,-0.1375723553605633
5,0.9572859235438334,-0.1387480002406235
5,0.960092024356386,-0.13989760385695413
5,0.9628981251689385,-0.14101983748404262
5,0.9657042259814911,-0.14211330502973124
5,0.9685103267940436,-0.14317653795612614
5,0.9713164276065962,-0.14420798967910275
5,0.9741225284191487,-0.14520602937780175
5,0.9769286292317012,-0.14616893513429718
5,0.9797347300442537,-0.1470948863103683
5,0.9825408308568063,-0.1479819550522474
5,0.9853469316693588,-0.1488280967950948
5,0.9881530324819114,-0.14963113961541297
5,0.990959133294464,-0.15038877225130462
5,0.9937652341070166,-0.15109853057545516
5,0.996571334919569,-0.15175778226270675
5,0.9993774357321217,-0.15236370934062213
5,1.002183536544674,-0.15291328824453293
5,1.0049896373572267,-0.1534032669143344
5,1.0077957381697793,-0.15383013836344286
5,1.0106018389823317,-0.15419011001320157
5,1.0134079397948843,-0.1544790679092255
5,1.016214040607437,-0.15469253470511102
5,1.0190201414199893,-0.15482561999438657
5,1.021826242232542,-0.15487296116505647
5,1.0246323430450945,-0.15482865240220753
5,1.0274384438576472,-0.15468615871186708
5,1.0302445446701995,-0.15443821079412984
5,1.0330506454827522,-0.15407667511563009
5,1.0358567462953046,-0.15359239140475467
5,1.0386628471078572,-0.15297496666847737
5,1.0414689479204098,-0.15221251013446938
5,1.0442750487329624,-0.1512912862826736
5,1.047081149545515,-0.15019525163645434
5,1.0498872503580674,-0.1489054221121761
5,1.0526933511706198,-0.14739898550858876
5,1.0554994519831724,-0.14564801613080366
5,1.058305552795725,-0.14361753979482633
5,1.0611116536082776,-0.1412624778441675
5,1.0639177544208303,-0.13852251642570396
5,1.0667238552333829,-0.13531276573975354
5,1.069529956045935,-0.1315047168491605
5,1.0723360568584877,-0.12688013234037437
5,1.0751421576710403,-0.12097941873792295
5,1.0779482584835929,-0.11164012806898481
6,-0.04414340768422281,-0.0027528648920438787
6,-0.04130805269513065,-0.011416883888088827
6,-0.03847269770603849,-0.01675767187012585
6,-0.035637342716946324,-0.020871429307382238
6,-0.032801987727854164,-0.02420410093060398
6,-0.029966632738762003,-0.026967632225742947
6,-0.027131277749669842,-0.02928692761036007
6,-0.024295922760577675,-0.03124455144824357
6,-0.021460567771485514,-0.0328991960360323
6,-0.01862521278239336,-0.03429474401227535
6,-0.015789857793301193,-0.03546524854590984
6,-0.012954502804209025,-0.036437901171034175
6,-0.010119147815116872,-0.03723491197434253
6,-0.007283792826024711,-0.0378747592504051
6,-0.004448437836932544,-0.038373052828595544
6,-0.001613082847840383,-0.03874314982731308
6,0.0012222721412517776,-0.038996605741019805
6,0.004057627130343938,-0.039143512512798365
6,0.006892982119436106,-0.03919275693428917
6,0.009728337108528266,-0.039152221559440585
6,0.012563692097620427,-0.03902894329029348
6,0.015399047086712588,-0.0388292402334589
6,0.018234402075804748,-0.03855881439107417
6,0.021069757064896916,-0.03822283568332113
6,0.023905112053989076,-0.03782601136341581
6,0.026740467043081237,-0.037372643869419915
6,0.029575822032173398,-0.03686667942596263
6,0.032411177021265565,-0.03631174917464008
6,0.035246532010357726,-0.035711204216476215
6,0.03808188699944988,-0.035068145653152326
6,0.04091724198854205,-0.034385450488948116
6,0.04375259697763421,-0.03366579408281929
6,0.04658795196672637,-0.032911669706705254
6,0.04942330695581853,-0.03212540566182266
6,0.052258661944910696,-0.03130918032267066
6,0.05509401693400286,-0.03046503541317611
6,0.05792937192309502,-0.02959488776728666
6,0.06076472691218718,-0.028700539784304386
6,0.06360008190127933,-0.027783688755105233
6,0.06643543689037151,-0.026845935207679382
6,0.06927079187946367,-0.025888790397542792
6,0.07210614686855582,-0.0249136830498027
6,0.07494150185764799,-0.023921965443997394
6,0.07777685684674016,-0.022914918919872677
6,0.08061221183583231,-0.02189375887131404
6,0.08344756682492448,-0.020859639286551518
6,0.08628292181401664,-0.019813656884963615
6,0.08911827680310883,-0.018756854894260783
6,0.09195363179220095,-0.017690226506275306
6,0.09478898678129313,-0.01661471804477134
6,0.09762434177038529,-0.015531231874643916
6,0.10045969675947747,-0.014440629078282734
6,0.10329505174856961,-0.013343731921969124
6,0.10613040673766178,-0.012241326132391964
6,0.10896576172675393,-0.011134163001231358
6,0.11180111671584611,-0.010022961333660296
6,0.11463647170493826,-0.008908409254978343
6,0.11747182669403043,-0.00779116588799572
6,0.12030718168312257,-0.006671862912486589
6,0.12314253667221475,-0.005551106016901368
6,0.1259778916613069,-0.00442947625141576
6,0.1288132466503991,-0.0033075312905561367
6,0.13164860163949121,-0.002185806612772837
6,0.13448395662858342,-0.0010648166036981838
6,0.13731931161767555,5.4944410920075684e-5
6,0.14015466660676773,0.0011730011970617967
6,0.14299002159585988,0.0022888967041358866
6,0.14582537658495207,0.003402191211960224
6,0.1486607315740442,0.004512461528939794
6,0.15149608656313637,0.005619300237646292
6,0.15433144155222853,0.006722314984403574
6,0.1571667965413207,0.007821127809715313
6,0.16000215153041286,0.00891537451666296
6,0.16283750651950502,0.010004704074655594
6,0.16567286150859717,0.011088778056095124
6,0.16850821649768935,0.012167270103746014
6,0.1713435714867815,0.013239865426758032
6,0.17417892647587369,0.014306260323473477
6,0.1770142814649658,0.015366161729248064
6,0.179849636454058,0.01641928678772113
6,0.18268499144315015,0.0174653624440428
6,0.18552034643224233,0.01850412505866044
6,0.18835570142133445,0.019535320040421595
6,0.19119105641042666,0.02055870149783246
6,0.1940264113995188,0.0215740319073291
6,0.19686176638861097,0.022581081797599142
6,0.19969712137770312,0.023579629448981454
6,0.2025324763667953,0.024569460607076744
6,0.20536783135588743,0.025550368209755592
6,0.2082031863449796,0.026522152126801906
6,0.21103854133407177,0.027484618911479256
6,0.21387389632316395,0.028437581563360292
6,0.2167092513122561,0.02938085930180177
6,0.21954460630134823,0.030314277349489077
6,0.22237996129044044,0.03123766672550576
6,0.2252153162795326,0.032150864047421054
6,0.22805067126862474,0.03305371134192893
6,0.23088602625771687,0.03394605586358571
6,0.23372138124680908,0.03482774992122997
6,0.23655673623590123,0.035698650711699545
6,0.2393920912249934,0.03655862016047702
6,0.24222744621408554,0.037407524768899574
6,0.24506280120317775,0.038245235467652954
6,0.2478981561922699,0.039071627476174736
6,0.250733511181362,0.03988658016776325
6,0.25356886617045415,0.04068997694002509
6,0.25640422115954636,0.04148170509051058
6,0.2592395761486385,0.04226165569719074
6,0.26207493113773067,0.04302972350363632
6,0.2649102861268228,0.04378580680862369
6,0.26774564111591503,0.044529807359988474
6,0.2705809961050072,0.045261630252552684
6,0.27341635109409934,0.04598118382988709
6,0.2762517060831915,0.04668837958981534
6,0.27908706107228365,0.04738313209341683
6,0.2819224160613758,0.04806535887743655
6,0.28475777105046796,0.04873498036993126
6,0.2875931260395601,0.049391919808990596
6,0.2904284810286523,0.05003610316446066
6,0.2932638360177445,0.050667459062472706
6,0.2960991910068366,0.051285918712725635
6,0.2989345459959288,0.05189141583836426
6,0.301769900985021,0.052483886608363
6,0.30460525597411314,0.05306326957231948
6,0.3074406109632053,0.053629505597550156
6,0.3102759659522974,0.05418253780840293
6,0.3131113209413896,0.05472231152769281
6,0.31594667593048176,0.055248774220193586
6,0.3187820309195739,0.05576187543807846
6,0.32161738590866606,0.0562615667682761
6,0.3244527408977583,0.05674780178160605
6,0.3272880958868504,0.0572205359837138
6,0.3301234508759426,0.05767972676764423
6,0.33295880586503473,0.058125333368075016
6,0.33579416085412694,0.05855731681708374
6,0.3386295158432191,0.05897563990144586
6,0.3414648708323112,0.059380267121365474
6,0.34430022582140335,0.05977116465061858
6,0.34713558081049556,0.0601483002980539
6,0.3499709357995877,0.06051164347038141
6,0.35280629078867987,0.06086116513622897
6,0.355641645777772,0.06119683779142729
6,0.35847700076686423,0.061518635425447867
6,0.3613123557559564,0.06182653348899337
6,0.36414771074504854,0.06212050886268776
6,0.36698306573414063,0.062400539826812824
6,0.36981842072323284,0.06266660603210142
6,0.372653775712325,0.06291868847148972
6,0.37548913070141715,0.06315676945287522
6,0.3783244856905093,0.06338083257276134
6,0.3811598406796015,0.06359086269085534
6,0.38399519566869367,0.06378684590551331
6,0.3868305506577858,0.06396876953004277
6,0.389665905646878,0.06413662206982443
6,0.3925012606359702,0.06429039320026791
6,0.3953366156250623,0.06443007374549028
6,0.39817197061415444,0.06455565565780788
6,0.4010073256032466,0.06466713199792269
6,0.4038426805923388,0.0647644969158436
6,0.40667803558143095,0.06484774563249528
6,0.4095133905705231,0.06491687442199814
6,0.41234874555961526,0.06497188059462741
6,0.41518410054870747,0.06501276248039027
6,0.4180194555377996,0.06503951941323796
6,0.4208548105268918,0.06505215171588309
6,0.4236901655159839,0.0650506606852264
6,0.4265255205050761,0.06503504857833918
6,0.42936087549416824,0.06500531859902352
6,0.4321962304832604,0.06496147488494049
6,0.43503158547235254,0.06490352249525719
6,0.43786694046144475,0.06483146739881918
6,0.4407022954505369,0.06474531646286383
6,0.44353765043962906,0.06464507744222825
6,0.4463730054287212,0.06453075896903877
6,0.4492083604178134,0.0644023705429144
6,0.4520437154069056,0.06425992252162091
6,0.4548790703959977,0.06410342611220453
6,0.45771442538508983,0.0639328933625923
6,0.46054978037418204,0.06374833715362473
6,0.4633851353632742,0.06354977119153885
6,0.46622049035236635,0.06333721000090628
6,0.4690558453414585,0.06311066891795925
6,0.4718912003305507,0.06287016408438885
6,0.47472655531964286,0.06261571244151208
6,0.477561910308735,0.06234733172489175
6,0.48039726529782717,0.0620650404593273
6,0.48323262028691927,0.06176885795426623
6,0.4860679752760115,0.061458804299605596
6,0.4889033302651037,0.06113490036188
6,0.4917386852541958,0.06079716778085039
6,0.494574040243288,0.060445628966456874
6,0.4974093952323801,0.060080307096165166
6,0.5002447502214723,0.059701226112689
6,0.5030801052105645,0.0593084107220763
6,0.5059154601996566,0.058901886392188615
6,0.5087508151887488,0.058481679351514985
6,0.511586170177841,0.05804781658839094
6,0.5144215251669331,0.057600325850564585
6,0.5172568801560253,0.05713923564512444
6,0.5200922351451174,0.05666457523879266
6,0.5229275901342095,0.056176374658597025
6,0.5257629451233018,0.055674664692873285
6,0.5285983001123938,0.05515947689267161
6,0.5314336551014861,0.05463084357348287
6,0.5342690100905783,0.05408879781736103
6,0.5371043650796705,0.05353337347538474
6,0.5399397200687626,0.0529646051705035
6,0.5427750750578548,0.052382528300735955
6,0.5456104300469469,0.05178717904273941
6,0.5484457850360391,0.05117859435574733
6,0.5512811400251312,0.05055681198588288
6,0.5541164950142233,0.049921870470838854
6,0.5569518500033156,0.04927380914494888
6,0.5597872049924077,0.04861266814460127
6,0.5626225599814999,0.04793848841409422
6,0.5654579149705921,0.04725131171182253
6,0.5682932699596842,0.04655118061688224
6,0.5711286249487764,0.045838138536061654
6,0.5739639799378685,0.04511222971124798
6,0.5767993349269607,0.04437349922720942
6,0.5796346899160528,0.04362199301981106
6,0.5824700449051451,0.04285775788463242
6,0.5853053998942371,0.04208084148601765
6,0.5881407548833294,0.041291292366540853
6,0.5909761098724214,0.040489159956915065
6,0.5938114648615137,0.03967449458634542
6,0.5966468198506057,0.03884734749331029
6,0.599482174839698,0.03800777083683701
6,0.6023175298287902,0.03715581770820156
6,0.6051528848178824,0.036291542143138185
6,0.6079882398069745,0.03541499913450257
6,0.6108235947960666,0.034526244645456027
6,0.6136589497851588,0.03362533562313104
6,0.6164943047742509,0.03271233001282303
6,0.6193296597633431,0.031787286772698986
6,0.6221650147524352,0.03085026588905846
6,0.6250003697415275,0.029901328392132862
6,0.6278357247306197,0.028940536372432043
6,0.6306710797197118,0.027967952997702807
6,0.633506434708804,0.026983642530446772
6,0.636341789697896,0.025987670346059394
6,0.6391771446869883,0.024980102951569067
6,0.6420124996760803,0.023961008005047496
6,0.6448478546651726,0.022930454335624885
6,0.6476832096542647,0.021888511964221456
6,0.650518564643357,0.02083525212493211
6,0.653353919632449,0.019770747287141087
6,0.6561892746215413,0.018695071178355376
6,0.6590246296106334,0.01760829880777799
6,0.6618599845997256,0.016510506490668916
6,0.6646953395888177,0.015401771873477356
6,0.6675306945779098,0.014282173959812126
6,0.6703660495670021,0.01315179313723214
6,0.6732014045560942,0.012010711204915935
6,0.6760367595451864,0.010859011402222389
6,0.6788721145342785,0.009696778438157541
6,0.6817074695233707,0.008524098521830023
6,0.6845428245124628,0.007341059393834123
6,0.687378179501555,0.006147750358696523
6,0.6902135344906472,0.0049442623183276095
6,0.6930488894797393,0.003730687806599111
6,0.6958842444688316,0.002507121024985017
6,0.6987195994579236,0.0012736578794112791
6,0.7015549544470159,3.0396018260073678e-5
6,0.7043903094361079,-0.001222565128355801
6,0.7072256644252002,-0.002485124308060218
6,0.7100610194142922,-0.003757178404350707
6,0.7128963744033845,-0.005038622393342934
6,0.7157317293924766,-0.006329349299115072
6,0.7185670843815689,-0.0076292501475674745
6,0.721402439370661,-0.008938213918737873
6,0.7242377943597531,-0.010256127497546192
6,0.7270731493488453,-0.011582875622874737
6,0.7299085043379374,-0.012918340834945728
6,0.7327438593270296,-0.014262403420926774
6,0.7355792143161217,-0.015614941358666153
6,0.738414569305214,-0.016975830258534177
6,0.7412499242943061,-0.018344943303251288
6,0.7440852792833983,-0.01972215118564281
6,0.7469206342724904,-0.021107322044239114
6,0.7497559892615825,-0.02250032139661317
6,0.7525913442506748,-0.023901012070403717
6,0.7554266992397668,-0.02530925413185573
6,0.7582620542288591,-0.026724904811863466
6,0.7610974092179512,-0.028147818429336172
6,0.7639327642070435,-0.029577846311796226
6,0.7667681191961355,-0.03101483671312634
6,0.7696034741852278,-0.03245863472825949
6,0.7724388291743198,-0.033909082204767654
6,0.7752741841634121,-0.035366017651138094
6,0.7781095391525041,-0.03682927614164282
6,0.7809448941415963,-0.03829868921759636
6,0.7837802491306886,-0.03977408478488294
6,0.7866156041197807,-0.04125528700754563
6,0.7894509591088729,-0.042742116197264486
6,0.792286314097965,-0.044234388698535555
6,0.7951216690870572,-0.045731916769349616
6,0.7979570240761493,-0.04723450845711376
6,0.8007923790652415,-0.048741967469643606
6,0.8036277340543336,-0.05025409304094169
6,0.8064630890434258,-0.05177067979150826
6,0.809298444032518,-0.0532915175829229
6,0.8121337990216101,-0.05481639136638983
6,0.8149691540107024,-0.05634508102496301
6,0.8178045089997944,-0.057877361209084086
6,0.8206398639888867,-0.059413001165101696
6,0.8234752189779787,-0.06095176455642063
6,0.826310573967071,-0.06249340927685358
6,0.8291459289561631,-0.06403768725575612
6,0.8319812839452554,-0.06558434425452693
6,0.8348166389343474,-0.0671331196539328
6,0.8376519939234396,-0.0686837462318223
6,0.8404873489125317,-0.07023594993062297
6,0.8433227039016239,-0.07178944961403531
6,0.846158058890716,-0.07334395681235643
6,0.8489934138798082,-0.07489917545568482
6,0.8518287688689005,-0.07645480159434612
6,0.8546641238579926,-0.07801052310575822
6,0.8574994788470848,-0.07956601938685813
6,0.8603348338361769,-0.08112096103130315
6,0.863170188825269,-0.08267500949038345
6,0.8660055438143612,-0.08422781671668214
6,0.8688408988034533,-0.08577902478938448
6,0.8716762537925455,-0.0873282655199892
6,0.8745116087816377,-0.08887516003717794
6,0.87734696377073,-0.0904193183494594
6,0.880182318759822,-0.09196033888404125
6,0.8830176737489143,-0.0934978080003556
6,0.8858530287380063,-0.09503129947642441
6,0.8886883837270986,-0.09656037396621162
6,0.8915237387161906,-0.09808457842583412
6,0.8943590937052828,-0.09960344550641614
6,0.897194448694375,-0.10111649291110703
6,0.9000298036834672,-0.1026232227135936
6,0.9028651586725593,-0.10412312063521682
6,0.9057005136616515,-0.1056156552774574
6,0.9085358686507436,-0.10710027730635936
6,0.9113712236398358,-0.10857641858502569
6,0.914206578628928,-0.11004349125002905
6,0.9170419336180201,-0.11150088672713859
6,0.9198772886071123,-0.11294797468129643
6,0.9227126435962045,-0.11438410189524707
6,0.9255479985852966,-0.1158085910707336
6,0.9283833535743888,-0.11722073954539103
6,0.9312187085634809,-0.11861981791785281
6,0.9340540635525731,-0.1200050685727204
6,0.9368894185416652,-0.12137570409610277
6,0.9397247735307575,-0.12273090557141647
6,0.9425601285198496,-0.12406982074391103
6,0.9453954835089419,-0.1253915620410724
6,0.9482308384980339,-0.1266952044344519
6,0.9510661934871261,-0.1279797831267754
6,0.9539015484762182,-0.1292442910460771
6,0.9567369034653104,-0.1304876761263483
6,0.9595722584544025,-0.13170883835149771
6,0.9624076134434947,-0.13290662653629368
6,0.965242968432587,-0.1340798348143574
6,0.9680783234216791,-0.13522719879919734
6,0.9709136784107713,-0.13634739137927046
6,0.9737490333998634,-0.13743901810246148
6,0.9765843883889554,-0.13850061209858258
6,0.9794197433780477,-0.13953062848069092
6,0.9822550983671398,-0.14052743815652288
6,0.985090453356232,-0.14148932097035435
6,0.9879258083453242,-0.1424144580821677
6,0.9907611633344164,-0.14330092347510645
6,0.9935965183235085,-0.14414667446292734
6,0.9964318733126007,-0.1449495410457867
6,0.9992672283016928,-0.14570721393426778
6,1.002102583290785,-0.14641723102661777
6,1.004937938279877,-0.14707696208115797
6,1.0077732932689694,-0.14768359127232586
6,1.0106086482580614,-0.14823409725199138
6,1.0134440032471537,-0.1487252302534603
6,1.0162793582362457,-0.14915348566872594
6,1.019114713225338,-0.149515073392497
6,1.0219500682144302,-0.1498058820498023
6,1.0247854232035223,-0.15002143699288453
6,1.0276207781926143,-0.15015685064873396
6,1.0304561331817068,-0.1502067633922402
6,1.0332914881707989,-0.15016527257106774
6,1.036126843159891,-0.15002584655655293
6,1.038962198148983,-0.14978121964985056
6,1.0417975531380752,-0.14942326219526236
6,1.0446329081271675,-0.14894281812655424
6,1.0474682631162597,-0.14832949904857484
6,1.0503036181053518,-0.14757141926282918
6,1.0531389730944438,-0.14665484890826008
6,1.055974328083536,-0.14556375089834567
6,1.0588096830726283,-0.14427914847006176
6,1.0616450380617204,-0.1427782379531673
6,1.0644803930508124,-0.14103310379973258
6,1.0673157480399047,-0.13900878419952678
6,1.070151103028997,-0.13666021606195577
6,1.072986458018089,-0.13392710591356458
6,1.0758218130071813,-0.13072459210209783
6,1.0786571679962733,-0.12692420763174503
6,1.0814925229853656,-0.12230778542455804
6,1.0843278779744576,-0.11641587877986864
6,1.0871632329635499,-0.10708672649575739
7,-0.04434410096098182,-0.0018278316340986885
7,-0.04152718785689628,-0.010516271995727355
7,-0.03871027475281074,-0.01587097985969713
7,-0.0358933616487252,-0.01999338973051837
7,-0.03307644854463967,-0.023330965205085933
7,-0.030259535440554132,-0.026096511532065853
7,-0.027442622336468596,-0.028415500225309167
7,-0.024625709232383056,-0.030370899197581035
7,-0.02180879612829752,-0.03202170178711376
7,-0.018991883024211984,-0.033412022777318924
7,-0.016174969920126445,-0.0345760989075415
7,-0.013358056816040902,-0.03554126980265879
7,-0.010541143711955366,-0.036329866999988615
7,-0.0077242306078698295,-0.036960469789315074
7,-0.004907317503784293,-0.03744877299322778
7,-0.0020904043996987504,-0.03780820600504056
7,0.0007265087043867857,-0.038050386346009116
7,0.003543421808472322,-0.03818545962838752
7,0.006360334912557858,-0.038222359424090996
7,0.009177248016643394,-0.03816900933474853
7,0.01199416112072893,-0.03803248249860098
7,0.014811074224814466,-0.03781912918859211
7,0.01762798732890001,-0.03753468010615488
7,0.020444900432985552,-0.03718433089805781
7,0.023261813537071088,-0.03677281197996373
7,0.026078726641156624,-0.0363044467284852
7,0.028895639745242167,-0.03578320036807014
7,0.03171255284932769,-0.03521272134202337
7,0.034529465953413226,-0.03459637655907733
7,0.03734637905749877,-0.03393728160879003
7,0.040163292161584305,-0.03323832681280262
7,0.04298020526566985,-0.03250219980555788
7,0.045797118369755384,-0.03173140520393764
7,0.04861403147384092,-0.030928281820303306
7,0.05143094457792646,-0.030095017790881817
7,0.054247857682012006,-0.029233663925850875
7,0.05706477078609754,-0.028346145534855635
7,0.05988168389018308,-0.027434272939630168
7,0.06269859699426861,-0.026499750850877624
7,0.06551551009835414,-0.025544186758738166
7,0.06833242320243968,-0.024569098463227083
7,0.07114933630652522,-0.02357592085194252
7,0.07396624941061075,-0.022566012016857966
7,0.0767831625146963,-0.021540658788697677
7,0.07960007561878184,-0.020501081756625985
7,0.08241698872286737,-0.01944843983161619
7,0.08523390182695292,-0.018383834404201393
7,0.08805081493103845,-0.017308313140592033
7,0.090867728035124,-0.016222873455645926
7,0.09368464113920952,-0.015128465696292453
7,0.09650155424329507,-0.014025996064908081
7,0.09931846734738059,-0.01291632930865707
7,0.10213538045146614,-0.011800291197690514
7,0.10495229355555166,-0.01067867081250073
7,0.1077692066596372,-0.009552222658409536
7,0.11058611976372276,-0.008421668623173454
7,0.11340303286780828,-0.007287699791990218
7,0.11621994597189383,-0.006150978132560678
7,0.11903685907597936,-0.005012138061667519
7,0.1218537721800649,-0.003871787903418712
7,0.12467068528415043,-0.0027305112483605345
7,0.12748759838823598,-0.0015888682216969791
7,0.1303045114923215,-0.00044739666807817484
7,0.13312142459640708,0.000693386740358479
7,0.13593833770049257,0.0018329854665419042
7,0.13875525080457812,0.002970922136184025
7,0.14157216390866367,0.0041067376255912065
7,0.1443890770127492,0.0052399902050332655
7,0.14720599011683475,0.006370254733566771
7,0.15002290322092027,0.007497121901467375
7,0.15283981632500582,0.008620197516865925
7,0.15565672942909134,0.009739101833443864
7,0.15847364253317692,0.010853468916242942
7,0.1612905556372624,0.011962946043011988
7,0.16410746874134796,0.013067193138600481
7,0.1669243818454335,0.014165882240211104
7,0.16974129494951903,0.015258696991415844
7,0.17255820805360458,0.016345332163086767
7,0.1753751211576901,0.017425493199447813
7,0.17819203426177566,0.018498895787694487
7,0.18100894736586118,0.019565265449614264
7,0.18382586046994673,0.02062433715392463
7,0.18664277357403225,0.021675854947959844
7,0.1894596866781178,0.022719571607616406
7,0.19227659978220335,0.023755248304361577
7,0.1950935128862889,0.02478265428837915
7,0.19791042599037442,0.025801566586851888
7,0.20072733909445994,0.026811769716498915
7,0.2035442521985455,0.027813055409592502
7,0.20636116530263102,0.028805222352633705
7,0.20917807840671657,0.02978807593701765
7,0.2119949915108021,0.03076142802100155
7,0.21481190461488764,0.031725096702360664
7,0.2176288177189732,0.032678906101149756
7,0.2204457308230587,0.03362268615204564
7,0.22326264392714426,0.03455627240570625
7,0.2260795570312298,0.035479505838764094
7,0.2288964701353153,0.03639223267189441
7,0.23171338323940086,0.037294304195653126
7,0.2345302963434864,0.038185576603590274
7,0.23734720944757196,0.03906591083234334
7,0.24016412255165745,0.039935172408320264
7,0.24298103565574303,0.04079323130067798
7,0.24579794875982858,0.04163996178024853
7,0.24861486186391413,0.04247524228416786
7,0.2514317749679996,0.04329895528589485
7,0.25424868807208517,0.04411098717040964
7,0.2570656011761707,0.04491122811428536
7,0.2598825142802562,0.04569957197046879
7,0.26269942738434177,0.04647591615752826
7,0.2655163404884273,0.04724016155312817
7,0.26833325359251287,0.04799221239161096
7,0.27115016669659836,0.048731976165446875
7,0.2739670798006839,0.04945936353039147
7,0.27678399290476946,0.05017428821420178
7,0.279600906008855,0.05087666692874764
7,0.2824178191129405,0.05156641928535624
7,0.2852347322170261,0.05224346771329238
7,0.28805164532111166,0.052907737381185385
7,0.29086855842519715,0.05355915612132584
7,0.2936854715292827,0.05419765435669694
7,0.29650238463336825,0.05482316503061843
7,0.2993192977374538,0.05543562353890101
7,0.3021362108415393,0.05603496766442129
7,0.30495312394562485,0.056621137514009455
7,0.3077700370497104,0.05719407545754227
7,0.31058695015379595,0.05775372606922258
7,0.31340386325788144,0.05830003607081892
7,0.316220776361967,0.05883295427697511
7,0.31903768946605254,0.05935243154235835
7,0.32185460257013804,0.05985842071063992
7,0.3246715156742236,0.06035087656524756
7,0.32748842877830914,0.060829755781786135
7,0.3303053418823947,0.06129501688211796
7,0.3331222549864802,0.06174662018996935
7,0.33593916809056573,0.06218452778808035
7,0.3387560811946513,0.06260870347681162
7,0.3415729942987369,0.06301911273413019
7,0.3443899074028224,0.06341572267698303
7,0.34720682050690793,0.06379850202395258
7,0.3500237336109935,0.06416742105919544
7,0.352840646715079,0.064522451597596
7,0.3556575598191645,0.06486356695108841
7,0.3584744729232501,0.06519074189613026
7,0.3612913860273356,0.06550395264228547
7,0.3641082991314211,0.06580317680184573
7,0.36692521223550667,0.06608839336051188
7,0.3697421253395922,0.06635958264906071
7,0.37255903844367777,0.06661672631598023
7,0.37537595154776326,0.06685980730103709
7,0.3781928646518488,0.06708880980976076
7,0.38100977775593436,0.06730371928880312
7,0.38382669086001986,0.06750452240214995
7,0.3866436039641054,0.06769120700816397
7,0.38946051706819096,0.06786376213743057
7,0.39227743017227656,0.06802217797137788
7,0.39509434327636206,0.06816644582166835
7,0.39791125638044755,0.06829655811031196
7,0.40072816948453316,0.06841250835050945
7,0.4035450825886187,0.0685142911281781
7,0.4063619956927042,0.0686019020841798
7,0.40917890879678975,0.06867533789716851
7,0.4119958219008753,0.06873459626712834
7,0.4148127350049608,0.06877967589950038
7,0.41762964810904635,0.06881057648994279
7,0.4204465612131319,0.06882729870967494
7,0.42326347431721745,0.06882984419140822
7,0.42608038742130294,0.06881821551584294
7,0.4288973005253885,0.06879241619871539
7,0.43171421362947404,0.0687524506784046
7,0.4345311267335596,0.06869832430403067
7,0.4373480398376451,0.0686300433241289
7,0.44016495294173064,0.0685476148757664
7,0.4429818660458162,0.06845104697421144
7,0.4457987791499017,0.06834034850304721
7,0.44861569225398723,0.06821552920480226
7,0.45143260535807284,0.06807659967201206
7,0.45424951846215833,0.06792357133876842
7,0.4570664315662439,0.06775645647270136
7,0.45988334467032943,0.06757526816742289
7,0.462700257774415,0.06738002033539713
7,0.46551717087850053,0.06717072770123204
7,0.468334083982586,0.06694740579541489
7,0.4711509970866716,0.0667100709484539
7,0.4739679101907571,0.06645874028542784
7,0.4767848232948427,0.06619343172094296
7,0.4796017363989282,0.0659141639545014
7,0.48241864950301366,0.06562095646625012
7,0.4852355626070992,0.06531382951314539
7,0.48805247571118476,0.06499280412545874
7,0.4908693888152703,0.06465790210373272
7,0.49368630191935586,0.06430914601605925
7,0.4965032150234414,0.06394655919576242
7,0.49932012812752696,0.06357016573945777
7,0.5021370412316124,0.06317999050547117
7,0.504953954335698,0.06277605911264246
7,0.5077708674397835,0.062358397939474015
7,0.5105877805438691,0.06192703412367561
7,0.5134046936479546,0.06148199556205413
7,0.5162216067520402,0.06102331091077488
7,0.5190385198561257,0.06055100958597265
7,0.5218554329602113,0.06006512176475675
7,0.5246723460642967,0.059565678386540755
7,0.5274892591683824,0.059052711154763515
7,0.5303061722724678,0.058526252538959364
7,0.5331230853765535,0.057986335777200235
7,0.535939998480639,0.05743299487889259
7,0.5387569115847245,0.05686626462795171
7,0.5415738246888101,0.05628618058632914
7,0.5443907377928956,0.055692779097933034
7,0.5472076508969811,0.055086097292894265
7,0.5500245640010667,0.054466173092222285
7,0.5528414771051522,0.05383304521283368
7,0.5556583902092377,0.05318675317295833
7,0.5584753033133233,0.05252733729793094
7,0.5612922164174088,0.05185483872637461
7,0.5641091295214943,0.05116929941676232
7,0.5669260426255799,0.05047076215438574
7,0.5697429557296654,0.04975927055871699
7,0.572559868833751,0.0490348690911759
7,0.5753767819378365,0.04829760306330876
7,0.578193695041922,0.04754751864538779
7,0.5810106081460076,0.046784662875414385
7,0.5838275212500932,0.04600908366857762
7,0.5866444343541786,0.04522082982711316
7,0.5894613474582643,0.04441995105064644
7,0.5922782605623497,0.043606497946945266
7,0.5950951736664354,0.042780522043147716
7,0.5979120867705208,0.041942075797463105
7,0.6007289998746064,0.0410912126113347
7,0.6035459129786919,0.04022798684208573
7,0.6063628260827775,0.03935245381607618
7,0.6091797391868629,0.038464669842335146
7,0.6119966522909486,0.03756469222673724
7,0.614813565395034,0.03665257928668476
7,0.6176304784991196,0.03572839036633651
7,0.6204473916032051,0.034792185852376686
7,0.6232643047072907,0.033844027190362086
7,0.626081217811376,0.03288397690162599
7,0.6288981309154618,0.03191209860078891
7,0.6317150440195471,0.030928457013866886
7,0.6345319571236329,0.029933117996998618
7,0.6373488702277182,0.02892614855580814
7,0.6401657833318039,0.02790761686542442
7,0.6429826964358893,0.02687759229116511
7,0.645799609539975,0.025836145409917712
7,0.6486165226440604,0.024783348032221455
7,0.651433435748146,0.023719273225068442
7,0.6542503488522315,0.022643995335482146
7,0.6570672619563172,0.021557590014829094
7,0.6598841750604026,0.020460134243942506
7,0.6627010881644881,0.019351706359068924
7,0.6655180012685737,0.018232386078637402
7,0.6683349143726592,0.017102254530900897
7,0.6711518274767447,0.015961394282481934
7,0.6739687405808303,0.014809889367839689
7,0.6767856536849158,0.01364782531964894
7,0.6796025667890013,0.012475289200224763
7,0.6824194798930869,0.011292369633910103
7,0.6852363929971724,0.01009915684052884
7,0.6880533061012579,0.00889574266991893
7,0.6908702192053435,0.007682220637582216
7,0.693687132309429,0.006458685961496724
7,0.6965040454135147,0.0052252356001166855
7,0.6993209585176001,0.003981968291609338
7,0.7021378716216857,0.002728984594383684
7,0.7049547847257712,0.0014663869289367223
7,0.7077716978298568,0.00019427962107924565
7,0.7105886109339422,-0.001087231053418066
7,0.7134055240380279,-0.0023780368226932217
7,0.7162224371421133,-0.0036780273711368204
7,0.7190393502461989,-0.004987090290149624
7,0.7218562633502844,-0.006305111027241816
7,0.72467317645437,-0.007631972833417784
7,0.7274900895584555,-0.008967556708796558
7,0.7303070026625411,-0.010311741346376694
7,0.7331239157666265,-0.011664403073870781
7,0.7359408288707122,-0.013025415793562875
7,0.7387577419747976,-0.014394650920072078
7,0.7415746550788832,-0.015771977315964678
7,0.7443915681829687,-0.017157261225103585
7,0.7472084812870543,-0.018550366203682656
7,0.7500253943911397,-0.019951153048786436
7,0.7528423074952254,-0.02135947972442917
7,0.7556592205993109,-0.02277520128494242
7,0.7584761337033965,-0.024198169795588004
7,0.761293046807482,-0.025628234250290576
7,0.7641099599115675,-0.027065240486363724
7,0.7669268730156531,-0.028509031096082754
7,0.7697437861197386,-0.029959445334996705
7,0.7725606992238241,-0.03141631902676776
7,0.7753776123279097,-0.03287948446446589
7,0.7781945254319952,-0.03434877030807979
7,0.7810114385360807,-0.03582400147811997
7,0.7838283516401663,-0.0373049990450999
7,0.7866452647442518,-0.03879158011471919
7,0.7894621778483374,-0.040283557708520296
7,0.7922790909524229,-0.04178074063985519
7,0.7950960040565084,-0.043282933384825105
7,0.797912917160594,-0.04478993594809348
7,0.8007298302646795,-0.0463015437231811
7,0.803546743368765,-0.04781754734703422
7,0.8063636564728506,-0.04933773254857886
7,0.8091805695769362,-0.05086187999093223
7,0.8119974826810216,-0.05238976510691823
7,0.8148143957851073,-0.05392115792760012
7,0.8176313088891927,-0.05545582290340216
7,0.8204482219932784,-0.05699351871744874
7,0.8232651350973638,-0.058533998090685185
7,0.8260820482014494,-0.06007700757835288
7,0.8288989613055349,-0.06162228735731235
7,0.8317158744096205,-0.06316957100371608
7,0.8345327875137059,-0.06471858526048616
7,0.8373497006177916,-0.06626904979398195
7,0.840166613721877,-0.06782067693930094
7,0.8429835268259626,-0.06937317143343734
7,0.845800439930048,-0.07092623013568485
7,0.8486173530341337,-0.07247954173444825
7,0.8514342661382192,-0.07403278643965282
7,0.8542511792423048,-0.0755856356598692
7,0.8570680923463901,-0.07713775166319342
7,0.8598850054504759,-0.07868878722086482
7,0.8627019185545612,-0.0802383852324887
7,0.8655188316586468,-0.08178617833170732
7,0.8683357447627325,-0.08333178847099751
7,0.871152657866818,-0.08487482648423535
7,0.8739695709709034,-0.08641489162549836
7,0.876786484074989,-0.08795157108249539
7,0.8796033971790745,-0.0894844394628636
7,0.8824203102831601,-0.09101305825139021
7,0.8852372233872456,-0.09253697523615095
7,0.8880541364913311,-0.09405572390123526
7,0.8908710495954167,-0.09556882278363354
7,0.8936879626995022,-0.09707577479164457
7,0.8965048758035877,-0.09857606648182839
7,0.8993217889076733,-0.1000691672913537
7,0.9021387020117588,-0.10155452872225433
7,0.9049556151158443,-0.10303158347374289
7,0.9077725282199299,-0.10449974451844732
7,0.9105894413240154,-0.10595840411792883
7,0.913406354428101,-0.1074069327724284
7,0.9162232675321866,-0.10884467809927813
7,0.919040180636272,-0.11027096363383103
7,0.9218570937403577,-0.1116850875460771
7,0.9246740068444431,-0.11308632126546732
7,0.9274909199485287,-0.11447390800554379
7,0.9303078330526142,-0.11584706117914684
7,0.9331247461566998,-0.11720496269382567
7,0.9359416592607852,-0.11854676111595733
7,0.9387585723648709,-0.11987156969071858
7,0.9415754854689563,-0.12117846420342152
7,0.944392398573042,-0.12246648066610073
7,0.9472093116771274,-0.12373461281107012
7,0.950026224781213,-0.12498180937097714
7,0.9528431378852985,-0.126206971122041
7,0.9556600509893841,-0.12740894766427754
7,0.9584769640934695,-0.12858653390868063
7,0.9612938771975552,-0.12973846623734483
7,0.9641107903016406,-0.13086341829755738
7,0.9669277034057262,-0.13195999638518757
7,0.9697446165098117,-0.13302673436599535
7,0.9725615296138973,-0.13406208807561898
7,0.9753784427179829,-0.13506442912956326
7,0.9781953558220684,-0.13603203806341047
7,0.9810122689261539,-0.1369630967101838
7,0.9838291820302395,-0.13785567970577742
7,0.986646095134325,-0.1387077449941357
7,0.9894630082384105,-0.13951712318049578
7,0.9922799213424961,-0.14028150555253252
7,0.9950968344465816,-0.14099843055436842
7,0.9979137475506672,-0.14166526845526947
7,1.0007306606547528,-0.14227920390149318
7,1.0035475737588382,-0.14283721597280596
7,1.0063644868629238,-0.143336055280936
7,1.0091813999670092,-0.1437722175404483
7,1.011998313071095,-0.1441419129053598
7,1.0148152261751802,-0.1444410301880617
7,1.017632139279266,-0.14466509484604181
7,1.0204490523833514,-0.14480921931736776
7,1.023265965487437,-0.1448680438795064
7,1.0260828785915224,-0.1448356656569355
7,1.028899791695608,-0.14470555265117646
7,1.0317167047996936,-0.14447043862139552
7,1.0345336179037792,-0.14412219316616046
7,1.0373505310078648,-0.14365165923021828
7,1.0401674441119502,-0.14304844713606432
7,1.0429843572160358,-0.14230066954499418
7,1.0458012703201214,-0.1413945945135165
7,1.0486181834242068,-0.14031418231771603
7,1.0514350965282924,-0.13904045284826777
7,1.0542520096323778,-0.13755059816374243
7,1.0570689227364636,-0.13581669720724904
7,1.059885835840549,-0.1338037809509002
7,1.0627027489446343,-0.13146677663384468
7,1.06551966204872,-0.12874537741088626
7,1.0683365751528056,-0.1255547022828049
7,1.0711534882568912,-0.12176625429602385
7,1.0739704013609765,-0.11716181457981624
7,1.0767873144650622,-0.11128182589556047
7,1.0796042275691478,-0.10196400199032578
